ISO-10303-21;
HEADER;
/* Generated by software containing ST-Developer
 * from STEP Tools, Inc. (www.steptools.com) 
 */

FILE_DESCRIPTION(
/* description */ (''),
/* implementation_level */ '2;1');

FILE_NAME(
/* name */ 'enclosure.step',
/* time_stamp */ '2026-08-30T17:31:48-06:00',
/* author */ (''),
/* organization */ (''),
/* preprocessor_version */ 'ST-DEVELOPER v20.1',
/* originating_system */ 'Autodesk Translation Framework v15.8.0.0',
/* authorisation */ '');

FILE_SCHEMA (('AUTOMOTIVE_DESIGN { 1 0 10303 214 3 1 1 }'));
ENDSEC;

DATA;
#10=MECHANICAL_DESIGN_GEOMETRIC_PRESENTATION_REPRESENTATION('',(#17),#4361);
#11=ITEM_DEFINED_TRANSFORMATION($,$,#2541,#2851);
#12=(
REPRESENTATION_RELATIONSHIP($,$,#4372,#4371)
REPRESENTATION_RELATIONSHIP_WITH_TRANSFORMATION(#11)
SHAPE_REPRESENTATION_RELATIONSHIP()
);
#13=CONTEXT_DEPENDENT_SHAPE_REPRESENTATION(#12,#4370);
#14=NEXT_ASSEMBLY_USAGE_OCCURRENCE('enclosure:1','enclosure:1',
'enclosure:1',#4374,#4375,'enclosure:1');
#15=SHAPE_REPRESENTATION_RELATIONSHIP('SRR','None',#4372,#16);
#16=ADVANCED_BREP_SHAPE_REPRESENTATION('',(#18),#4360);
#17=STYLED_ITEM('',(#4385),#18);
#18=MANIFOLD_SOLID_BREP('Body1',#2527);
#19=CYLINDRICAL_SURFACE('',#2554,2.55);
#20=CYLINDRICAL_SURFACE('',#2598,3.99999999999999);
#21=CYLINDRICAL_SURFACE('',#2600,3.99999999999999);
#22=CYLINDRICAL_SURFACE('',#2602,3.99999999999999);
#23=CYLINDRICAL_SURFACE('',#2608,4.);
#24=CYLINDRICAL_SURFACE('',#2610,1.3);
#25=CYLINDRICAL_SURFACE('',#2615,1.3);
#26=CYLINDRICAL_SURFACE('',#2618,4.);
#27=CYLINDRICAL_SURFACE('',#2622,1.29999999999999);
#28=CYLINDRICAL_SURFACE('',#2627,4.);
#29=CYLINDRICAL_SURFACE('',#2629,1.29999999999999);
#30=CYLINDRICAL_SURFACE('',#2634,8.);
#31=CYLINDRICAL_SURFACE('',#2636,1.9);
#32=CYLINDRICAL_SURFACE('',#2638,1.9);
#33=CYLINDRICAL_SURFACE('',#2641,8.);
#34=CYLINDRICAL_SURFACE('',#2645,3.99999999999999);
#35=CYLINDRICAL_SURFACE('',#2647,1.3);
#36=CYLINDRICAL_SURFACE('',#2650,4.);
#37=CYLINDRICAL_SURFACE('',#2654,1.3);
#38=CYLINDRICAL_SURFACE('',#2657,1.30000000000001);
#39=CYLINDRICAL_SURFACE('',#2662,1.3);
#40=CYLINDRICAL_SURFACE('',#2664,4.);
#41=CYLINDRICAL_SURFACE('',#2677,2.5);
#42=CYLINDRICAL_SURFACE('',#2679,2.5);
#43=CYLINDRICAL_SURFACE('',#2685,2.5);
#44=CYLINDRICAL_SURFACE('',#2686,2.5);
#45=CYLINDRICAL_SURFACE('',#2698,2.5);
#46=CYLINDRICAL_SURFACE('',#2700,2.5);
#47=CYLINDRICAL_SURFACE('',#2706,2.5);
#48=CYLINDRICAL_SURFACE('',#2707,2.5);
#49=CYLINDRICAL_SURFACE('',#2709,1.30000000000001);
#50=CYLINDRICAL_SURFACE('',#2712,3.99999999999999);
#51=CYLINDRICAL_SURFACE('',#2716,1.29999999999999);
#52=CYLINDRICAL_SURFACE('',#2719,3.99999999999999);
#53=CYLINDRICAL_SURFACE('',#2723,1.29999999999999);
#54=CYLINDRICAL_SURFACE('',#2726,3.99999999999999);
#55=CYLINDRICAL_SURFACE('',#2730,1.3);
#56=CYLINDRICAL_SURFACE('',#2733,3.99999999999999);
#57=CYLINDRICAL_SURFACE('',#2737,1.29999999999999);
#58=CYLINDRICAL_SURFACE('',#2740,3.99999999999999);
#59=CYLINDRICAL_SURFACE('',#2744,1.29999999999999);
#60=CYLINDRICAL_SURFACE('',#2747,3.99999999999999);
#61=CYLINDRICAL_SURFACE('',#2751,1.29999999999999);
#62=CYLINDRICAL_SURFACE('',#2754,3.99999999999999);
#63=CYLINDRICAL_SURFACE('',#2758,1.29999999999999);
#64=CYLINDRICAL_SURFACE('',#2761,3.99999999999999);
#65=CYLINDRICAL_SURFACE('',#2765,1.29999999999999);
#66=CYLINDRICAL_SURFACE('',#2768,3.99999999999999);
#67=CYLINDRICAL_SURFACE('',#2772,1.29999999999999);
#68=CYLINDRICAL_SURFACE('',#2775,4.);
#69=CYLINDRICAL_SURFACE('',#2779,1.29999999999999);
#70=CYLINDRICAL_SURFACE('',#2782,4.);
#71=CYLINDRICAL_SURFACE('',#2786,1.29999999999999);
#72=CYLINDRICAL_SURFACE('',#2789,3.99999999999999);
#73=CYLINDRICAL_SURFACE('',#2793,1.3);
#74=CYLINDRICAL_SURFACE('',#2796,3.99999999999999);
#75=CYLINDRICAL_SURFACE('',#2800,1.29999999999999);
#76=CYLINDRICAL_SURFACE('',#2803,4.);
#77=CYLINDRICAL_SURFACE('',#2807,1.29999999999999);
#78=CYLINDRICAL_SURFACE('',#2810,4.);
#79=CYLINDRICAL_SURFACE('',#2814,1.29999999999999);
#80=CYLINDRICAL_SURFACE('',#2817,3.99999999999999);
#81=CYLINDRICAL_SURFACE('',#2820,1.30000000000001);
#82=CYLINDRICAL_SURFACE('',#2825,3.99999999999999);
#83=CYLINDRICAL_SURFACE('',#2827,1.5);
#84=CYLINDRICAL_SURFACE('',#2832,1.29999999999999);
#85=CYLINDRICAL_SURFACE('',#2835,4.00000000000002);
#86=CYLINDRICAL_SURFACE('',#2839,1.29999999999999);
#87=CYLINDRICAL_SURFACE('',#2842,4.00000000000001);
#88=CYLINDRICAL_SURFACE('',#2850,2.55);
#89=CIRCLE('',#2545,2.55);
#90=CIRCLE('',#2546,2.55);
#91=CIRCLE('',#2549,2.55);
#92=CIRCLE('',#2550,2.55);
#93=CIRCLE('',#2563,3.99999999999999);
#94=CIRCLE('',#2564,4.);
#95=CIRCLE('',#2565,4.);
#96=CIRCLE('',#2566,4.);
#97=CIRCLE('',#2567,8.);
#98=CIRCLE('',#2568,8.);
#99=CIRCLE('',#2569,4.);
#100=CIRCLE('',#2570,3.99999999999999);
#101=CIRCLE('',#2571,3.99999999999999);
#102=CIRCLE('',#2572,3.99999999999999);
#103=CIRCLE('',#2573,3.99999999999999);
#104=CIRCLE('',#2574,3.99999999999999);
#105=CIRCLE('',#2575,4.);
#106=CIRCLE('',#2576,3.99999999999999);
#107=CIRCLE('',#2577,4.);
#108=CIRCLE('',#2578,3.99999999999999);
#109=CIRCLE('',#2579,4.00000000000001);
#110=CIRCLE('',#2580,4.00000000000002);
#111=CIRCLE('',#2581,4.);
#112=CIRCLE('',#2582,3.99999999999999);
#113=CIRCLE('',#2583,4.);
#114=CIRCLE('',#2584,3.99999999999999);
#115=CIRCLE('',#2585,3.99999999999999);
#116=CIRCLE('',#2586,3.99999999999999);
#117=CIRCLE('',#2587,3.99999999999999);
#118=CIRCLE('',#2588,3.99999999999999);
#119=CIRCLE('',#2589,4.);
#120=CIRCLE('',#2590,3.99999999999999);
#121=CIRCLE('',#2591,3.99999999999999);
#122=CIRCLE('',#2592,3.99999999999999);
#123=CIRCLE('',#2595,1.3);
#124=CIRCLE('',#2597,1.3);
#125=CIRCLE('',#2599,3.99999999999999);
#126=CIRCLE('',#2601,3.99999999999999);
#127=CIRCLE('',#2603,3.99999999999999);
#128=CIRCLE('',#2605,1.9);
#129=CIRCLE('',#2607,1.9);
#130=CIRCLE('',#2609,4.);
#131=CIRCLE('',#2611,1.3);
#132=CIRCLE('',#2612,1.3);
#133=CIRCLE('',#2616,1.3);
#134=CIRCLE('',#2617,1.3);
#135=CIRCLE('',#2619,4.);
#136=CIRCLE('',#2623,1.29999999999999);
#137=CIRCLE('',#2624,1.29999999999999);
#138=CIRCLE('',#2628,4.);
#139=CIRCLE('',#2630,1.29999999999999);
#140=CIRCLE('',#2631,1.29999999999999);
#141=CIRCLE('',#2635,8.);
#142=CIRCLE('',#2637,1.9);
#143=CIRCLE('',#2639,1.9);
#144=CIRCLE('',#2642,8.);
#145=CIRCLE('',#2646,3.99999999999999);
#146=CIRCLE('',#2648,1.3);
#147=CIRCLE('',#2649,1.3);
#148=CIRCLE('',#2651,4.);
#149=CIRCLE('',#2655,1.3);
#150=CIRCLE('',#2658,1.30000000000001);
#151=CIRCLE('',#2659,1.30000000000001);
#152=CIRCLE('',#2663,1.3);
#153=CIRCLE('',#2665,4.);
#154=CIRCLE('',#2668,2.5);
#155=CIRCLE('',#2669,2.5);
#156=CIRCLE('',#2670,2.5);
#157=CIRCLE('',#2671,2.5);
#158=CIRCLE('',#2678,2.5);
#159=CIRCLE('',#2680,2.5);
#160=CIRCLE('',#2683,2.5);
#161=CIRCLE('',#2684,2.5);
#162=CIRCLE('',#2689,2.5);
#163=CIRCLE('',#2690,2.5);
#164=CIRCLE('',#2691,2.5);
#165=CIRCLE('',#2692,2.5);
#166=CIRCLE('',#2699,2.5);
#167=CIRCLE('',#2701,2.5);
#168=CIRCLE('',#2704,2.5);
#169=CIRCLE('',#2705,2.5);
#170=CIRCLE('',#2710,1.30000000000001);
#171=CIRCLE('',#2711,1.30000000000001);
#172=CIRCLE('',#2713,3.99999999999999);
#173=CIRCLE('',#2717,1.29999999999999);
#174=CIRCLE('',#2718,1.29999999999999);
#175=CIRCLE('',#2720,3.99999999999999);
#176=CIRCLE('',#2724,1.29999999999999);
#177=CIRCLE('',#2725,1.29999999999999);
#178=CIRCLE('',#2727,3.99999999999999);
#179=CIRCLE('',#2731,1.3);
#180=CIRCLE('',#2732,1.3);
#181=CIRCLE('',#2734,3.99999999999999);
#182=CIRCLE('',#2738,1.29999999999999);
#183=CIRCLE('',#2739,1.29999999999999);
#184=CIRCLE('',#2741,3.99999999999999);
#185=CIRCLE('',#2745,1.29999999999999);
#186=CIRCLE('',#2746,1.29999999999999);
#187=CIRCLE('',#2748,3.99999999999999);
#188=CIRCLE('',#2752,1.29999999999999);
#189=CIRCLE('',#2753,1.29999999999999);
#190=CIRCLE('',#2755,3.99999999999999);
#191=CIRCLE('',#2759,1.29999999999999);
#192=CIRCLE('',#2760,1.29999999999999);
#193=CIRCLE('',#2762,3.99999999999999);
#194=CIRCLE('',#2766,1.29999999999999);
#195=CIRCLE('',#2767,1.29999999999999);
#196=CIRCLE('',#2769,3.99999999999999);
#197=CIRCLE('',#2773,1.29999999999999);
#198=CIRCLE('',#2774,1.29999999999999);
#199=CIRCLE('',#2776,4.);
#200=CIRCLE('',#2780,1.29999999999999);
#201=CIRCLE('',#2781,1.29999999999999);
#202=CIRCLE('',#2783,4.);
#203=CIRCLE('',#2787,1.29999999999999);
#204=CIRCLE('',#2788,1.29999999999999);
#205=CIRCLE('',#2790,3.99999999999999);
#206=CIRCLE('',#2794,1.3);
#207=CIRCLE('',#2795,1.3);
#208=CIRCLE('',#2797,3.99999999999999);
#209=CIRCLE('',#2801,1.29999999999999);
#210=CIRCLE('',#2802,1.29999999999999);
#211=CIRCLE('',#2804,4.);
#212=CIRCLE('',#2808,1.29999999999999);
#213=CIRCLE('',#2809,1.29999999999999);
#214=CIRCLE('',#2811,4.);
#215=CIRCLE('',#2815,1.29999999999999);
#216=CIRCLE('',#2816,1.29999999999999);
#217=CIRCLE('',#2818,3.99999999999999);
#218=CIRCLE('',#2821,1.30000000000001);
#219=CIRCLE('',#2822,1.30000000000001);
#220=CIRCLE('',#2826,3.99999999999999);
#221=CIRCLE('',#2828,1.5);
#222=CIRCLE('',#2829,1.5);
#223=CIRCLE('',#2833,1.29999999999999);
#224=CIRCLE('',#2834,1.29999999999999);
#225=CIRCLE('',#2836,4.00000000000002);
#226=CIRCLE('',#2840,1.29999999999999);
#227=CIRCLE('',#2841,1.29999999999999);
#228=CIRCLE('',#2843,4.00000000000001);
#229=FACE_BOUND('',#486,.T.);
#230=FACE_BOUND('',#487,.T.);
#231=FACE_BOUND('',#490,.T.);
#232=FACE_BOUND('',#491,.T.);
#233=FACE_BOUND('',#504,.T.);
#234=FACE_BOUND('',#505,.T.);
#235=FACE_BOUND('',#506,.T.);
#236=FACE_BOUND('',#507,.T.);
#237=FACE_BOUND('',#508,.T.);
#238=FACE_BOUND('',#509,.T.);
#239=FACE_BOUND('',#510,.T.);
#240=FACE_BOUND('',#511,.T.);
#241=FACE_BOUND('',#512,.T.);
#242=FACE_BOUND('',#513,.T.);
#243=FACE_BOUND('',#514,.T.);
#244=FACE_BOUND('',#515,.T.);
#245=FACE_BOUND('',#516,.T.);
#246=FACE_BOUND('',#517,.T.);
#247=FACE_BOUND('',#518,.T.);
#248=FACE_BOUND('',#519,.T.);
#249=FACE_BOUND('',#520,.T.);
#250=FACE_BOUND('',#521,.T.);
#251=FACE_BOUND('',#522,.T.);
#252=FACE_BOUND('',#523,.T.);
#253=FACE_BOUND('',#524,.T.);
#254=FACE_BOUND('',#525,.T.);
#255=FACE_BOUND('',#526,.T.);
#256=FACE_BOUND('',#527,.T.);
#257=FACE_BOUND('',#528,.T.);
#258=FACE_BOUND('',#529,.T.);
#259=FACE_BOUND('',#530,.T.);
#260=FACE_BOUND('',#531,.T.);
#261=FACE_BOUND('',#532,.T.);
#262=FACE_BOUND('',#533,.T.);
#263=FACE_BOUND('',#534,.T.);
#264=FACE_BOUND('',#546,.T.);
#265=FACE_BOUND('',#551,.T.);
#266=FACE_BOUND('',#555,.T.);
#267=FACE_BOUND('',#560,.T.);
#268=FACE_BOUND('',#569,.T.);
#269=FACE_BOUND('',#570,.T.);
#270=FACE_BOUND('',#575,.T.);
#271=FACE_BOUND('',#579,.T.);
#272=FACE_BOUND('',#582,.T.);
#273=FACE_BOUND('',#587,.T.);
#274=FACE_BOUND('',#589,.T.);
#275=FACE_BOUND('',#590,.T.);
#276=FACE_BOUND('',#591,.T.);
#277=FACE_BOUND('',#592,.T.);
#278=FACE_BOUND('',#593,.T.);
#279=FACE_BOUND('',#603,.T.);
#280=FACE_BOUND('',#604,.T.);
#281=FACE_BOUND('',#605,.T.);
#282=FACE_BOUND('',#606,.T.);
#283=FACE_BOUND('',#607,.T.);
#284=FACE_BOUND('',#612,.T.);
#285=FACE_BOUND('',#613,.T.);
#286=FACE_BOUND('',#614,.T.);
#287=FACE_BOUND('',#615,.T.);
#288=FACE_BOUND('',#616,.T.);
#289=FACE_BOUND('',#626,.T.);
#290=FACE_BOUND('',#627,.T.);
#291=FACE_BOUND('',#628,.T.);
#292=FACE_BOUND('',#629,.T.);
#293=FACE_BOUND('',#630,.T.);
#294=FACE_BOUND('',#637,.T.);
#295=FACE_BOUND('',#642,.T.);
#296=FACE_BOUND('',#647,.T.);
#297=FACE_BOUND('',#652,.T.);
#298=FACE_BOUND('',#657,.T.);
#299=FACE_BOUND('',#662,.T.);
#300=FACE_BOUND('',#667,.T.);
#301=FACE_BOUND('',#672,.T.);
#302=FACE_BOUND('',#677,.T.);
#303=FACE_BOUND('',#682,.T.);
#304=FACE_BOUND('',#687,.T.);
#305=FACE_BOUND('',#692,.T.);
#306=FACE_BOUND('',#697,.T.);
#307=FACE_BOUND('',#702,.T.);
#308=FACE_BOUND('',#707,.T.);
#309=FACE_BOUND('',#712,.T.);
#310=FACE_BOUND('',#715,.T.);
#311=FACE_BOUND('',#720,.T.);
#312=FACE_BOUND('',#725,.T.);
#313=FACE_BOUND('',#730,.T.);
#314=FACE_OUTER_BOUND('',#483,.T.);
#315=FACE_OUTER_BOUND('',#484,.T.);
#316=FACE_OUTER_BOUND('',#485,.T.);
#317=FACE_OUTER_BOUND('',#488,.T.);
#318=FACE_OUTER_BOUND('',#489,.T.);
#319=FACE_OUTER_BOUND('',#492,.T.);
#320=FACE_OUTER_BOUND('',#493,.T.);
#321=FACE_OUTER_BOUND('',#494,.T.);
#322=FACE_OUTER_BOUND('',#495,.T.);
#323=FACE_OUTER_BOUND('',#496,.T.);
#324=FACE_OUTER_BOUND('',#497,.T.);
#325=FACE_OUTER_BOUND('',#498,.T.);
#326=FACE_OUTER_BOUND('',#499,.T.);
#327=FACE_OUTER_BOUND('',#500,.T.);
#328=FACE_OUTER_BOUND('',#501,.T.);
#329=FACE_OUTER_BOUND('',#502,.T.);
#330=FACE_OUTER_BOUND('',#503,.T.);
#331=FACE_OUTER_BOUND('',#535,.T.);
#332=FACE_OUTER_BOUND('',#536,.T.);
#333=FACE_OUTER_BOUND('',#537,.T.);
#334=FACE_OUTER_BOUND('',#538,.T.);
#335=FACE_OUTER_BOUND('',#539,.T.);
#336=FACE_OUTER_BOUND('',#540,.T.);
#337=FACE_OUTER_BOUND('',#541,.T.);
#338=FACE_OUTER_BOUND('',#542,.T.);
#339=FACE_OUTER_BOUND('',#543,.T.);
#340=FACE_OUTER_BOUND('',#544,.T.);
#341=FACE_OUTER_BOUND('',#545,.T.);
#342=FACE_OUTER_BOUND('',#547,.T.);
#343=FACE_OUTER_BOUND('',#548,.T.);
#344=FACE_OUTER_BOUND('',#549,.T.);
#345=FACE_OUTER_BOUND('',#550,.T.);
#346=FACE_OUTER_BOUND('',#552,.T.);
#347=FACE_OUTER_BOUND('',#553,.T.);
#348=FACE_OUTER_BOUND('',#554,.T.);
#349=FACE_OUTER_BOUND('',#556,.T.);
#350=FACE_OUTER_BOUND('',#557,.T.);
#351=FACE_OUTER_BOUND('',#558,.T.);
#352=FACE_OUTER_BOUND('',#559,.T.);
#353=FACE_OUTER_BOUND('',#561,.T.);
#354=FACE_OUTER_BOUND('',#562,.T.);
#355=FACE_OUTER_BOUND('',#563,.T.);
#356=FACE_OUTER_BOUND('',#564,.T.);
#357=FACE_OUTER_BOUND('',#565,.T.);
#358=FACE_OUTER_BOUND('',#566,.T.);
#359=FACE_OUTER_BOUND('',#567,.T.);
#360=FACE_OUTER_BOUND('',#568,.T.);
#361=FACE_OUTER_BOUND('',#571,.T.);
#362=FACE_OUTER_BOUND('',#572,.T.);
#363=FACE_OUTER_BOUND('',#573,.T.);
#364=FACE_OUTER_BOUND('',#574,.T.);
#365=FACE_OUTER_BOUND('',#576,.T.);
#366=FACE_OUTER_BOUND('',#577,.T.);
#367=FACE_OUTER_BOUND('',#578,.T.);
#368=FACE_OUTER_BOUND('',#580,.T.);
#369=FACE_OUTER_BOUND('',#581,.T.);
#370=FACE_OUTER_BOUND('',#583,.T.);
#371=FACE_OUTER_BOUND('',#584,.T.);
#372=FACE_OUTER_BOUND('',#585,.T.);
#373=FACE_OUTER_BOUND('',#586,.T.);
#374=FACE_OUTER_BOUND('',#588,.T.);
#375=FACE_OUTER_BOUND('',#594,.T.);
#376=FACE_OUTER_BOUND('',#595,.T.);
#377=FACE_OUTER_BOUND('',#596,.T.);
#378=FACE_OUTER_BOUND('',#597,.T.);
#379=FACE_OUTER_BOUND('',#598,.T.);
#380=FACE_OUTER_BOUND('',#599,.T.);
#381=FACE_OUTER_BOUND('',#600,.T.);
#382=FACE_OUTER_BOUND('',#601,.T.);
#383=FACE_OUTER_BOUND('',#602,.T.);
#384=FACE_OUTER_BOUND('',#608,.T.);
#385=FACE_OUTER_BOUND('',#609,.T.);
#386=FACE_OUTER_BOUND('',#610,.T.);
#387=FACE_OUTER_BOUND('',#611,.T.);
#388=FACE_OUTER_BOUND('',#617,.T.);
#389=FACE_OUTER_BOUND('',#618,.T.);
#390=FACE_OUTER_BOUND('',#619,.T.);
#391=FACE_OUTER_BOUND('',#620,.T.);
#392=FACE_OUTER_BOUND('',#621,.T.);
#393=FACE_OUTER_BOUND('',#622,.T.);
#394=FACE_OUTER_BOUND('',#623,.T.);
#395=FACE_OUTER_BOUND('',#624,.T.);
#396=FACE_OUTER_BOUND('',#625,.T.);
#397=FACE_OUTER_BOUND('',#631,.T.);
#398=FACE_OUTER_BOUND('',#632,.T.);
#399=FACE_OUTER_BOUND('',#633,.T.);
#400=FACE_OUTER_BOUND('',#634,.T.);
#401=FACE_OUTER_BOUND('',#635,.T.);
#402=FACE_OUTER_BOUND('',#636,.T.);
#403=FACE_OUTER_BOUND('',#638,.T.);
#404=FACE_OUTER_BOUND('',#639,.T.);
#405=FACE_OUTER_BOUND('',#640,.T.);
#406=FACE_OUTER_BOUND('',#641,.T.);
#407=FACE_OUTER_BOUND('',#643,.T.);
#408=FACE_OUTER_BOUND('',#644,.T.);
#409=FACE_OUTER_BOUND('',#645,.T.);
#410=FACE_OUTER_BOUND('',#646,.T.);
#411=FACE_OUTER_BOUND('',#648,.T.);
#412=FACE_OUTER_BOUND('',#649,.T.);
#413=FACE_OUTER_BOUND('',#650,.T.);
#414=FACE_OUTER_BOUND('',#651,.T.);
#415=FACE_OUTER_BOUND('',#653,.T.);
#416=FACE_OUTER_BOUND('',#654,.T.);
#417=FACE_OUTER_BOUND('',#655,.T.);
#418=FACE_OUTER_BOUND('',#656,.T.);
#419=FACE_OUTER_BOUND('',#658,.T.);
#420=FACE_OUTER_BOUND('',#659,.T.);
#421=FACE_OUTER_BOUND('',#660,.T.);
#422=FACE_OUTER_BOUND('',#661,.T.);
#423=FACE_OUTER_BOUND('',#663,.T.);
#424=FACE_OUTER_BOUND('',#664,.T.);
#425=FACE_OUTER_BOUND('',#665,.T.);
#426=FACE_OUTER_BOUND('',#666,.T.);
#427=FACE_OUTER_BOUND('',#668,.T.);
#428=FACE_OUTER_BOUND('',#669,.T.);
#429=FACE_OUTER_BOUND('',#670,.T.);
#430=FACE_OUTER_BOUND('',#671,.T.);
#431=FACE_OUTER_BOUND('',#673,.T.);
#432=FACE_OUTER_BOUND('',#674,.T.);
#433=FACE_OUTER_BOUND('',#675,.T.);
#434=FACE_OUTER_BOUND('',#676,.T.);
#435=FACE_OUTER_BOUND('',#678,.T.);
#436=FACE_OUTER_BOUND('',#679,.T.);
#437=FACE_OUTER_BOUND('',#680,.T.);
#438=FACE_OUTER_BOUND('',#681,.T.);
#439=FACE_OUTER_BOUND('',#683,.T.);
#440=FACE_OUTER_BOUND('',#684,.T.);
#441=FACE_OUTER_BOUND('',#685,.T.);
#442=FACE_OUTER_BOUND('',#686,.T.);
#443=FACE_OUTER_BOUND('',#688,.T.);
#444=FACE_OUTER_BOUND('',#689,.T.);
#445=FACE_OUTER_BOUND('',#690,.T.);
#446=FACE_OUTER_BOUND('',#691,.T.);
#447=FACE_OUTER_BOUND('',#693,.T.);
#448=FACE_OUTER_BOUND('',#694,.T.);
#449=FACE_OUTER_BOUND('',#695,.T.);
#450=FACE_OUTER_BOUND('',#696,.T.);
#451=FACE_OUTER_BOUND('',#698,.T.);
#452=FACE_OUTER_BOUND('',#699,.T.);
#453=FACE_OUTER_BOUND('',#700,.T.);
#454=FACE_OUTER_BOUND('',#701,.T.);
#455=FACE_OUTER_BOUND('',#703,.T.);
#456=FACE_OUTER_BOUND('',#704,.T.);
#457=FACE_OUTER_BOUND('',#705,.T.);
#458=FACE_OUTER_BOUND('',#706,.T.);
#459=FACE_OUTER_BOUND('',#708,.T.);
#460=FACE_OUTER_BOUND('',#709,.T.);
#461=FACE_OUTER_BOUND('',#710,.T.);
#462=FACE_OUTER_BOUND('',#711,.T.);
#463=FACE_OUTER_BOUND('',#713,.T.);
#464=FACE_OUTER_BOUND('',#714,.T.);
#465=FACE_OUTER_BOUND('',#716,.T.);
#466=FACE_OUTER_BOUND('',#717,.T.);
#467=FACE_OUTER_BOUND('',#718,.T.);
#468=FACE_OUTER_BOUND('',#719,.T.);
#469=FACE_OUTER_BOUND('',#721,.T.);
#470=FACE_OUTER_BOUND('',#722,.T.);
#471=FACE_OUTER_BOUND('',#723,.T.);
#472=FACE_OUTER_BOUND('',#724,.T.);
#473=FACE_OUTER_BOUND('',#726,.T.);
#474=FACE_OUTER_BOUND('',#727,.T.);
#475=FACE_OUTER_BOUND('',#728,.T.);
#476=FACE_OUTER_BOUND('',#729,.T.);
#477=FACE_OUTER_BOUND('',#731,.T.);
#478=FACE_OUTER_BOUND('',#732,.T.);
#479=FACE_OUTER_BOUND('',#733,.T.);
#480=FACE_OUTER_BOUND('',#734,.T.);
#481=FACE_OUTER_BOUND('',#735,.T.);
#482=FACE_OUTER_BOUND('',#736,.T.);
#483=EDGE_LOOP('',(#1623,#1624,#1625,#1626));
#484=EDGE_LOOP('',(#1627,#1628,#1629,#1630));
#485=EDGE_LOOP('',(#1631,#1632,#1633,#1634));
#486=EDGE_LOOP('',(#1635,#1636,#1637,#1638));
#487=EDGE_LOOP('',(#1639,#1640,#1641,#1642));
#488=EDGE_LOOP('',(#1643,#1644,#1645,#1646,#1647,#1648,#1649,#1650));
#489=EDGE_LOOP('',(#1651,#1652,#1653,#1654));
#490=EDGE_LOOP('',(#1655,#1656,#1657,#1658));
#491=EDGE_LOOP('',(#1659,#1660,#1661,#1662));
#492=EDGE_LOOP('',(#1663,#1664,#1665,#1666));
#493=EDGE_LOOP('',(#1667,#1668,#1669,#1670));
#494=EDGE_LOOP('',(#1671,#1672,#1673,#1674));
#495=EDGE_LOOP('',(#1675,#1676,#1677,#1678));
#496=EDGE_LOOP('',(#1679,#1680,#1681,#1682,#1683,#1684,#1685,#1686,#1687,
#1688,#1689,#1690));
#497=EDGE_LOOP('',(#1691,#1692,#1693,#1694,#1695,#1696,#1697,#1698));
#498=EDGE_LOOP('',(#1699,#1700,#1701,#1702));
#499=EDGE_LOOP('',(#1703,#1704,#1705,#1706));
#500=EDGE_LOOP('',(#1707,#1708,#1709,#1710));
#501=EDGE_LOOP('',(#1711,#1712,#1713,#1714));
#502=EDGE_LOOP('',(#1715,#1716,#1717,#1718));
#503=EDGE_LOOP('',(#1719,#1720,#1721,#1722));
#504=EDGE_LOOP('',(#1723));
#505=EDGE_LOOP('',(#1724));
#506=EDGE_LOOP('',(#1725));
#507=EDGE_LOOP('',(#1726));
#508=EDGE_LOOP('',(#1727,#1728,#1729,#1730));
#509=EDGE_LOOP('',(#1731));
#510=EDGE_LOOP('',(#1732));
#511=EDGE_LOOP('',(#1733,#1734,#1735,#1736));
#512=EDGE_LOOP('',(#1737));
#513=EDGE_LOOP('',(#1738));
#514=EDGE_LOOP('',(#1739));
#515=EDGE_LOOP('',(#1740));
#516=EDGE_LOOP('',(#1741));
#517=EDGE_LOOP('',(#1742));
#518=EDGE_LOOP('',(#1743));
#519=EDGE_LOOP('',(#1744));
#520=EDGE_LOOP('',(#1745));
#521=EDGE_LOOP('',(#1746));
#522=EDGE_LOOP('',(#1747));
#523=EDGE_LOOP('',(#1748));
#524=EDGE_LOOP('',(#1749));
#525=EDGE_LOOP('',(#1750));
#526=EDGE_LOOP('',(#1751));
#527=EDGE_LOOP('',(#1752));
#528=EDGE_LOOP('',(#1753));
#529=EDGE_LOOP('',(#1754));
#530=EDGE_LOOP('',(#1755,#1756,#1757,#1758));
#531=EDGE_LOOP('',(#1759));
#532=EDGE_LOOP('',(#1760));
#533=EDGE_LOOP('',(#1761));
#534=EDGE_LOOP('',(#1762));
#535=EDGE_LOOP('',(#1763,#1764,#1765,#1766));
#536=EDGE_LOOP('',(#1767));
#537=EDGE_LOOP('',(#1768));
#538=EDGE_LOOP('',(#1769,#1770,#1771,#1772));
#539=EDGE_LOOP('',(#1773,#1774,#1775,#1776));
#540=EDGE_LOOP('',(#1777,#1778,#1779,#1780));
#541=EDGE_LOOP('',(#1781));
#542=EDGE_LOOP('',(#1782));
#543=EDGE_LOOP('',(#1783,#1784,#1785,#1786));
#544=EDGE_LOOP('',(#1787,#1788,#1789,#1790));
#545=EDGE_LOOP('',(#1791));
#546=EDGE_LOOP('',(#1792));
#547=EDGE_LOOP('',(#1793));
#548=EDGE_LOOP('',(#1794,#1795,#1796,#1797));
#549=EDGE_LOOP('',(#1798,#1799,#1800,#1801));
#550=EDGE_LOOP('',(#1802));
#551=EDGE_LOOP('',(#1803));
#552=EDGE_LOOP('',(#1804));
#553=EDGE_LOOP('',(#1805,#1806,#1807,#1808));
#554=EDGE_LOOP('',(#1809));
#555=EDGE_LOOP('',(#1810));
#556=EDGE_LOOP('',(#1811));
#557=EDGE_LOOP('',(#1812,#1813,#1814,#1815));
#558=EDGE_LOOP('',(#1816,#1817,#1818,#1819));
#559=EDGE_LOOP('',(#1820));
#560=EDGE_LOOP('',(#1821));
#561=EDGE_LOOP('',(#1822));
#562=EDGE_LOOP('',(#1823,#1824,#1825,#1826));
#563=EDGE_LOOP('',(#1827,#1828,#1829,#1830));
#564=EDGE_LOOP('',(#1831,#1832,#1833,#1834));
#565=EDGE_LOOP('',(#1835,#1836,#1837,#1838));
#566=EDGE_LOOP('',(#1839,#1840,#1841,#1842));
#567=EDGE_LOOP('',(#1843,#1844,#1845,#1846));
#568=EDGE_LOOP('',(#1847,#1848,#1849,#1850));
#569=EDGE_LOOP('',(#1851));
#570=EDGE_LOOP('',(#1852));
#571=EDGE_LOOP('',(#1853,#1854,#1855,#1856));
#572=EDGE_LOOP('',(#1857,#1858,#1859,#1860));
#573=EDGE_LOOP('',(#1861,#1862,#1863,#1864));
#574=EDGE_LOOP('',(#1865));
#575=EDGE_LOOP('',(#1866));
#576=EDGE_LOOP('',(#1867));
#577=EDGE_LOOP('',(#1868,#1869,#1870,#1871));
#578=EDGE_LOOP('',(#1872));
#579=EDGE_LOOP('',(#1873));
#580=EDGE_LOOP('',(#1874,#1875,#1876,#1877));
#581=EDGE_LOOP('',(#1878));
#582=EDGE_LOOP('',(#1879));
#583=EDGE_LOOP('',(#1880));
#584=EDGE_LOOP('',(#1881,#1882,#1883,#1884));
#585=EDGE_LOOP('',(#1885,#1886,#1887,#1888));
#586=EDGE_LOOP('',(#1889));
#587=EDGE_LOOP('',(#1890));
#588=EDGE_LOOP('',(#1891,#1892,#1893,#1894));
#589=EDGE_LOOP('',(#1895,#1896,#1897,#1898));
#590=EDGE_LOOP('',(#1899));
#591=EDGE_LOOP('',(#1900));
#592=EDGE_LOOP('',(#1901));
#593=EDGE_LOOP('',(#1902));
#594=EDGE_LOOP('',(#1903,#1904,#1905,#1906));
#595=EDGE_LOOP('',(#1907,#1908,#1909,#1910));
#596=EDGE_LOOP('',(#1911,#1912,#1913,#1914));
#597=EDGE_LOOP('',(#1915,#1916,#1917,#1918));
#598=EDGE_LOOP('',(#1919,#1920,#1921,#1922));
#599=EDGE_LOOP('',(#1923,#1924,#1925,#1926));
#600=EDGE_LOOP('',(#1927,#1928,#1929,#1930));
#601=EDGE_LOOP('',(#1931,#1932,#1933,#1934));
#602=EDGE_LOOP('',(#1935,#1936,#1937,#1938));
#603=EDGE_LOOP('',(#1939));
#604=EDGE_LOOP('',(#1940));
#605=EDGE_LOOP('',(#1941));
#606=EDGE_LOOP('',(#1942));
#607=EDGE_LOOP('',(#1943,#1944,#1945,#1946));
#608=EDGE_LOOP('',(#1947,#1948,#1949,#1950));
#609=EDGE_LOOP('',(#1951,#1952,#1953,#1954));
#610=EDGE_LOOP('',(#1955,#1956,#1957,#1958));
#611=EDGE_LOOP('',(#1959,#1960,#1961,#1962));
#612=EDGE_LOOP('',(#1963,#1964,#1965,#1966));
#613=EDGE_LOOP('',(#1967));
#614=EDGE_LOOP('',(#1968));
#615=EDGE_LOOP('',(#1969));
#616=EDGE_LOOP('',(#1970));
#617=EDGE_LOOP('',(#1971,#1972,#1973,#1974));
#618=EDGE_LOOP('',(#1975,#1976,#1977,#1978));
#619=EDGE_LOOP('',(#1979,#1980,#1981,#1982));
#620=EDGE_LOOP('',(#1983,#1984,#1985,#1986));
#621=EDGE_LOOP('',(#1987,#1988,#1989,#1990));
#622=EDGE_LOOP('',(#1991,#1992,#1993,#1994));
#623=EDGE_LOOP('',(#1995,#1996,#1997,#1998));
#624=EDGE_LOOP('',(#1999,#2000,#2001,#2002));
#625=EDGE_LOOP('',(#2003,#2004,#2005,#2006));
#626=EDGE_LOOP('',(#2007));
#627=EDGE_LOOP('',(#2008));
#628=EDGE_LOOP('',(#2009));
#629=EDGE_LOOP('',(#2010));
#630=EDGE_LOOP('',(#2011,#2012,#2013,#2014));
#631=EDGE_LOOP('',(#2015,#2016,#2017,#2018));
#632=EDGE_LOOP('',(#2019,#2020,#2021,#2022));
#633=EDGE_LOOP('',(#2023,#2024,#2025,#2026));
#634=EDGE_LOOP('',(#2027,#2028,#2029,#2030));
#635=EDGE_LOOP('',(#2031,#2032,#2033,#2034));
#636=EDGE_LOOP('',(#2035));
#637=EDGE_LOOP('',(#2036));
#638=EDGE_LOOP('',(#2037));
#639=EDGE_LOOP('',(#2038,#2039,#2040,#2041));
#640=EDGE_LOOP('',(#2042,#2043,#2044,#2045));
#641=EDGE_LOOP('',(#2046));
#642=EDGE_LOOP('',(#2047));
#643=EDGE_LOOP('',(#2048));
#644=EDGE_LOOP('',(#2049,#2050,#2051,#2052));
#645=EDGE_LOOP('',(#2053,#2054,#2055,#2056));
#646=EDGE_LOOP('',(#2057));
#647=EDGE_LOOP('',(#2058));
#648=EDGE_LOOP('',(#2059));
#649=EDGE_LOOP('',(#2060,#2061,#2062,#2063));
#650=EDGE_LOOP('',(#2064,#2065,#2066,#2067));
#651=EDGE_LOOP('',(#2068));
#652=EDGE_LOOP('',(#2069));
#653=EDGE_LOOP('',(#2070));
#654=EDGE_LOOP('',(#2071,#2072,#2073,#2074));
#655=EDGE_LOOP('',(#2075,#2076,#2077,#2078));
#656=EDGE_LOOP('',(#2079));
#657=EDGE_LOOP('',(#2080));
#658=EDGE_LOOP('',(#2081));
#659=EDGE_LOOP('',(#2082,#2083,#2084,#2085));
#660=EDGE_LOOP('',(#2086,#2087,#2088,#2089));
#661=EDGE_LOOP('',(#2090));
#662=EDGE_LOOP('',(#2091));
#663=EDGE_LOOP('',(#2092));
#664=EDGE_LOOP('',(#2093,#2094,#2095,#2096));
#665=EDGE_LOOP('',(#2097,#2098,#2099,#2100));
#666=EDGE_LOOP('',(#2101));
#667=EDGE_LOOP('',(#2102));
#668=EDGE_LOOP('',(#2103));
#669=EDGE_LOOP('',(#2104,#2105,#2106,#2107));
#670=EDGE_LOOP('',(#2108,#2109,#2110,#2111));
#671=EDGE_LOOP('',(#2112));
#672=EDGE_LOOP('',(#2113));
#673=EDGE_LOOP('',(#2114));
#674=EDGE_LOOP('',(#2115,#2116,#2117,#2118));
#675=EDGE_LOOP('',(#2119,#2120,#2121,#2122));
#676=EDGE_LOOP('',(#2123));
#677=EDGE_LOOP('',(#2124));
#678=EDGE_LOOP('',(#2125));
#679=EDGE_LOOP('',(#2126,#2127,#2128,#2129));
#680=EDGE_LOOP('',(#2130,#2131,#2132,#2133));
#681=EDGE_LOOP('',(#2134));
#682=EDGE_LOOP('',(#2135));
#683=EDGE_LOOP('',(#2136));
#684=EDGE_LOOP('',(#2137,#2138,#2139,#2140));
#685=EDGE_LOOP('',(#2141,#2142,#2143,#2144));
#686=EDGE_LOOP('',(#2145));
#687=EDGE_LOOP('',(#2146));
#688=EDGE_LOOP('',(#2147));
#689=EDGE_LOOP('',(#2148,#2149,#2150,#2151));
#690=EDGE_LOOP('',(#2152,#2153,#2154,#2155));
#691=EDGE_LOOP('',(#2156));
#692=EDGE_LOOP('',(#2157));
#693=EDGE_LOOP('',(#2158));
#694=EDGE_LOOP('',(#2159,#2160,#2161,#2162));
#695=EDGE_LOOP('',(#2163,#2164,#2165,#2166));
#696=EDGE_LOOP('',(#2167));
#697=EDGE_LOOP('',(#2168));
#698=EDGE_LOOP('',(#2169));
#699=EDGE_LOOP('',(#2170,#2171,#2172,#2173));
#700=EDGE_LOOP('',(#2174,#2175,#2176,#2177));
#701=EDGE_LOOP('',(#2178));
#702=EDGE_LOOP('',(#2179));
#703=EDGE_LOOP('',(#2180));
#704=EDGE_LOOP('',(#2181,#2182,#2183,#2184));
#705=EDGE_LOOP('',(#2185,#2186,#2187,#2188));
#706=EDGE_LOOP('',(#2189));
#707=EDGE_LOOP('',(#2190));
#708=EDGE_LOOP('',(#2191));
#709=EDGE_LOOP('',(#2192,#2193,#2194,#2195));
#710=EDGE_LOOP('',(#2196,#2197,#2198,#2199));
#711=EDGE_LOOP('',(#2200));
#712=EDGE_LOOP('',(#2201));
#713=EDGE_LOOP('',(#2202,#2203,#2204,#2205));
#714=EDGE_LOOP('',(#2206));
#715=EDGE_LOOP('',(#2207));
#716=EDGE_LOOP('',(#2208));
#717=EDGE_LOOP('',(#2209,#2210,#2211,#2212));
#718=EDGE_LOOP('',(#2213,#2214,#2215,#2216));
#719=EDGE_LOOP('',(#2217));
#720=EDGE_LOOP('',(#2218));
#721=EDGE_LOOP('',(#2219));
#722=EDGE_LOOP('',(#2220,#2221,#2222,#2223));
#723=EDGE_LOOP('',(#2224,#2225,#2226,#2227));
#724=EDGE_LOOP('',(#2228));
#725=EDGE_LOOP('',(#2229));
#726=EDGE_LOOP('',(#2230));
#727=EDGE_LOOP('',(#2231,#2232,#2233,#2234));
#728=EDGE_LOOP('',(#2235,#2236,#2237,#2238));
#729=EDGE_LOOP('',(#2239));
#730=EDGE_LOOP('',(#2240));
#731=EDGE_LOOP('',(#2241));
#732=EDGE_LOOP('',(#2242));
#733=EDGE_LOOP('',(#2243,#2244,#2245,#2246));
#734=EDGE_LOOP('',(#2247,#2248,#2249,#2250));
#735=EDGE_LOOP('',(#2251,#2252,#2253,#2254));
#736=EDGE_LOOP('',(#2255,#2256,#2257,#2258));
#737=LINE('',#3659,#915);
#738=LINE('',#3661,#916);
#739=LINE('',#3663,#917);
#740=LINE('',#3664,#918);
#741=LINE('',#3668,#919);
#742=LINE('',#3670,#920);
#743=LINE('',#3672,#921);
#744=LINE('',#3673,#922);
#745=LINE('',#3676,#923);
#746=LINE('',#3678,#924);
#747=LINE('',#3679,#925);
#748=LINE('',#3682,#926);
#749=LINE('',#3684,#927);
#750=LINE('',#3686,#928);
#751=LINE('',#3687,#929);
#752=LINE('',#3690,#930);
#753=LINE('',#3694,#931);
#754=LINE('',#3698,#932);
#755=LINE('',#3700,#933);
#756=LINE('',#3702,#934);
#757=LINE('',#3704,#935);
#758=LINE('',#3706,#936);
#759=LINE('',#3708,#937);
#760=LINE('',#3709,#938);
#761=LINE('',#3712,#939);
#762=LINE('',#3714,#940);
#763=LINE('',#3715,#941);
#764=LINE('',#3718,#942);
#765=LINE('',#3722,#943);
#766=LINE('',#3726,#944);
#767=LINE('',#3728,#945);
#768=LINE('',#3730,#946);
#769=LINE('',#3731,#947);
#770=LINE('',#3733,#948);
#771=LINE('',#3734,#949);
#772=LINE('',#3736,#950);
#773=LINE('',#3738,#951);
#774=LINE('',#3739,#952);
#775=LINE('',#3741,#953);
#776=LINE('',#3744,#954);
#777=LINE('',#3746,#955);
#778=LINE('',#3747,#956);
#779=LINE('',#3748,#957);
#780=LINE('',#3750,#958);
#781=LINE('',#3751,#959);
#782=LINE('',#3754,#960);
#783=LINE('',#3755,#961);
#784=LINE('',#3757,#962);
#785=LINE('',#3759,#963);
#786=LINE('',#3760,#964);
#787=LINE('',#3762,#965);
#788=LINE('',#3764,#966);
#789=LINE('',#3766,#967);
#790=LINE('',#3768,#968);
#791=LINE('',#3770,#969);
#792=LINE('',#3784,#970);
#793=LINE('',#3787,#971);
#794=LINE('',#3794,#972);
#795=LINE('',#3796,#973);
#796=LINE('',#3798,#974);
#797=LINE('',#3799,#975);
#798=LINE('',#3838,#976);
#799=LINE('',#3840,#977);
#800=LINE('',#3842,#978);
#801=LINE('',#3843,#979);
#802=LINE('',#3861,#980);
#803=LINE('',#3865,#981);
#804=LINE('',#3869,#982);
#805=LINE('',#3879,#983);
#806=LINE('',#3885,#984);
#807=LINE('',#3893,#985);
#808=LINE('',#3897,#986);
#809=LINE('',#3905,#987);
#810=LINE('',#3911,#988);
#811=LINE('',#3917,#989);
#812=LINE('',#3923,#990);
#813=LINE('',#3926,#991);
#814=LINE('',#3929,#992);
#815=LINE('',#3933,#993);
#816=LINE('',#3937,#994);
#817=LINE('',#3938,#995);
#818=LINE('',#3941,#996);
#819=LINE('',#3944,#997);
#820=LINE('',#3948,#998);
#821=LINE('',#3954,#999);
#822=LINE('',#3958,#1000);
#823=LINE('',#3964,#1001);
#824=LINE('',#3971,#1002);
#825=LINE('',#3977,#1003);
#826=LINE('',#3981,#1004);
#827=LINE('',#3986,#1005);
#828=LINE('',#3988,#1006);
#829=LINE('',#3989,#1007);
#830=LINE('',#3992,#1008);
#831=LINE('',#3994,#1009);
#832=LINE('',#3996,#1010);
#833=LINE('',#3997,#1011);
#834=LINE('',#4008,#1012);
#835=LINE('',#4009,#1013);
#836=LINE('',#4013,#1014);
#837=LINE('',#4014,#1015);
#838=LINE('',#4015,#1016);
#839=LINE('',#4018,#1017);
#840=LINE('',#4019,#1018);
#841=LINE('',#4022,#1019);
#842=LINE('',#4023,#1020);
#843=LINE('',#4025,#1021);
#844=LINE('',#4029,#1022);
#845=LINE('',#4033,#1023);
#846=LINE('',#4036,#1024);
#847=LINE('',#4037,#1025);
#848=LINE('',#4039,#1026);
#849=LINE('',#4045,#1027);
#850=LINE('',#4047,#1028);
#851=LINE('',#4051,#1029);
#852=LINE('',#4053,#1030);
#853=LINE('',#4054,#1031);
#854=LINE('',#4057,#1032);
#855=LINE('',#4059,#1033);
#856=LINE('',#4061,#1034);
#857=LINE('',#4062,#1035);
#858=LINE('',#4073,#1036);
#859=LINE('',#4074,#1037);
#860=LINE('',#4078,#1038);
#861=LINE('',#4079,#1039);
#862=LINE('',#4080,#1040);
#863=LINE('',#4083,#1041);
#864=LINE('',#4084,#1042);
#865=LINE('',#4087,#1043);
#866=LINE('',#4088,#1044);
#867=LINE('',#4090,#1045);
#868=LINE('',#4094,#1046);
#869=LINE('',#4098,#1047);
#870=LINE('',#4101,#1048);
#871=LINE('',#4102,#1049);
#872=LINE('',#4104,#1050);
#873=LINE('',#4110,#1051);
#874=LINE('',#4112,#1052);
#875=LINE('',#4118,#1053);
#876=LINE('',#4122,#1054);
#877=LINE('',#4130,#1055);
#878=LINE('',#4134,#1056);
#879=LINE('',#4142,#1057);
#880=LINE('',#4146,#1058);
#881=LINE('',#4154,#1059);
#882=LINE('',#4158,#1060);
#883=LINE('',#4166,#1061);
#884=LINE('',#4170,#1062);
#885=LINE('',#4178,#1063);
#886=LINE('',#4182,#1064);
#887=LINE('',#4190,#1065);
#888=LINE('',#4194,#1066);
#889=LINE('',#4202,#1067);
#890=LINE('',#4206,#1068);
#891=LINE('',#4214,#1069);
#892=LINE('',#4218,#1070);
#893=LINE('',#4226,#1071);
#894=LINE('',#4230,#1072);
#895=LINE('',#4238,#1073);
#896=LINE('',#4242,#1074);
#897=LINE('',#4250,#1075);
#898=LINE('',#4254,#1076);
#899=LINE('',#4262,#1077);
#900=LINE('',#4266,#1078);
#901=LINE('',#4274,#1079);
#902=LINE('',#4278,#1080);
#903=LINE('',#4286,#1081);
#904=LINE('',#4290,#1082);
#905=LINE('',#4298,#1083);
#906=LINE('',#4302,#1084);
#907=LINE('',#4309,#1085);
#908=LINE('',#4315,#1086);
#909=LINE('',#4321,#1087);
#910=LINE('',#4329,#1088);
#911=LINE('',#4333,#1089);
#912=LINE('',#4341,#1090);
#913=LINE('',#4345,#1091);
#914=LINE('',#4353,#1092);
#915=VECTOR('',#2858,10.);
#916=VECTOR('',#2859,10.);
#917=VECTOR('',#2860,10.);
#918=VECTOR('',#2861,10.);
#919=VECTOR('',#2864,10.);
#920=VECTOR('',#2865,10.);
#921=VECTOR('',#2866,10.);
#922=VECTOR('',#2867,10.);
#923=VECTOR('',#2870,10.);
#924=VECTOR('',#2871,10.);
#925=VECTOR('',#2872,10.);
#926=VECTOR('',#2873,10.);
#927=VECTOR('',#2874,10.);
#928=VECTOR('',#2875,10.);
#929=VECTOR('',#2876,10.);
#930=VECTOR('',#2877,10.);
#931=VECTOR('',#2880,10.);
#932=VECTOR('',#2885,10.);
#933=VECTOR('',#2886,10.);
#934=VECTOR('',#2887,10.);
#935=VECTOR('',#2888,10.);
#936=VECTOR('',#2889,10.);
#937=VECTOR('',#2890,10.);
#938=VECTOR('',#2891,10.);
#939=VECTOR('',#2894,10.);
#940=VECTOR('',#2895,10.);
#941=VECTOR('',#2896,10.);
#942=VECTOR('',#2897,10.);
#943=VECTOR('',#2900,10.);
#944=VECTOR('',#2903,10.);
#945=VECTOR('',#2904,10.);
#946=VECTOR('',#2905,10.);
#947=VECTOR('',#2906,10.);
#948=VECTOR('',#2909,10.);
#949=VECTOR('',#2910,10.);
#950=VECTOR('',#2913,10.);
#951=VECTOR('',#2916,10.);
#952=VECTOR('',#2917,10.);
#953=VECTOR('',#2920,10.);
#954=VECTOR('',#2923,10.);
#955=VECTOR('',#2924,10.);
#956=VECTOR('',#2925,10.);
#957=VECTOR('',#2926,10.);
#958=VECTOR('',#2927,10.);
#959=VECTOR('',#2928,10.);
#960=VECTOR('',#2931,10.);
#961=VECTOR('',#2932,10.);
#962=VECTOR('',#2933,10.);
#963=VECTOR('',#2934,10.);
#964=VECTOR('',#2935,10.);
#965=VECTOR('',#2938,10.);
#966=VECTOR('',#2941,10.);
#967=VECTOR('',#2944,10.);
#968=VECTOR('',#2947,10.);
#969=VECTOR('',#2950,10.);
#970=VECTOR('',#2963,10.);
#971=VECTOR('',#2966,10.);
#972=VECTOR('',#2971,10.);
#973=VECTOR('',#2972,10.);
#974=VECTOR('',#2973,10.);
#975=VECTOR('',#2974,10.);
#976=VECTOR('',#3011,10.);
#977=VECTOR('',#3012,10.);
#978=VECTOR('',#3013,10.);
#979=VECTOR('',#3014,10.);
#980=VECTOR('',#3035,3.99999999999999);
#981=VECTOR('',#3040,3.99999999999999);
#982=VECTOR('',#3045,3.99999999999999);
#983=VECTOR('',#3058,4.);
#984=VECTOR('',#3065,1.3);
#985=VECTOR('',#3076,1.3);
#986=VECTOR('',#3081,4.);
#987=VECTOR('',#3092,1.29999999999999);
#988=VECTOR('',#3101,4.);
#989=VECTOR('',#3108,1.29999999999999);
#990=VECTOR('',#3117,10.);
#991=VECTOR('',#3120,10.);
#992=VECTOR('',#3123,1.9);
#993=VECTOR('',#3128,1.9);
#994=VECTOR('',#3133,10.);
#995=VECTOR('',#3134,10.);
#996=VECTOR('',#3137,10.);
#997=VECTOR('',#3142,10.);
#998=VECTOR('',#3147,3.99999999999999);
#999=VECTOR('',#3154,1.3);
#1000=VECTOR('',#3159,4.);
#1001=VECTOR('',#3168,1.3);
#1002=VECTOR('',#3177,1.30000000000001);
#1003=VECTOR('',#3186,1.3);
#1004=VECTOR('',#3191,4.);
#1005=VECTOR('',#3198,10.);
#1006=VECTOR('',#3199,10.);
#1007=VECTOR('',#3200,10.);
#1008=VECTOR('',#3201,10.);
#1009=VECTOR('',#3202,10.);
#1010=VECTOR('',#3203,10.);
#1011=VECTOR('',#3204,10.);
#1012=VECTOR('',#3215,10.);
#1013=VECTOR('',#3216,10.);
#1014=VECTOR('',#3219,10.);
#1015=VECTOR('',#3220,10.);
#1016=VECTOR('',#3221,10.);
#1017=VECTOR('',#3224,10.);
#1018=VECTOR('',#3225,10.);
#1019=VECTOR('',#3228,10.);
#1020=VECTOR('',#3229,10.);
#1021=VECTOR('',#3232,10.);
#1022=VECTOR('',#3237,2.5);
#1023=VECTOR('',#3242,2.5);
#1024=VECTOR('',#3245,10.);
#1025=VECTOR('',#3246,10.);
#1026=VECTOR('',#3249,10.);
#1027=VECTOR('',#3256,2.5);
#1028=VECTOR('',#3259,2.5);
#1029=VECTOR('',#3264,10.);
#1030=VECTOR('',#3265,10.);
#1031=VECTOR('',#3266,10.);
#1032=VECTOR('',#3267,10.);
#1033=VECTOR('',#3268,10.);
#1034=VECTOR('',#3269,10.);
#1035=VECTOR('',#3270,10.);
#1036=VECTOR('',#3281,10.);
#1037=VECTOR('',#3282,10.);
#1038=VECTOR('',#3285,10.);
#1039=VECTOR('',#3286,10.);
#1040=VECTOR('',#3287,10.);
#1041=VECTOR('',#3290,10.);
#1042=VECTOR('',#3291,10.);
#1043=VECTOR('',#3294,10.);
#1044=VECTOR('',#3295,10.);
#1045=VECTOR('',#3298,10.);
#1046=VECTOR('',#3303,2.5);
#1047=VECTOR('',#3308,2.5);
#1048=VECTOR('',#3311,10.);
#1049=VECTOR('',#3312,10.);
#1050=VECTOR('',#3315,10.);
#1051=VECTOR('',#3322,2.5);
#1052=VECTOR('',#3325,2.5);
#1053=VECTOR('',#3332,1.30000000000001);
#1054=VECTOR('',#3337,3.99999999999999);
#1055=VECTOR('',#3348,1.29999999999999);
#1056=VECTOR('',#3353,3.99999999999999);
#1057=VECTOR('',#3364,1.29999999999999);
#1058=VECTOR('',#3369,3.99999999999999);
#1059=VECTOR('',#3380,1.3);
#1060=VECTOR('',#3385,3.99999999999999);
#1061=VECTOR('',#3396,1.29999999999999);
#1062=VECTOR('',#3401,3.99999999999999);
#1063=VECTOR('',#3412,1.29999999999999);
#1064=VECTOR('',#3417,3.99999999999999);
#1065=VECTOR('',#3428,1.29999999999999);
#1066=VECTOR('',#3433,3.99999999999999);
#1067=VECTOR('',#3444,1.29999999999999);
#1068=VECTOR('',#3449,3.99999999999999);
#1069=VECTOR('',#3460,1.29999999999999);
#1070=VECTOR('',#3465,3.99999999999999);
#1071=VECTOR('',#3476,1.29999999999999);
#1072=VECTOR('',#3481,4.);
#1073=VECTOR('',#3492,1.29999999999999);
#1074=VECTOR('',#3497,4.);
#1075=VECTOR('',#3508,1.29999999999999);
#1076=VECTOR('',#3513,3.99999999999999);
#1077=VECTOR('',#3524,1.3);
#1078=VECTOR('',#3529,3.99999999999999);
#1079=VECTOR('',#3540,1.29999999999999);
#1080=VECTOR('',#3545,4.);
#1081=VECTOR('',#3556,1.29999999999999);
#1082=VECTOR('',#3561,4.);
#1083=VECTOR('',#3572,1.29999999999999);
#1084=VECTOR('',#3577,3.99999999999999);
#1085=VECTOR('',#3586,1.30000000000001);
#1086=VECTOR('',#3595,3.99999999999999);
#1087=VECTOR('',#3602,1.5);
#1088=VECTOR('',#3613,1.29999999999999);
#1089=VECTOR('',#3618,4.00000000000002);
#1090=VECTOR('',#3629,1.29999999999999);
#1091=VECTOR('',#3634,4.00000000000001);
#1092=VECTOR('',#3649,10.);
#1093=VERTEX_POINT('',#3657);
#1094=VERTEX_POINT('',#3658);
#1095=VERTEX_POINT('',#3660);
#1096=VERTEX_POINT('',#3662);
#1097=VERTEX_POINT('',#3666);
#1098=VERTEX_POINT('',#3667);
#1099=VERTEX_POINT('',#3669);
#1100=VERTEX_POINT('',#3671);
#1101=VERTEX_POINT('',#3675);
#1102=VERTEX_POINT('',#3677);
#1103=VERTEX_POINT('',#3680);
#1104=VERTEX_POINT('',#3681);
#1105=VERTEX_POINT('',#3683);
#1106=VERTEX_POINT('',#3685);
#1107=VERTEX_POINT('',#3688);
#1108=VERTEX_POINT('',#3689);
#1109=VERTEX_POINT('',#3691);
#1110=VERTEX_POINT('',#3693);
#1111=VERTEX_POINT('',#3697);
#1112=VERTEX_POINT('',#3699);
#1113=VERTEX_POINT('',#3701);
#1114=VERTEX_POINT('',#3703);
#1115=VERTEX_POINT('',#3705);
#1116=VERTEX_POINT('',#3707);
#1117=VERTEX_POINT('',#3711);
#1118=VERTEX_POINT('',#3713);
#1119=VERTEX_POINT('',#3716);
#1120=VERTEX_POINT('',#3717);
#1121=VERTEX_POINT('',#3719);
#1122=VERTEX_POINT('',#3721);
#1123=VERTEX_POINT('',#3724);
#1124=VERTEX_POINT('',#3725);
#1125=VERTEX_POINT('',#3727);
#1126=VERTEX_POINT('',#3729);
#1127=VERTEX_POINT('',#3743);
#1128=VERTEX_POINT('',#3745);
#1129=VERTEX_POINT('',#3749);
#1130=VERTEX_POINT('',#3753);
#1131=VERTEX_POINT('',#3756);
#1132=VERTEX_POINT('',#3758);
#1133=VERTEX_POINT('',#3772);
#1134=VERTEX_POINT('',#3774);
#1135=VERTEX_POINT('',#3776);
#1136=VERTEX_POINT('',#3778);
#1137=VERTEX_POINT('',#3780);
#1138=VERTEX_POINT('',#3781);
#1139=VERTEX_POINT('',#3783);
#1140=VERTEX_POINT('',#3785);
#1141=VERTEX_POINT('',#3788);
#1142=VERTEX_POINT('',#3790);
#1143=VERTEX_POINT('',#3792);
#1144=VERTEX_POINT('',#3793);
#1145=VERTEX_POINT('',#3795);
#1146=VERTEX_POINT('',#3797);
#1147=VERTEX_POINT('',#3800);
#1148=VERTEX_POINT('',#3802);
#1149=VERTEX_POINT('',#3804);
#1150=VERTEX_POINT('',#3806);
#1151=VERTEX_POINT('',#3808);
#1152=VERTEX_POINT('',#3810);
#1153=VERTEX_POINT('',#3812);
#1154=VERTEX_POINT('',#3814);
#1155=VERTEX_POINT('',#3816);
#1156=VERTEX_POINT('',#3818);
#1157=VERTEX_POINT('',#3820);
#1158=VERTEX_POINT('',#3822);
#1159=VERTEX_POINT('',#3824);
#1160=VERTEX_POINT('',#3826);
#1161=VERTEX_POINT('',#3828);
#1162=VERTEX_POINT('',#3830);
#1163=VERTEX_POINT('',#3832);
#1164=VERTEX_POINT('',#3834);
#1165=VERTEX_POINT('',#3836);
#1166=VERTEX_POINT('',#3837);
#1167=VERTEX_POINT('',#3839);
#1168=VERTEX_POINT('',#3841);
#1169=VERTEX_POINT('',#3844);
#1170=VERTEX_POINT('',#3846);
#1171=VERTEX_POINT('',#3848);
#1172=VERTEX_POINT('',#3850);
#1173=VERTEX_POINT('',#3854);
#1174=VERTEX_POINT('',#3857);
#1175=VERTEX_POINT('',#3860);
#1176=VERTEX_POINT('',#3864);
#1177=VERTEX_POINT('',#3868);
#1178=VERTEX_POINT('',#3872);
#1179=VERTEX_POINT('',#3875);
#1180=VERTEX_POINT('',#3878);
#1181=VERTEX_POINT('',#3882);
#1182=VERTEX_POINT('',#3884);
#1183=VERTEX_POINT('',#3890);
#1184=VERTEX_POINT('',#3892);
#1185=VERTEX_POINT('',#3896);
#1186=VERTEX_POINT('',#3902);
#1187=VERTEX_POINT('',#3904);
#1188=VERTEX_POINT('',#3910);
#1189=VERTEX_POINT('',#3914);
#1190=VERTEX_POINT('',#3916);
#1191=VERTEX_POINT('',#3922);
#1192=VERTEX_POINT('',#3924);
#1193=VERTEX_POINT('',#3928);
#1194=VERTEX_POINT('',#3932);
#1195=VERTEX_POINT('',#3936);
#1196=VERTEX_POINT('',#3940);
#1197=VERTEX_POINT('',#3947);
#1198=VERTEX_POINT('',#3951);
#1199=VERTEX_POINT('',#3953);
#1200=VERTEX_POINT('',#3957);
#1201=VERTEX_POINT('',#3963);
#1202=VERTEX_POINT('',#3968);
#1203=VERTEX_POINT('',#3970);
#1204=VERTEX_POINT('',#3976);
#1205=VERTEX_POINT('',#3980);
#1206=VERTEX_POINT('',#3985);
#1207=VERTEX_POINT('',#3987);
#1208=VERTEX_POINT('',#3990);
#1209=VERTEX_POINT('',#3991);
#1210=VERTEX_POINT('',#3993);
#1211=VERTEX_POINT('',#3995);
#1212=VERTEX_POINT('',#3998);
#1213=VERTEX_POINT('',#4000);
#1214=VERTEX_POINT('',#4002);
#1215=VERTEX_POINT('',#4004);
#1216=VERTEX_POINT('',#4007);
#1217=VERTEX_POINT('',#4011);
#1218=VERTEX_POINT('',#4012);
#1219=VERTEX_POINT('',#4017);
#1220=VERTEX_POINT('',#4021);
#1221=VERTEX_POINT('',#4027);
#1222=VERTEX_POINT('',#4031);
#1223=VERTEX_POINT('',#4035);
#1224=VERTEX_POINT('',#4040);
#1225=VERTEX_POINT('',#4042);
#1226=VERTEX_POINT('',#4050);
#1227=VERTEX_POINT('',#4052);
#1228=VERTEX_POINT('',#4055);
#1229=VERTEX_POINT('',#4056);
#1230=VERTEX_POINT('',#4058);
#1231=VERTEX_POINT('',#4060);
#1232=VERTEX_POINT('',#4063);
#1233=VERTEX_POINT('',#4065);
#1234=VERTEX_POINT('',#4067);
#1235=VERTEX_POINT('',#4069);
#1236=VERTEX_POINT('',#4072);
#1237=VERTEX_POINT('',#4076);
#1238=VERTEX_POINT('',#4077);
#1239=VERTEX_POINT('',#4082);
#1240=VERTEX_POINT('',#4086);
#1241=VERTEX_POINT('',#4092);
#1242=VERTEX_POINT('',#4096);
#1243=VERTEX_POINT('',#4100);
#1244=VERTEX_POINT('',#4105);
#1245=VERTEX_POINT('',#4107);
#1246=VERTEX_POINT('',#4115);
#1247=VERTEX_POINT('',#4117);
#1248=VERTEX_POINT('',#4121);
#1249=VERTEX_POINT('',#4127);
#1250=VERTEX_POINT('',#4129);
#1251=VERTEX_POINT('',#4133);
#1252=VERTEX_POINT('',#4139);
#1253=VERTEX_POINT('',#4141);
#1254=VERTEX_POINT('',#4145);
#1255=VERTEX_POINT('',#4151);
#1256=VERTEX_POINT('',#4153);
#1257=VERTEX_POINT('',#4157);
#1258=VERTEX_POINT('',#4163);
#1259=VERTEX_POINT('',#4165);
#1260=VERTEX_POINT('',#4169);
#1261=VERTEX_POINT('',#4175);
#1262=VERTEX_POINT('',#4177);
#1263=VERTEX_POINT('',#4181);
#1264=VERTEX_POINT('',#4187);
#1265=VERTEX_POINT('',#4189);
#1266=VERTEX_POINT('',#4193);
#1267=VERTEX_POINT('',#4199);
#1268=VERTEX_POINT('',#4201);
#1269=VERTEX_POINT('',#4205);
#1270=VERTEX_POINT('',#4211);
#1271=VERTEX_POINT('',#4213);
#1272=VERTEX_POINT('',#4217);
#1273=VERTEX_POINT('',#4223);
#1274=VERTEX_POINT('',#4225);
#1275=VERTEX_POINT('',#4229);
#1276=VERTEX_POINT('',#4235);
#1277=VERTEX_POINT('',#4237);
#1278=VERTEX_POINT('',#4241);
#1279=VERTEX_POINT('',#4247);
#1280=VERTEX_POINT('',#4249);
#1281=VERTEX_POINT('',#4253);
#1282=VERTEX_POINT('',#4259);
#1283=VERTEX_POINT('',#4261);
#1284=VERTEX_POINT('',#4265);
#1285=VERTEX_POINT('',#4271);
#1286=VERTEX_POINT('',#4273);
#1287=VERTEX_POINT('',#4277);
#1288=VERTEX_POINT('',#4283);
#1289=VERTEX_POINT('',#4285);
#1290=VERTEX_POINT('',#4289);
#1291=VERTEX_POINT('',#4295);
#1292=VERTEX_POINT('',#4297);
#1293=VERTEX_POINT('',#4301);
#1294=VERTEX_POINT('',#4306);
#1295=VERTEX_POINT('',#4308);
#1296=VERTEX_POINT('',#4314);
#1297=VERTEX_POINT('',#4318);
#1298=VERTEX_POINT('',#4320);
#1299=VERTEX_POINT('',#4326);
#1300=VERTEX_POINT('',#4328);
#1301=VERTEX_POINT('',#4332);
#1302=VERTEX_POINT('',#4338);
#1303=VERTEX_POINT('',#4340);
#1304=VERTEX_POINT('',#4344);
#1305=EDGE_CURVE('',#1093,#1094,#737,.T.);
#1306=EDGE_CURVE('',#1095,#1094,#738,.T.);
#1307=EDGE_CURVE('',#1096,#1095,#739,.T.);
#1308=EDGE_CURVE('',#1093,#1096,#740,.T.);
#1309=EDGE_CURVE('',#1097,#1098,#741,.T.);
#1310=EDGE_CURVE('',#1098,#1099,#742,.T.);
#1311=EDGE_CURVE('',#1099,#1100,#743,.T.);
#1312=EDGE_CURVE('',#1100,#1097,#744,.T.);
#1313=EDGE_CURVE('',#1101,#1100,#745,.T.);
#1314=EDGE_CURVE('',#1101,#1102,#746,.T.);
#1315=EDGE_CURVE('',#1102,#1097,#747,.T.);
#1316=EDGE_CURVE('',#1103,#1104,#748,.T.);
#1317=EDGE_CURVE('',#1104,#1105,#749,.T.);
#1318=EDGE_CURVE('',#1105,#1106,#750,.T.);
#1319=EDGE_CURVE('',#1106,#1103,#751,.T.);
#1320=EDGE_CURVE('',#1107,#1108,#752,.T.);
#1321=EDGE_CURVE('',#1108,#1109,#89,.T.);
#1322=EDGE_CURVE('',#1109,#1110,#753,.T.);
#1323=EDGE_CURVE('',#1110,#1107,#90,.T.);
#1324=EDGE_CURVE('',#1111,#1098,#754,.T.);
#1325=EDGE_CURVE('',#1111,#1112,#755,.T.);
#1326=EDGE_CURVE('',#1112,#1113,#756,.T.);
#1327=EDGE_CURVE('',#1113,#1114,#757,.T.);
#1328=EDGE_CURVE('',#1114,#1115,#758,.T.);
#1329=EDGE_CURVE('',#1115,#1116,#759,.T.);
#1330=EDGE_CURVE('',#1116,#1099,#760,.T.);
#1331=EDGE_CURVE('',#1117,#1094,#761,.T.);
#1332=EDGE_CURVE('',#1118,#1117,#762,.T.);
#1333=EDGE_CURVE('',#1095,#1118,#763,.T.);
#1334=EDGE_CURVE('',#1119,#1120,#764,.T.);
#1335=EDGE_CURVE('',#1121,#1119,#91,.T.);
#1336=EDGE_CURVE('',#1122,#1121,#765,.T.);
#1337=EDGE_CURVE('',#1120,#1122,#92,.T.);
#1338=EDGE_CURVE('',#1123,#1124,#766,.T.);
#1339=EDGE_CURVE('',#1125,#1123,#767,.T.);
#1340=EDGE_CURVE('',#1126,#1125,#768,.T.);
#1341=EDGE_CURVE('',#1124,#1126,#769,.T.);
#1342=EDGE_CURVE('',#1104,#1125,#770,.T.);
#1343=EDGE_CURVE('',#1103,#1126,#771,.T.);
#1344=EDGE_CURVE('',#1123,#1105,#772,.T.);
#1345=EDGE_CURVE('',#1121,#1110,#773,.T.);
#1346=EDGE_CURVE('',#1122,#1109,#774,.T.);
#1347=EDGE_CURVE('',#1119,#1107,#775,.T.);
#1348=EDGE_CURVE('',#1127,#1117,#776,.T.);
#1349=EDGE_CURVE('',#1093,#1128,#777,.T.);
#1350=EDGE_CURVE('',#1111,#1128,#778,.T.);
#1351=EDGE_CURVE('',#1115,#1102,#779,.T.);
#1352=EDGE_CURVE('',#1129,#1114,#780,.T.);
#1353=EDGE_CURVE('',#1129,#1127,#781,.T.);
#1354=EDGE_CURVE('',#1130,#1096,#782,.T.);
#1355=EDGE_CURVE('',#1127,#1130,#783,.T.);
#1356=EDGE_CURVE('',#1131,#1129,#784,.T.);
#1357=EDGE_CURVE('',#1132,#1131,#785,.T.);
#1358=EDGE_CURVE('',#1128,#1132,#786,.T.);
#1359=EDGE_CURVE('',#1101,#1116,#787,.T.);
#1360=EDGE_CURVE('',#1118,#1130,#788,.T.);
#1361=EDGE_CURVE('',#1113,#1131,#789,.T.);
#1362=EDGE_CURVE('',#1124,#1106,#790,.T.);
#1363=EDGE_CURVE('',#1132,#1112,#791,.T.);
#1364=EDGE_CURVE('',#1133,#1133,#93,.T.);
#1365=EDGE_CURVE('',#1134,#1134,#94,.T.);
#1366=EDGE_CURVE('',#1135,#1135,#95,.T.);
#1367=EDGE_CURVE('',#1136,#1136,#96,.T.);
#1368=EDGE_CURVE('',#1137,#1138,#97,.T.);
#1369=EDGE_CURVE('',#1137,#1139,#792,.T.);
#1370=EDGE_CURVE('',#1139,#1140,#98,.T.);
#1371=EDGE_CURVE('',#1140,#1138,#793,.T.);
#1372=EDGE_CURVE('',#1141,#1141,#99,.T.);
#1373=EDGE_CURVE('',#1142,#1142,#100,.T.);
#1374=EDGE_CURVE('',#1143,#1144,#794,.T.);
#1375=EDGE_CURVE('',#1144,#1145,#795,.T.);
#1376=EDGE_CURVE('',#1145,#1146,#796,.T.);
#1377=EDGE_CURVE('',#1146,#1143,#797,.T.);
#1378=EDGE_CURVE('',#1147,#1147,#101,.T.);
#1379=EDGE_CURVE('',#1148,#1148,#102,.T.);
#1380=EDGE_CURVE('',#1149,#1149,#103,.T.);
#1381=EDGE_CURVE('',#1150,#1150,#104,.T.);
#1382=EDGE_CURVE('',#1151,#1151,#105,.T.);
#1383=EDGE_CURVE('',#1152,#1152,#106,.T.);
#1384=EDGE_CURVE('',#1153,#1153,#107,.T.);
#1385=EDGE_CURVE('',#1154,#1154,#108,.T.);
#1386=EDGE_CURVE('',#1155,#1155,#109,.T.);
#1387=EDGE_CURVE('',#1156,#1156,#110,.T.);
#1388=EDGE_CURVE('',#1157,#1157,#111,.T.);
#1389=EDGE_CURVE('',#1158,#1158,#112,.T.);
#1390=EDGE_CURVE('',#1159,#1159,#113,.T.);
#1391=EDGE_CURVE('',#1160,#1160,#114,.T.);
#1392=EDGE_CURVE('',#1161,#1161,#115,.T.);
#1393=EDGE_CURVE('',#1162,#1162,#116,.T.);
#1394=EDGE_CURVE('',#1163,#1163,#117,.T.);
#1395=EDGE_CURVE('',#1164,#1164,#118,.T.);
#1396=EDGE_CURVE('',#1165,#1166,#798,.T.);
#1397=EDGE_CURVE('',#1166,#1167,#799,.T.);
#1398=EDGE_CURVE('',#1167,#1168,#800,.T.);
#1399=EDGE_CURVE('',#1168,#1165,#801,.T.);
#1400=EDGE_CURVE('',#1169,#1169,#119,.T.);
#1401=EDGE_CURVE('',#1170,#1170,#120,.T.);
#1402=EDGE_CURVE('',#1171,#1171,#121,.T.);
#1403=EDGE_CURVE('',#1172,#1172,#122,.T.);
#1404=EDGE_CURVE('',#1173,#1173,#123,.T.);
#1405=EDGE_CURVE('',#1174,#1174,#124,.T.);
#1406=EDGE_CURVE('',#1133,#1175,#802,.T.);
#1407=EDGE_CURVE('',#1175,#1175,#125,.T.);
#1408=EDGE_CURVE('',#1171,#1176,#803,.T.);
#1409=EDGE_CURVE('',#1176,#1176,#126,.T.);
#1410=EDGE_CURVE('',#1170,#1177,#804,.T.);
#1411=EDGE_CURVE('',#1177,#1177,#127,.T.);
#1412=EDGE_CURVE('',#1178,#1178,#128,.T.);
#1413=EDGE_CURVE('',#1179,#1179,#129,.T.);
#1414=EDGE_CURVE('',#1136,#1180,#805,.T.);
#1415=EDGE_CURVE('',#1180,#1180,#130,.T.);
#1416=EDGE_CURVE('',#1181,#1181,#131,.T.);
#1417=EDGE_CURVE('',#1181,#1182,#806,.T.);
#1418=EDGE_CURVE('',#1182,#1182,#132,.T.);
#1419=EDGE_CURVE('',#1183,#1183,#133,.T.);
#1420=EDGE_CURVE('',#1183,#1184,#807,.T.);
#1421=EDGE_CURVE('',#1184,#1184,#134,.T.);
#1422=EDGE_CURVE('',#1141,#1185,#808,.T.);
#1423=EDGE_CURVE('',#1185,#1185,#135,.T.);
#1424=EDGE_CURVE('',#1186,#1186,#136,.T.);
#1425=EDGE_CURVE('',#1186,#1187,#809,.T.);
#1426=EDGE_CURVE('',#1187,#1187,#137,.T.);
#1427=EDGE_CURVE('',#1134,#1188,#810,.T.);
#1428=EDGE_CURVE('',#1188,#1188,#138,.T.);
#1429=EDGE_CURVE('',#1189,#1189,#139,.T.);
#1430=EDGE_CURVE('',#1189,#1190,#811,.T.);
#1431=EDGE_CURVE('',#1190,#1190,#140,.T.);
#1432=EDGE_CURVE('',#1191,#1138,#812,.T.);
#1433=EDGE_CURVE('',#1191,#1192,#141,.T.);
#1434=EDGE_CURVE('',#1192,#1137,#813,.T.);
#1435=EDGE_CURVE('',#1179,#1193,#814,.T.);
#1436=EDGE_CURVE('',#1193,#1193,#142,.T.);
#1437=EDGE_CURVE('',#1178,#1194,#815,.T.);
#1438=EDGE_CURVE('',#1194,#1194,#143,.T.);
#1439=EDGE_CURVE('',#1195,#1140,#816,.T.);
#1440=EDGE_CURVE('',#1195,#1191,#817,.T.);
#1441=EDGE_CURVE('',#1196,#1139,#818,.T.);
#1442=EDGE_CURVE('',#1196,#1195,#144,.T.);
#1443=EDGE_CURVE('',#1192,#1196,#819,.T.);
#1444=EDGE_CURVE('',#1172,#1197,#820,.T.);
#1445=EDGE_CURVE('',#1197,#1197,#145,.T.);
#1446=EDGE_CURVE('',#1198,#1198,#146,.T.);
#1447=EDGE_CURVE('',#1198,#1199,#821,.T.);
#1448=EDGE_CURVE('',#1199,#1199,#147,.T.);
#1449=EDGE_CURVE('',#1169,#1200,#822,.T.);
#1450=EDGE_CURVE('',#1200,#1200,#148,.T.);
#1451=EDGE_CURVE('',#1173,#1201,#823,.T.);
#1452=EDGE_CURVE('',#1201,#1201,#149,.T.);
#1453=EDGE_CURVE('',#1202,#1202,#150,.T.);
#1454=EDGE_CURVE('',#1202,#1203,#824,.T.);
#1455=EDGE_CURVE('',#1203,#1203,#151,.T.);
#1456=EDGE_CURVE('',#1174,#1204,#825,.T.);
#1457=EDGE_CURVE('',#1204,#1204,#152,.T.);
#1458=EDGE_CURVE('',#1135,#1205,#826,.T.);
#1459=EDGE_CURVE('',#1205,#1205,#153,.T.);
#1460=EDGE_CURVE('',#1206,#1166,#827,.T.);
#1461=EDGE_CURVE('',#1207,#1206,#828,.T.);
#1462=EDGE_CURVE('',#1207,#1167,#829,.T.);
#1463=EDGE_CURVE('',#1208,#1209,#830,.T.);
#1464=EDGE_CURVE('',#1209,#1210,#831,.T.);
#1465=EDGE_CURVE('',#1210,#1211,#832,.T.);
#1466=EDGE_CURVE('',#1211,#1208,#833,.T.);
#1467=EDGE_CURVE('',#1212,#1212,#154,.T.);
#1468=EDGE_CURVE('',#1213,#1213,#155,.T.);
#1469=EDGE_CURVE('',#1214,#1214,#156,.T.);
#1470=EDGE_CURVE('',#1215,#1215,#157,.T.);
#1471=EDGE_CURVE('',#1216,#1165,#834,.T.);
#1472=EDGE_CURVE('',#1206,#1216,#835,.T.);
#1473=EDGE_CURVE('',#1217,#1218,#836,.T.);
#1474=EDGE_CURVE('',#1217,#1209,#837,.T.);
#1475=EDGE_CURVE('',#1218,#1208,#838,.T.);
#1476=EDGE_CURVE('',#1219,#1217,#839,.T.);
#1477=EDGE_CURVE('',#1219,#1210,#840,.T.);
#1478=EDGE_CURVE('',#1220,#1219,#841,.T.);
#1479=EDGE_CURVE('',#1220,#1211,#842,.T.);
#1480=EDGE_CURVE('',#1218,#1220,#843,.T.);
#1481=EDGE_CURVE('',#1221,#1221,#158,.T.);
#1482=EDGE_CURVE('',#1221,#1215,#844,.T.);
#1483=EDGE_CURVE('',#1222,#1222,#159,.T.);
#1484=EDGE_CURVE('',#1222,#1214,#845,.T.);
#1485=EDGE_CURVE('',#1223,#1216,#846,.T.);
#1486=EDGE_CURVE('',#1207,#1223,#847,.T.);
#1487=EDGE_CURVE('',#1223,#1168,#848,.T.);
#1488=EDGE_CURVE('',#1224,#1224,#160,.T.);
#1489=EDGE_CURVE('',#1225,#1225,#161,.T.);
#1490=EDGE_CURVE('',#1225,#1212,#849,.T.);
#1491=EDGE_CURVE('',#1224,#1213,#850,.T.);
#1492=EDGE_CURVE('',#1226,#1144,#851,.T.);
#1493=EDGE_CURVE('',#1227,#1226,#852,.T.);
#1494=EDGE_CURVE('',#1227,#1145,#853,.T.);
#1495=EDGE_CURVE('',#1228,#1229,#854,.T.);
#1496=EDGE_CURVE('',#1229,#1230,#855,.T.);
#1497=EDGE_CURVE('',#1230,#1231,#856,.T.);
#1498=EDGE_CURVE('',#1231,#1228,#857,.T.);
#1499=EDGE_CURVE('',#1232,#1232,#162,.T.);
#1500=EDGE_CURVE('',#1233,#1233,#163,.T.);
#1501=EDGE_CURVE('',#1234,#1234,#164,.T.);
#1502=EDGE_CURVE('',#1235,#1235,#165,.T.);
#1503=EDGE_CURVE('',#1236,#1143,#858,.T.);
#1504=EDGE_CURVE('',#1226,#1236,#859,.T.);
#1505=EDGE_CURVE('',#1237,#1238,#860,.T.);
#1506=EDGE_CURVE('',#1237,#1229,#861,.T.);
#1507=EDGE_CURVE('',#1238,#1228,#862,.T.);
#1508=EDGE_CURVE('',#1239,#1237,#863,.T.);
#1509=EDGE_CURVE('',#1239,#1230,#864,.T.);
#1510=EDGE_CURVE('',#1240,#1239,#865,.T.);
#1511=EDGE_CURVE('',#1240,#1231,#866,.T.);
#1512=EDGE_CURVE('',#1238,#1240,#867,.T.);
#1513=EDGE_CURVE('',#1241,#1241,#166,.T.);
#1514=EDGE_CURVE('',#1241,#1235,#868,.T.);
#1515=EDGE_CURVE('',#1242,#1242,#167,.T.);
#1516=EDGE_CURVE('',#1242,#1234,#869,.T.);
#1517=EDGE_CURVE('',#1243,#1236,#870,.T.);
#1518=EDGE_CURVE('',#1227,#1243,#871,.T.);
#1519=EDGE_CURVE('',#1243,#1146,#872,.T.);
#1520=EDGE_CURVE('',#1244,#1244,#168,.T.);
#1521=EDGE_CURVE('',#1245,#1245,#169,.T.);
#1522=EDGE_CURVE('',#1245,#1232,#873,.T.);
#1523=EDGE_CURVE('',#1244,#1233,#874,.T.);
#1524=EDGE_CURVE('',#1246,#1246,#170,.T.);
#1525=EDGE_CURVE('',#1246,#1247,#875,.T.);
#1526=EDGE_CURVE('',#1247,#1247,#171,.T.);
#1527=EDGE_CURVE('',#1164,#1248,#876,.T.);
#1528=EDGE_CURVE('',#1248,#1248,#172,.T.);
#1529=EDGE_CURVE('',#1249,#1249,#173,.T.);
#1530=EDGE_CURVE('',#1249,#1250,#877,.T.);
#1531=EDGE_CURVE('',#1250,#1250,#174,.T.);
#1532=EDGE_CURVE('',#1147,#1251,#878,.T.);
#1533=EDGE_CURVE('',#1251,#1251,#175,.T.);
#1534=EDGE_CURVE('',#1252,#1252,#176,.T.);
#1535=EDGE_CURVE('',#1252,#1253,#879,.T.);
#1536=EDGE_CURVE('',#1253,#1253,#177,.T.);
#1537=EDGE_CURVE('',#1163,#1254,#880,.T.);
#1538=EDGE_CURVE('',#1254,#1254,#178,.T.);
#1539=EDGE_CURVE('',#1255,#1255,#179,.T.);
#1540=EDGE_CURVE('',#1255,#1256,#881,.T.);
#1541=EDGE_CURVE('',#1256,#1256,#180,.T.);
#1542=EDGE_CURVE('',#1148,#1257,#882,.T.);
#1543=EDGE_CURVE('',#1257,#1257,#181,.T.);
#1544=EDGE_CURVE('',#1258,#1258,#182,.T.);
#1545=EDGE_CURVE('',#1258,#1259,#883,.T.);
#1546=EDGE_CURVE('',#1259,#1259,#183,.T.);
#1547=EDGE_CURVE('',#1162,#1260,#884,.T.);
#1548=EDGE_CURVE('',#1260,#1260,#184,.T.);
#1549=EDGE_CURVE('',#1261,#1261,#185,.T.);
#1550=EDGE_CURVE('',#1261,#1262,#885,.T.);
#1551=EDGE_CURVE('',#1262,#1262,#186,.T.);
#1552=EDGE_CURVE('',#1149,#1263,#886,.T.);
#1553=EDGE_CURVE('',#1263,#1263,#187,.T.);
#1554=EDGE_CURVE('',#1264,#1264,#188,.T.);
#1555=EDGE_CURVE('',#1264,#1265,#887,.T.);
#1556=EDGE_CURVE('',#1265,#1265,#189,.T.);
#1557=EDGE_CURVE('',#1161,#1266,#888,.T.);
#1558=EDGE_CURVE('',#1266,#1266,#190,.T.);
#1559=EDGE_CURVE('',#1267,#1267,#191,.T.);
#1560=EDGE_CURVE('',#1267,#1268,#889,.T.);
#1561=EDGE_CURVE('',#1268,#1268,#192,.T.);
#1562=EDGE_CURVE('',#1150,#1269,#890,.T.);
#1563=EDGE_CURVE('',#1269,#1269,#193,.T.);
#1564=EDGE_CURVE('',#1270,#1270,#194,.T.);
#1565=EDGE_CURVE('',#1270,#1271,#891,.T.);
#1566=EDGE_CURVE('',#1271,#1271,#195,.T.);
#1567=EDGE_CURVE('',#1160,#1272,#892,.T.);
#1568=EDGE_CURVE('',#1272,#1272,#196,.T.);
#1569=EDGE_CURVE('',#1273,#1273,#197,.T.);
#1570=EDGE_CURVE('',#1273,#1274,#893,.T.);
#1571=EDGE_CURVE('',#1274,#1274,#198,.T.);
#1572=EDGE_CURVE('',#1151,#1275,#894,.T.);
#1573=EDGE_CURVE('',#1275,#1275,#199,.T.);
#1574=EDGE_CURVE('',#1276,#1276,#200,.T.);
#1575=EDGE_CURVE('',#1276,#1277,#895,.T.);
#1576=EDGE_CURVE('',#1277,#1277,#201,.T.);
#1577=EDGE_CURVE('',#1159,#1278,#896,.T.);
#1578=EDGE_CURVE('',#1278,#1278,#202,.T.);
#1579=EDGE_CURVE('',#1279,#1279,#203,.T.);
#1580=EDGE_CURVE('',#1279,#1280,#897,.T.);
#1581=EDGE_CURVE('',#1280,#1280,#204,.T.);
#1582=EDGE_CURVE('',#1152,#1281,#898,.T.);
#1583=EDGE_CURVE('',#1281,#1281,#205,.T.);
#1584=EDGE_CURVE('',#1282,#1282,#206,.T.);
#1585=EDGE_CURVE('',#1282,#1283,#899,.T.);
#1586=EDGE_CURVE('',#1283,#1283,#207,.T.);
#1587=EDGE_CURVE('',#1158,#1284,#900,.T.);
#1588=EDGE_CURVE('',#1284,#1284,#208,.T.);
#1589=EDGE_CURVE('',#1285,#1285,#209,.T.);
#1590=EDGE_CURVE('',#1285,#1286,#901,.T.);
#1591=EDGE_CURVE('',#1286,#1286,#210,.T.);
#1592=EDGE_CURVE('',#1153,#1287,#902,.T.);
#1593=EDGE_CURVE('',#1287,#1287,#211,.T.);
#1594=EDGE_CURVE('',#1288,#1288,#212,.T.);
#1595=EDGE_CURVE('',#1288,#1289,#903,.T.);
#1596=EDGE_CURVE('',#1289,#1289,#213,.T.);
#1597=EDGE_CURVE('',#1157,#1290,#904,.T.);
#1598=EDGE_CURVE('',#1290,#1290,#214,.T.);
#1599=EDGE_CURVE('',#1291,#1291,#215,.T.);
#1600=EDGE_CURVE('',#1291,#1292,#905,.T.);
#1601=EDGE_CURVE('',#1292,#1292,#216,.T.);
#1602=EDGE_CURVE('',#1154,#1293,#906,.T.);
#1603=EDGE_CURVE('',#1293,#1293,#217,.T.);
#1604=EDGE_CURVE('',#1294,#1294,#218,.T.);
#1605=EDGE_CURVE('',#1294,#1295,#907,.T.);
#1606=EDGE_CURVE('',#1295,#1295,#219,.T.);
#1607=EDGE_CURVE('',#1142,#1296,#908,.T.);
#1608=EDGE_CURVE('',#1296,#1296,#220,.T.);
#1609=EDGE_CURVE('',#1297,#1297,#221,.T.);
#1610=EDGE_CURVE('',#1297,#1298,#909,.T.);
#1611=EDGE_CURVE('',#1298,#1298,#222,.T.);
#1612=EDGE_CURVE('',#1299,#1299,#223,.T.);
#1613=EDGE_CURVE('',#1299,#1300,#910,.T.);
#1614=EDGE_CURVE('',#1300,#1300,#224,.T.);
#1615=EDGE_CURVE('',#1156,#1301,#911,.T.);
#1616=EDGE_CURVE('',#1301,#1301,#225,.T.);
#1617=EDGE_CURVE('',#1302,#1302,#226,.T.);
#1618=EDGE_CURVE('',#1302,#1303,#912,.T.);
#1619=EDGE_CURVE('',#1303,#1303,#227,.T.);
#1620=EDGE_CURVE('',#1155,#1304,#913,.T.);
#1621=EDGE_CURVE('',#1304,#1304,#228,.T.);
#1622=EDGE_CURVE('',#1120,#1108,#914,.T.);
#1623=ORIENTED_EDGE('',*,*,#1305,.T.);
#1624=ORIENTED_EDGE('',*,*,#1306,.F.);
#1625=ORIENTED_EDGE('',*,*,#1307,.F.);
#1626=ORIENTED_EDGE('',*,*,#1308,.F.);
#1627=ORIENTED_EDGE('',*,*,#1309,.T.);
#1628=ORIENTED_EDGE('',*,*,#1310,.T.);
#1629=ORIENTED_EDGE('',*,*,#1311,.T.);
#1630=ORIENTED_EDGE('',*,*,#1312,.T.);
#1631=ORIENTED_EDGE('',*,*,#1313,.F.);
#1632=ORIENTED_EDGE('',*,*,#1314,.T.);
#1633=ORIENTED_EDGE('',*,*,#1315,.T.);
#1634=ORIENTED_EDGE('',*,*,#1312,.F.);
#1635=ORIENTED_EDGE('',*,*,#1316,.T.);
#1636=ORIENTED_EDGE('',*,*,#1317,.T.);
#1637=ORIENTED_EDGE('',*,*,#1318,.T.);
#1638=ORIENTED_EDGE('',*,*,#1319,.T.);
#1639=ORIENTED_EDGE('',*,*,#1320,.T.);
#1640=ORIENTED_EDGE('',*,*,#1321,.T.);
#1641=ORIENTED_EDGE('',*,*,#1322,.T.);
#1642=ORIENTED_EDGE('',*,*,#1323,.T.);
#1643=ORIENTED_EDGE('',*,*,#1324,.F.);
#1644=ORIENTED_EDGE('',*,*,#1325,.T.);
#1645=ORIENTED_EDGE('',*,*,#1326,.T.);
#1646=ORIENTED_EDGE('',*,*,#1327,.T.);
#1647=ORIENTED_EDGE('',*,*,#1328,.T.);
#1648=ORIENTED_EDGE('',*,*,#1329,.T.);
#1649=ORIENTED_EDGE('',*,*,#1330,.T.);
#1650=ORIENTED_EDGE('',*,*,#1310,.F.);
#1651=ORIENTED_EDGE('',*,*,#1306,.T.);
#1652=ORIENTED_EDGE('',*,*,#1331,.F.);
#1653=ORIENTED_EDGE('',*,*,#1332,.F.);
#1654=ORIENTED_EDGE('',*,*,#1333,.F.);
#1655=ORIENTED_EDGE('',*,*,#1334,.F.);
#1656=ORIENTED_EDGE('',*,*,#1335,.F.);
#1657=ORIENTED_EDGE('',*,*,#1336,.F.);
#1658=ORIENTED_EDGE('',*,*,#1337,.F.);
#1659=ORIENTED_EDGE('',*,*,#1338,.F.);
#1660=ORIENTED_EDGE('',*,*,#1339,.F.);
#1661=ORIENTED_EDGE('',*,*,#1340,.F.);
#1662=ORIENTED_EDGE('',*,*,#1341,.F.);
#1663=ORIENTED_EDGE('',*,*,#1340,.T.);
#1664=ORIENTED_EDGE('',*,*,#1342,.F.);
#1665=ORIENTED_EDGE('',*,*,#1316,.F.);
#1666=ORIENTED_EDGE('',*,*,#1343,.T.);
#1667=ORIENTED_EDGE('',*,*,#1339,.T.);
#1668=ORIENTED_EDGE('',*,*,#1344,.T.);
#1669=ORIENTED_EDGE('',*,*,#1317,.F.);
#1670=ORIENTED_EDGE('',*,*,#1342,.T.);
#1671=ORIENTED_EDGE('',*,*,#1336,.T.);
#1672=ORIENTED_EDGE('',*,*,#1345,.T.);
#1673=ORIENTED_EDGE('',*,*,#1322,.F.);
#1674=ORIENTED_EDGE('',*,*,#1346,.F.);
#1675=ORIENTED_EDGE('',*,*,#1335,.T.);
#1676=ORIENTED_EDGE('',*,*,#1347,.T.);
#1677=ORIENTED_EDGE('',*,*,#1323,.F.);
#1678=ORIENTED_EDGE('',*,*,#1345,.F.);
#1679=ORIENTED_EDGE('',*,*,#1348,.T.);
#1680=ORIENTED_EDGE('',*,*,#1331,.T.);
#1681=ORIENTED_EDGE('',*,*,#1305,.F.);
#1682=ORIENTED_EDGE('',*,*,#1349,.T.);
#1683=ORIENTED_EDGE('',*,*,#1350,.F.);
#1684=ORIENTED_EDGE('',*,*,#1324,.T.);
#1685=ORIENTED_EDGE('',*,*,#1309,.F.);
#1686=ORIENTED_EDGE('',*,*,#1315,.F.);
#1687=ORIENTED_EDGE('',*,*,#1351,.F.);
#1688=ORIENTED_EDGE('',*,*,#1328,.F.);
#1689=ORIENTED_EDGE('',*,*,#1352,.F.);
#1690=ORIENTED_EDGE('',*,*,#1353,.T.);
#1691=ORIENTED_EDGE('',*,*,#1308,.T.);
#1692=ORIENTED_EDGE('',*,*,#1354,.F.);
#1693=ORIENTED_EDGE('',*,*,#1355,.F.);
#1694=ORIENTED_EDGE('',*,*,#1353,.F.);
#1695=ORIENTED_EDGE('',*,*,#1356,.F.);
#1696=ORIENTED_EDGE('',*,*,#1357,.F.);
#1697=ORIENTED_EDGE('',*,*,#1358,.F.);
#1698=ORIENTED_EDGE('',*,*,#1349,.F.);
#1699=ORIENTED_EDGE('',*,*,#1359,.F.);
#1700=ORIENTED_EDGE('',*,*,#1313,.T.);
#1701=ORIENTED_EDGE('',*,*,#1311,.F.);
#1702=ORIENTED_EDGE('',*,*,#1330,.F.);
#1703=ORIENTED_EDGE('',*,*,#1348,.F.);
#1704=ORIENTED_EDGE('',*,*,#1355,.T.);
#1705=ORIENTED_EDGE('',*,*,#1360,.F.);
#1706=ORIENTED_EDGE('',*,*,#1332,.T.);
#1707=ORIENTED_EDGE('',*,*,#1356,.T.);
#1708=ORIENTED_EDGE('',*,*,#1352,.T.);
#1709=ORIENTED_EDGE('',*,*,#1327,.F.);
#1710=ORIENTED_EDGE('',*,*,#1361,.T.);
#1711=ORIENTED_EDGE('',*,*,#1341,.T.);
#1712=ORIENTED_EDGE('',*,*,#1343,.F.);
#1713=ORIENTED_EDGE('',*,*,#1319,.F.);
#1714=ORIENTED_EDGE('',*,*,#1362,.F.);
#1715=ORIENTED_EDGE('',*,*,#1358,.T.);
#1716=ORIENTED_EDGE('',*,*,#1363,.T.);
#1717=ORIENTED_EDGE('',*,*,#1325,.F.);
#1718=ORIENTED_EDGE('',*,*,#1350,.T.);
#1719=ORIENTED_EDGE('',*,*,#1307,.T.);
#1720=ORIENTED_EDGE('',*,*,#1333,.T.);
#1721=ORIENTED_EDGE('',*,*,#1360,.T.);
#1722=ORIENTED_EDGE('',*,*,#1354,.T.);
#1723=ORIENTED_EDGE('',*,*,#1364,.T.);
#1724=ORIENTED_EDGE('',*,*,#1365,.T.);
#1725=ORIENTED_EDGE('',*,*,#1366,.T.);
#1726=ORIENTED_EDGE('',*,*,#1367,.T.);
#1727=ORIENTED_EDGE('',*,*,#1368,.F.);
#1728=ORIENTED_EDGE('',*,*,#1369,.T.);
#1729=ORIENTED_EDGE('',*,*,#1370,.T.);
#1730=ORIENTED_EDGE('',*,*,#1371,.T.);
#1731=ORIENTED_EDGE('',*,*,#1372,.T.);
#1732=ORIENTED_EDGE('',*,*,#1373,.T.);
#1733=ORIENTED_EDGE('',*,*,#1374,.T.);
#1734=ORIENTED_EDGE('',*,*,#1375,.T.);
#1735=ORIENTED_EDGE('',*,*,#1376,.T.);
#1736=ORIENTED_EDGE('',*,*,#1377,.T.);
#1737=ORIENTED_EDGE('',*,*,#1378,.T.);
#1738=ORIENTED_EDGE('',*,*,#1379,.T.);
#1739=ORIENTED_EDGE('',*,*,#1380,.T.);
#1740=ORIENTED_EDGE('',*,*,#1381,.T.);
#1741=ORIENTED_EDGE('',*,*,#1382,.T.);
#1742=ORIENTED_EDGE('',*,*,#1383,.T.);
#1743=ORIENTED_EDGE('',*,*,#1384,.T.);
#1744=ORIENTED_EDGE('',*,*,#1385,.T.);
#1745=ORIENTED_EDGE('',*,*,#1386,.T.);
#1746=ORIENTED_EDGE('',*,*,#1387,.T.);
#1747=ORIENTED_EDGE('',*,*,#1388,.T.);
#1748=ORIENTED_EDGE('',*,*,#1389,.T.);
#1749=ORIENTED_EDGE('',*,*,#1390,.T.);
#1750=ORIENTED_EDGE('',*,*,#1391,.T.);
#1751=ORIENTED_EDGE('',*,*,#1392,.T.);
#1752=ORIENTED_EDGE('',*,*,#1393,.T.);
#1753=ORIENTED_EDGE('',*,*,#1394,.T.);
#1754=ORIENTED_EDGE('',*,*,#1395,.T.);
#1755=ORIENTED_EDGE('',*,*,#1396,.T.);
#1756=ORIENTED_EDGE('',*,*,#1397,.T.);
#1757=ORIENTED_EDGE('',*,*,#1398,.T.);
#1758=ORIENTED_EDGE('',*,*,#1399,.T.);
#1759=ORIENTED_EDGE('',*,*,#1400,.T.);
#1760=ORIENTED_EDGE('',*,*,#1401,.T.);
#1761=ORIENTED_EDGE('',*,*,#1402,.T.);
#1762=ORIENTED_EDGE('',*,*,#1403,.F.);
#1763=ORIENTED_EDGE('',*,*,#1351,.T.);
#1764=ORIENTED_EDGE('',*,*,#1314,.F.);
#1765=ORIENTED_EDGE('',*,*,#1359,.T.);
#1766=ORIENTED_EDGE('',*,*,#1329,.F.);
#1767=ORIENTED_EDGE('',*,*,#1404,.T.);
#1768=ORIENTED_EDGE('',*,*,#1405,.T.);
#1769=ORIENTED_EDGE('',*,*,#1364,.F.);
#1770=ORIENTED_EDGE('',*,*,#1406,.T.);
#1771=ORIENTED_EDGE('',*,*,#1407,.T.);
#1772=ORIENTED_EDGE('',*,*,#1406,.F.);
#1773=ORIENTED_EDGE('',*,*,#1402,.F.);
#1774=ORIENTED_EDGE('',*,*,#1408,.T.);
#1775=ORIENTED_EDGE('',*,*,#1409,.T.);
#1776=ORIENTED_EDGE('',*,*,#1408,.F.);
#1777=ORIENTED_EDGE('',*,*,#1401,.F.);
#1778=ORIENTED_EDGE('',*,*,#1410,.T.);
#1779=ORIENTED_EDGE('',*,*,#1411,.T.);
#1780=ORIENTED_EDGE('',*,*,#1410,.F.);
#1781=ORIENTED_EDGE('',*,*,#1412,.F.);
#1782=ORIENTED_EDGE('',*,*,#1413,.F.);
#1783=ORIENTED_EDGE('',*,*,#1367,.F.);
#1784=ORIENTED_EDGE('',*,*,#1414,.T.);
#1785=ORIENTED_EDGE('',*,*,#1415,.T.);
#1786=ORIENTED_EDGE('',*,*,#1414,.F.);
#1787=ORIENTED_EDGE('',*,*,#1416,.F.);
#1788=ORIENTED_EDGE('',*,*,#1417,.T.);
#1789=ORIENTED_EDGE('',*,*,#1418,.T.);
#1790=ORIENTED_EDGE('',*,*,#1417,.F.);
#1791=ORIENTED_EDGE('',*,*,#1415,.F.);
#1792=ORIENTED_EDGE('',*,*,#1418,.F.);
#1793=ORIENTED_EDGE('',*,*,#1416,.T.);
#1794=ORIENTED_EDGE('',*,*,#1419,.F.);
#1795=ORIENTED_EDGE('',*,*,#1420,.T.);
#1796=ORIENTED_EDGE('',*,*,#1421,.T.);
#1797=ORIENTED_EDGE('',*,*,#1420,.F.);
#1798=ORIENTED_EDGE('',*,*,#1372,.F.);
#1799=ORIENTED_EDGE('',*,*,#1422,.T.);
#1800=ORIENTED_EDGE('',*,*,#1423,.T.);
#1801=ORIENTED_EDGE('',*,*,#1422,.F.);
#1802=ORIENTED_EDGE('',*,*,#1423,.F.);
#1803=ORIENTED_EDGE('',*,*,#1421,.F.);
#1804=ORIENTED_EDGE('',*,*,#1419,.T.);
#1805=ORIENTED_EDGE('',*,*,#1424,.F.);
#1806=ORIENTED_EDGE('',*,*,#1425,.T.);
#1807=ORIENTED_EDGE('',*,*,#1426,.T.);
#1808=ORIENTED_EDGE('',*,*,#1425,.F.);
#1809=ORIENTED_EDGE('',*,*,#1407,.F.);
#1810=ORIENTED_EDGE('',*,*,#1426,.F.);
#1811=ORIENTED_EDGE('',*,*,#1424,.T.);
#1812=ORIENTED_EDGE('',*,*,#1365,.F.);
#1813=ORIENTED_EDGE('',*,*,#1427,.T.);
#1814=ORIENTED_EDGE('',*,*,#1428,.T.);
#1815=ORIENTED_EDGE('',*,*,#1427,.F.);
#1816=ORIENTED_EDGE('',*,*,#1429,.F.);
#1817=ORIENTED_EDGE('',*,*,#1430,.T.);
#1818=ORIENTED_EDGE('',*,*,#1431,.T.);
#1819=ORIENTED_EDGE('',*,*,#1430,.F.);
#1820=ORIENTED_EDGE('',*,*,#1428,.F.);
#1821=ORIENTED_EDGE('',*,*,#1431,.F.);
#1822=ORIENTED_EDGE('',*,*,#1429,.T.);
#1823=ORIENTED_EDGE('',*,*,#1368,.T.);
#1824=ORIENTED_EDGE('',*,*,#1432,.F.);
#1825=ORIENTED_EDGE('',*,*,#1433,.T.);
#1826=ORIENTED_EDGE('',*,*,#1434,.T.);
#1827=ORIENTED_EDGE('',*,*,#1413,.T.);
#1828=ORIENTED_EDGE('',*,*,#1435,.T.);
#1829=ORIENTED_EDGE('',*,*,#1436,.T.);
#1830=ORIENTED_EDGE('',*,*,#1435,.F.);
#1831=ORIENTED_EDGE('',*,*,#1412,.T.);
#1832=ORIENTED_EDGE('',*,*,#1437,.T.);
#1833=ORIENTED_EDGE('',*,*,#1438,.T.);
#1834=ORIENTED_EDGE('',*,*,#1437,.F.);
#1835=ORIENTED_EDGE('',*,*,#1371,.F.);
#1836=ORIENTED_EDGE('',*,*,#1439,.F.);
#1837=ORIENTED_EDGE('',*,*,#1440,.T.);
#1838=ORIENTED_EDGE('',*,*,#1432,.T.);
#1839=ORIENTED_EDGE('',*,*,#1370,.F.);
#1840=ORIENTED_EDGE('',*,*,#1441,.F.);
#1841=ORIENTED_EDGE('',*,*,#1442,.T.);
#1842=ORIENTED_EDGE('',*,*,#1439,.T.);
#1843=ORIENTED_EDGE('',*,*,#1369,.F.);
#1844=ORIENTED_EDGE('',*,*,#1434,.F.);
#1845=ORIENTED_EDGE('',*,*,#1443,.T.);
#1846=ORIENTED_EDGE('',*,*,#1441,.T.);
#1847=ORIENTED_EDGE('',*,*,#1433,.F.);
#1848=ORIENTED_EDGE('',*,*,#1440,.F.);
#1849=ORIENTED_EDGE('',*,*,#1442,.F.);
#1850=ORIENTED_EDGE('',*,*,#1443,.F.);
#1851=ORIENTED_EDGE('',*,*,#1438,.F.);
#1852=ORIENTED_EDGE('',*,*,#1436,.F.);
#1853=ORIENTED_EDGE('',*,*,#1403,.T.);
#1854=ORIENTED_EDGE('',*,*,#1444,.T.);
#1855=ORIENTED_EDGE('',*,*,#1445,.T.);
#1856=ORIENTED_EDGE('',*,*,#1444,.F.);
#1857=ORIENTED_EDGE('',*,*,#1446,.F.);
#1858=ORIENTED_EDGE('',*,*,#1447,.T.);
#1859=ORIENTED_EDGE('',*,*,#1448,.T.);
#1860=ORIENTED_EDGE('',*,*,#1447,.F.);
#1861=ORIENTED_EDGE('',*,*,#1400,.F.);
#1862=ORIENTED_EDGE('',*,*,#1449,.T.);
#1863=ORIENTED_EDGE('',*,*,#1450,.T.);
#1864=ORIENTED_EDGE('',*,*,#1449,.F.);
#1865=ORIENTED_EDGE('',*,*,#1450,.F.);
#1866=ORIENTED_EDGE('',*,*,#1448,.F.);
#1867=ORIENTED_EDGE('',*,*,#1446,.T.);
#1868=ORIENTED_EDGE('',*,*,#1404,.F.);
#1869=ORIENTED_EDGE('',*,*,#1451,.T.);
#1870=ORIENTED_EDGE('',*,*,#1452,.T.);
#1871=ORIENTED_EDGE('',*,*,#1451,.F.);
#1872=ORIENTED_EDGE('',*,*,#1445,.F.);
#1873=ORIENTED_EDGE('',*,*,#1452,.F.);
#1874=ORIENTED_EDGE('',*,*,#1453,.F.);
#1875=ORIENTED_EDGE('',*,*,#1454,.T.);
#1876=ORIENTED_EDGE('',*,*,#1455,.T.);
#1877=ORIENTED_EDGE('',*,*,#1454,.F.);
#1878=ORIENTED_EDGE('',*,*,#1409,.F.);
#1879=ORIENTED_EDGE('',*,*,#1455,.F.);
#1880=ORIENTED_EDGE('',*,*,#1453,.T.);
#1881=ORIENTED_EDGE('',*,*,#1405,.F.);
#1882=ORIENTED_EDGE('',*,*,#1456,.T.);
#1883=ORIENTED_EDGE('',*,*,#1457,.T.);
#1884=ORIENTED_EDGE('',*,*,#1456,.F.);
#1885=ORIENTED_EDGE('',*,*,#1366,.F.);
#1886=ORIENTED_EDGE('',*,*,#1458,.T.);
#1887=ORIENTED_EDGE('',*,*,#1459,.T.);
#1888=ORIENTED_EDGE('',*,*,#1458,.F.);
#1889=ORIENTED_EDGE('',*,*,#1459,.F.);
#1890=ORIENTED_EDGE('',*,*,#1457,.F.);
#1891=ORIENTED_EDGE('',*,*,#1397,.F.);
#1892=ORIENTED_EDGE('',*,*,#1460,.F.);
#1893=ORIENTED_EDGE('',*,*,#1461,.F.);
#1894=ORIENTED_EDGE('',*,*,#1462,.T.);
#1895=ORIENTED_EDGE('',*,*,#1463,.T.);
#1896=ORIENTED_EDGE('',*,*,#1464,.T.);
#1897=ORIENTED_EDGE('',*,*,#1465,.T.);
#1898=ORIENTED_EDGE('',*,*,#1466,.T.);
#1899=ORIENTED_EDGE('',*,*,#1467,.F.);
#1900=ORIENTED_EDGE('',*,*,#1468,.F.);
#1901=ORIENTED_EDGE('',*,*,#1469,.F.);
#1902=ORIENTED_EDGE('',*,*,#1470,.F.);
#1903=ORIENTED_EDGE('',*,*,#1396,.F.);
#1904=ORIENTED_EDGE('',*,*,#1471,.F.);
#1905=ORIENTED_EDGE('',*,*,#1472,.F.);
#1906=ORIENTED_EDGE('',*,*,#1460,.T.);
#1907=ORIENTED_EDGE('',*,*,#1473,.F.);
#1908=ORIENTED_EDGE('',*,*,#1474,.T.);
#1909=ORIENTED_EDGE('',*,*,#1463,.F.);
#1910=ORIENTED_EDGE('',*,*,#1475,.F.);
#1911=ORIENTED_EDGE('',*,*,#1476,.F.);
#1912=ORIENTED_EDGE('',*,*,#1477,.T.);
#1913=ORIENTED_EDGE('',*,*,#1464,.F.);
#1914=ORIENTED_EDGE('',*,*,#1474,.F.);
#1915=ORIENTED_EDGE('',*,*,#1478,.F.);
#1916=ORIENTED_EDGE('',*,*,#1479,.T.);
#1917=ORIENTED_EDGE('',*,*,#1465,.F.);
#1918=ORIENTED_EDGE('',*,*,#1477,.F.);
#1919=ORIENTED_EDGE('',*,*,#1480,.F.);
#1920=ORIENTED_EDGE('',*,*,#1475,.T.);
#1921=ORIENTED_EDGE('',*,*,#1466,.F.);
#1922=ORIENTED_EDGE('',*,*,#1479,.F.);
#1923=ORIENTED_EDGE('',*,*,#1481,.F.);
#1924=ORIENTED_EDGE('',*,*,#1482,.T.);
#1925=ORIENTED_EDGE('',*,*,#1470,.T.);
#1926=ORIENTED_EDGE('',*,*,#1482,.F.);
#1927=ORIENTED_EDGE('',*,*,#1483,.F.);
#1928=ORIENTED_EDGE('',*,*,#1484,.T.);
#1929=ORIENTED_EDGE('',*,*,#1469,.T.);
#1930=ORIENTED_EDGE('',*,*,#1484,.F.);
#1931=ORIENTED_EDGE('',*,*,#1461,.T.);
#1932=ORIENTED_EDGE('',*,*,#1472,.T.);
#1933=ORIENTED_EDGE('',*,*,#1485,.F.);
#1934=ORIENTED_EDGE('',*,*,#1486,.F.);
#1935=ORIENTED_EDGE('',*,*,#1399,.F.);
#1936=ORIENTED_EDGE('',*,*,#1487,.F.);
#1937=ORIENTED_EDGE('',*,*,#1485,.T.);
#1938=ORIENTED_EDGE('',*,*,#1471,.T.);
#1939=ORIENTED_EDGE('',*,*,#1481,.T.);
#1940=ORIENTED_EDGE('',*,*,#1483,.T.);
#1941=ORIENTED_EDGE('',*,*,#1488,.T.);
#1942=ORIENTED_EDGE('',*,*,#1489,.T.);
#1943=ORIENTED_EDGE('',*,*,#1473,.T.);
#1944=ORIENTED_EDGE('',*,*,#1480,.T.);
#1945=ORIENTED_EDGE('',*,*,#1478,.T.);
#1946=ORIENTED_EDGE('',*,*,#1476,.T.);
#1947=ORIENTED_EDGE('',*,*,#1489,.F.);
#1948=ORIENTED_EDGE('',*,*,#1490,.T.);
#1949=ORIENTED_EDGE('',*,*,#1467,.T.);
#1950=ORIENTED_EDGE('',*,*,#1490,.F.);
#1951=ORIENTED_EDGE('',*,*,#1488,.F.);
#1952=ORIENTED_EDGE('',*,*,#1491,.T.);
#1953=ORIENTED_EDGE('',*,*,#1468,.T.);
#1954=ORIENTED_EDGE('',*,*,#1491,.F.);
#1955=ORIENTED_EDGE('',*,*,#1398,.F.);
#1956=ORIENTED_EDGE('',*,*,#1462,.F.);
#1957=ORIENTED_EDGE('',*,*,#1486,.T.);
#1958=ORIENTED_EDGE('',*,*,#1487,.T.);
#1959=ORIENTED_EDGE('',*,*,#1375,.F.);
#1960=ORIENTED_EDGE('',*,*,#1492,.F.);
#1961=ORIENTED_EDGE('',*,*,#1493,.F.);
#1962=ORIENTED_EDGE('',*,*,#1494,.T.);
#1963=ORIENTED_EDGE('',*,*,#1495,.T.);
#1964=ORIENTED_EDGE('',*,*,#1496,.T.);
#1965=ORIENTED_EDGE('',*,*,#1497,.T.);
#1966=ORIENTED_EDGE('',*,*,#1498,.T.);
#1967=ORIENTED_EDGE('',*,*,#1499,.F.);
#1968=ORIENTED_EDGE('',*,*,#1500,.F.);
#1969=ORIENTED_EDGE('',*,*,#1501,.F.);
#1970=ORIENTED_EDGE('',*,*,#1502,.F.);
#1971=ORIENTED_EDGE('',*,*,#1374,.F.);
#1972=ORIENTED_EDGE('',*,*,#1503,.F.);
#1973=ORIENTED_EDGE('',*,*,#1504,.F.);
#1974=ORIENTED_EDGE('',*,*,#1492,.T.);
#1975=ORIENTED_EDGE('',*,*,#1505,.F.);
#1976=ORIENTED_EDGE('',*,*,#1506,.T.);
#1977=ORIENTED_EDGE('',*,*,#1495,.F.);
#1978=ORIENTED_EDGE('',*,*,#1507,.F.);
#1979=ORIENTED_EDGE('',*,*,#1508,.F.);
#1980=ORIENTED_EDGE('',*,*,#1509,.T.);
#1981=ORIENTED_EDGE('',*,*,#1496,.F.);
#1982=ORIENTED_EDGE('',*,*,#1506,.F.);
#1983=ORIENTED_EDGE('',*,*,#1510,.F.);
#1984=ORIENTED_EDGE('',*,*,#1511,.T.);
#1985=ORIENTED_EDGE('',*,*,#1497,.F.);
#1986=ORIENTED_EDGE('',*,*,#1509,.F.);
#1987=ORIENTED_EDGE('',*,*,#1512,.F.);
#1988=ORIENTED_EDGE('',*,*,#1507,.T.);
#1989=ORIENTED_EDGE('',*,*,#1498,.F.);
#1990=ORIENTED_EDGE('',*,*,#1511,.F.);
#1991=ORIENTED_EDGE('',*,*,#1513,.F.);
#1992=ORIENTED_EDGE('',*,*,#1514,.T.);
#1993=ORIENTED_EDGE('',*,*,#1502,.T.);
#1994=ORIENTED_EDGE('',*,*,#1514,.F.);
#1995=ORIENTED_EDGE('',*,*,#1515,.F.);
#1996=ORIENTED_EDGE('',*,*,#1516,.T.);
#1997=ORIENTED_EDGE('',*,*,#1501,.T.);
#1998=ORIENTED_EDGE('',*,*,#1516,.F.);
#1999=ORIENTED_EDGE('',*,*,#1493,.T.);
#2000=ORIENTED_EDGE('',*,*,#1504,.T.);
#2001=ORIENTED_EDGE('',*,*,#1517,.F.);
#2002=ORIENTED_EDGE('',*,*,#1518,.F.);
#2003=ORIENTED_EDGE('',*,*,#1377,.F.);
#2004=ORIENTED_EDGE('',*,*,#1519,.F.);
#2005=ORIENTED_EDGE('',*,*,#1517,.T.);
#2006=ORIENTED_EDGE('',*,*,#1503,.T.);
#2007=ORIENTED_EDGE('',*,*,#1513,.T.);
#2008=ORIENTED_EDGE('',*,*,#1515,.T.);
#2009=ORIENTED_EDGE('',*,*,#1520,.T.);
#2010=ORIENTED_EDGE('',*,*,#1521,.T.);
#2011=ORIENTED_EDGE('',*,*,#1505,.T.);
#2012=ORIENTED_EDGE('',*,*,#1512,.T.);
#2013=ORIENTED_EDGE('',*,*,#1510,.T.);
#2014=ORIENTED_EDGE('',*,*,#1508,.T.);
#2015=ORIENTED_EDGE('',*,*,#1521,.F.);
#2016=ORIENTED_EDGE('',*,*,#1522,.T.);
#2017=ORIENTED_EDGE('',*,*,#1499,.T.);
#2018=ORIENTED_EDGE('',*,*,#1522,.F.);
#2019=ORIENTED_EDGE('',*,*,#1520,.F.);
#2020=ORIENTED_EDGE('',*,*,#1523,.T.);
#2021=ORIENTED_EDGE('',*,*,#1500,.T.);
#2022=ORIENTED_EDGE('',*,*,#1523,.F.);
#2023=ORIENTED_EDGE('',*,*,#1376,.F.);
#2024=ORIENTED_EDGE('',*,*,#1494,.F.);
#2025=ORIENTED_EDGE('',*,*,#1518,.T.);
#2026=ORIENTED_EDGE('',*,*,#1519,.T.);
#2027=ORIENTED_EDGE('',*,*,#1524,.F.);
#2028=ORIENTED_EDGE('',*,*,#1525,.T.);
#2029=ORIENTED_EDGE('',*,*,#1526,.T.);
#2030=ORIENTED_EDGE('',*,*,#1525,.F.);
#2031=ORIENTED_EDGE('',*,*,#1395,.F.);
#2032=ORIENTED_EDGE('',*,*,#1527,.T.);
#2033=ORIENTED_EDGE('',*,*,#1528,.T.);
#2034=ORIENTED_EDGE('',*,*,#1527,.F.);
#2035=ORIENTED_EDGE('',*,*,#1528,.F.);
#2036=ORIENTED_EDGE('',*,*,#1526,.F.);
#2037=ORIENTED_EDGE('',*,*,#1524,.T.);
#2038=ORIENTED_EDGE('',*,*,#1529,.F.);
#2039=ORIENTED_EDGE('',*,*,#1530,.T.);
#2040=ORIENTED_EDGE('',*,*,#1531,.T.);
#2041=ORIENTED_EDGE('',*,*,#1530,.F.);
#2042=ORIENTED_EDGE('',*,*,#1378,.F.);
#2043=ORIENTED_EDGE('',*,*,#1532,.T.);
#2044=ORIENTED_EDGE('',*,*,#1533,.T.);
#2045=ORIENTED_EDGE('',*,*,#1532,.F.);
#2046=ORIENTED_EDGE('',*,*,#1533,.F.);
#2047=ORIENTED_EDGE('',*,*,#1531,.F.);
#2048=ORIENTED_EDGE('',*,*,#1529,.T.);
#2049=ORIENTED_EDGE('',*,*,#1534,.F.);
#2050=ORIENTED_EDGE('',*,*,#1535,.T.);
#2051=ORIENTED_EDGE('',*,*,#1536,.T.);
#2052=ORIENTED_EDGE('',*,*,#1535,.F.);
#2053=ORIENTED_EDGE('',*,*,#1394,.F.);
#2054=ORIENTED_EDGE('',*,*,#1537,.T.);
#2055=ORIENTED_EDGE('',*,*,#1538,.T.);
#2056=ORIENTED_EDGE('',*,*,#1537,.F.);
#2057=ORIENTED_EDGE('',*,*,#1538,.F.);
#2058=ORIENTED_EDGE('',*,*,#1536,.F.);
#2059=ORIENTED_EDGE('',*,*,#1534,.T.);
#2060=ORIENTED_EDGE('',*,*,#1539,.F.);
#2061=ORIENTED_EDGE('',*,*,#1540,.T.);
#2062=ORIENTED_EDGE('',*,*,#1541,.T.);
#2063=ORIENTED_EDGE('',*,*,#1540,.F.);
#2064=ORIENTED_EDGE('',*,*,#1379,.F.);
#2065=ORIENTED_EDGE('',*,*,#1542,.T.);
#2066=ORIENTED_EDGE('',*,*,#1543,.T.);
#2067=ORIENTED_EDGE('',*,*,#1542,.F.);
#2068=ORIENTED_EDGE('',*,*,#1543,.F.);
#2069=ORIENTED_EDGE('',*,*,#1541,.F.);
#2070=ORIENTED_EDGE('',*,*,#1539,.T.);
#2071=ORIENTED_EDGE('',*,*,#1544,.F.);
#2072=ORIENTED_EDGE('',*,*,#1545,.T.);
#2073=ORIENTED_EDGE('',*,*,#1546,.T.);
#2074=ORIENTED_EDGE('',*,*,#1545,.F.);
#2075=ORIENTED_EDGE('',*,*,#1393,.F.);
#2076=ORIENTED_EDGE('',*,*,#1547,.T.);
#2077=ORIENTED_EDGE('',*,*,#1548,.T.);
#2078=ORIENTED_EDGE('',*,*,#1547,.F.);
#2079=ORIENTED_EDGE('',*,*,#1548,.F.);
#2080=ORIENTED_EDGE('',*,*,#1546,.F.);
#2081=ORIENTED_EDGE('',*,*,#1544,.T.);
#2082=ORIENTED_EDGE('',*,*,#1549,.F.);
#2083=ORIENTED_EDGE('',*,*,#1550,.T.);
#2084=ORIENTED_EDGE('',*,*,#1551,.T.);
#2085=ORIENTED_EDGE('',*,*,#1550,.F.);
#2086=ORIENTED_EDGE('',*,*,#1380,.F.);
#2087=ORIENTED_EDGE('',*,*,#1552,.T.);
#2088=ORIENTED_EDGE('',*,*,#1553,.T.);
#2089=ORIENTED_EDGE('',*,*,#1552,.F.);
#2090=ORIENTED_EDGE('',*,*,#1553,.F.);
#2091=ORIENTED_EDGE('',*,*,#1551,.F.);
#2092=ORIENTED_EDGE('',*,*,#1549,.T.);
#2093=ORIENTED_EDGE('',*,*,#1554,.F.);
#2094=ORIENTED_EDGE('',*,*,#1555,.T.);
#2095=ORIENTED_EDGE('',*,*,#1556,.T.);
#2096=ORIENTED_EDGE('',*,*,#1555,.F.);
#2097=ORIENTED_EDGE('',*,*,#1392,.F.);
#2098=ORIENTED_EDGE('',*,*,#1557,.T.);
#2099=ORIENTED_EDGE('',*,*,#1558,.T.);
#2100=ORIENTED_EDGE('',*,*,#1557,.F.);
#2101=ORIENTED_EDGE('',*,*,#1558,.F.);
#2102=ORIENTED_EDGE('',*,*,#1556,.F.);
#2103=ORIENTED_EDGE('',*,*,#1554,.T.);
#2104=ORIENTED_EDGE('',*,*,#1559,.F.);
#2105=ORIENTED_EDGE('',*,*,#1560,.T.);
#2106=ORIENTED_EDGE('',*,*,#1561,.T.);
#2107=ORIENTED_EDGE('',*,*,#1560,.F.);
#2108=ORIENTED_EDGE('',*,*,#1381,.F.);
#2109=ORIENTED_EDGE('',*,*,#1562,.T.);
#2110=ORIENTED_EDGE('',*,*,#1563,.T.);
#2111=ORIENTED_EDGE('',*,*,#1562,.F.);
#2112=ORIENTED_EDGE('',*,*,#1563,.F.);
#2113=ORIENTED_EDGE('',*,*,#1561,.F.);
#2114=ORIENTED_EDGE('',*,*,#1559,.T.);
#2115=ORIENTED_EDGE('',*,*,#1564,.F.);
#2116=ORIENTED_EDGE('',*,*,#1565,.T.);
#2117=ORIENTED_EDGE('',*,*,#1566,.T.);
#2118=ORIENTED_EDGE('',*,*,#1565,.F.);
#2119=ORIENTED_EDGE('',*,*,#1391,.F.);
#2120=ORIENTED_EDGE('',*,*,#1567,.T.);
#2121=ORIENTED_EDGE('',*,*,#1568,.T.);
#2122=ORIENTED_EDGE('',*,*,#1567,.F.);
#2123=ORIENTED_EDGE('',*,*,#1568,.F.);
#2124=ORIENTED_EDGE('',*,*,#1566,.F.);
#2125=ORIENTED_EDGE('',*,*,#1564,.T.);
#2126=ORIENTED_EDGE('',*,*,#1569,.F.);
#2127=ORIENTED_EDGE('',*,*,#1570,.T.);
#2128=ORIENTED_EDGE('',*,*,#1571,.T.);
#2129=ORIENTED_EDGE('',*,*,#1570,.F.);
#2130=ORIENTED_EDGE('',*,*,#1382,.F.);
#2131=ORIENTED_EDGE('',*,*,#1572,.T.);
#2132=ORIENTED_EDGE('',*,*,#1573,.T.);
#2133=ORIENTED_EDGE('',*,*,#1572,.F.);
#2134=ORIENTED_EDGE('',*,*,#1573,.F.);
#2135=ORIENTED_EDGE('',*,*,#1571,.F.);
#2136=ORIENTED_EDGE('',*,*,#1569,.T.);
#2137=ORIENTED_EDGE('',*,*,#1574,.F.);
#2138=ORIENTED_EDGE('',*,*,#1575,.T.);
#2139=ORIENTED_EDGE('',*,*,#1576,.T.);
#2140=ORIENTED_EDGE('',*,*,#1575,.F.);
#2141=ORIENTED_EDGE('',*,*,#1390,.F.);
#2142=ORIENTED_EDGE('',*,*,#1577,.T.);
#2143=ORIENTED_EDGE('',*,*,#1578,.T.);
#2144=ORIENTED_EDGE('',*,*,#1577,.F.);
#2145=ORIENTED_EDGE('',*,*,#1578,.F.);
#2146=ORIENTED_EDGE('',*,*,#1576,.F.);
#2147=ORIENTED_EDGE('',*,*,#1574,.T.);
#2148=ORIENTED_EDGE('',*,*,#1579,.F.);
#2149=ORIENTED_EDGE('',*,*,#1580,.T.);
#2150=ORIENTED_EDGE('',*,*,#1581,.T.);
#2151=ORIENTED_EDGE('',*,*,#1580,.F.);
#2152=ORIENTED_EDGE('',*,*,#1383,.F.);
#2153=ORIENTED_EDGE('',*,*,#1582,.T.);
#2154=ORIENTED_EDGE('',*,*,#1583,.T.);
#2155=ORIENTED_EDGE('',*,*,#1582,.F.);
#2156=ORIENTED_EDGE('',*,*,#1583,.F.);
#2157=ORIENTED_EDGE('',*,*,#1581,.F.);
#2158=ORIENTED_EDGE('',*,*,#1579,.T.);
#2159=ORIENTED_EDGE('',*,*,#1584,.F.);
#2160=ORIENTED_EDGE('',*,*,#1585,.T.);
#2161=ORIENTED_EDGE('',*,*,#1586,.T.);
#2162=ORIENTED_EDGE('',*,*,#1585,.F.);
#2163=ORIENTED_EDGE('',*,*,#1389,.F.);
#2164=ORIENTED_EDGE('',*,*,#1587,.T.);
#2165=ORIENTED_EDGE('',*,*,#1588,.T.);
#2166=ORIENTED_EDGE('',*,*,#1587,.F.);
#2167=ORIENTED_EDGE('',*,*,#1588,.F.);
#2168=ORIENTED_EDGE('',*,*,#1586,.F.);
#2169=ORIENTED_EDGE('',*,*,#1584,.T.);
#2170=ORIENTED_EDGE('',*,*,#1589,.F.);
#2171=ORIENTED_EDGE('',*,*,#1590,.T.);
#2172=ORIENTED_EDGE('',*,*,#1591,.T.);
#2173=ORIENTED_EDGE('',*,*,#1590,.F.);
#2174=ORIENTED_EDGE('',*,*,#1384,.F.);
#2175=ORIENTED_EDGE('',*,*,#1592,.T.);
#2176=ORIENTED_EDGE('',*,*,#1593,.T.);
#2177=ORIENTED_EDGE('',*,*,#1592,.F.);
#2178=ORIENTED_EDGE('',*,*,#1593,.F.);
#2179=ORIENTED_EDGE('',*,*,#1591,.F.);
#2180=ORIENTED_EDGE('',*,*,#1589,.T.);
#2181=ORIENTED_EDGE('',*,*,#1594,.F.);
#2182=ORIENTED_EDGE('',*,*,#1595,.T.);
#2183=ORIENTED_EDGE('',*,*,#1596,.T.);
#2184=ORIENTED_EDGE('',*,*,#1595,.F.);
#2185=ORIENTED_EDGE('',*,*,#1388,.F.);
#2186=ORIENTED_EDGE('',*,*,#1597,.T.);
#2187=ORIENTED_EDGE('',*,*,#1598,.T.);
#2188=ORIENTED_EDGE('',*,*,#1597,.F.);
#2189=ORIENTED_EDGE('',*,*,#1598,.F.);
#2190=ORIENTED_EDGE('',*,*,#1596,.F.);
#2191=ORIENTED_EDGE('',*,*,#1594,.T.);
#2192=ORIENTED_EDGE('',*,*,#1599,.F.);
#2193=ORIENTED_EDGE('',*,*,#1600,.T.);
#2194=ORIENTED_EDGE('',*,*,#1601,.T.);
#2195=ORIENTED_EDGE('',*,*,#1600,.F.);
#2196=ORIENTED_EDGE('',*,*,#1385,.F.);
#2197=ORIENTED_EDGE('',*,*,#1602,.T.);
#2198=ORIENTED_EDGE('',*,*,#1603,.T.);
#2199=ORIENTED_EDGE('',*,*,#1602,.F.);
#2200=ORIENTED_EDGE('',*,*,#1603,.F.);
#2201=ORIENTED_EDGE('',*,*,#1601,.F.);
#2202=ORIENTED_EDGE('',*,*,#1604,.F.);
#2203=ORIENTED_EDGE('',*,*,#1605,.T.);
#2204=ORIENTED_EDGE('',*,*,#1606,.T.);
#2205=ORIENTED_EDGE('',*,*,#1605,.F.);
#2206=ORIENTED_EDGE('',*,*,#1411,.F.);
#2207=ORIENTED_EDGE('',*,*,#1606,.F.);
#2208=ORIENTED_EDGE('',*,*,#1604,.T.);
#2209=ORIENTED_EDGE('',*,*,#1373,.F.);
#2210=ORIENTED_EDGE('',*,*,#1607,.T.);
#2211=ORIENTED_EDGE('',*,*,#1608,.T.);
#2212=ORIENTED_EDGE('',*,*,#1607,.F.);
#2213=ORIENTED_EDGE('',*,*,#1609,.F.);
#2214=ORIENTED_EDGE('',*,*,#1610,.T.);
#2215=ORIENTED_EDGE('',*,*,#1611,.T.);
#2216=ORIENTED_EDGE('',*,*,#1610,.F.);
#2217=ORIENTED_EDGE('',*,*,#1608,.F.);
#2218=ORIENTED_EDGE('',*,*,#1611,.F.);
#2219=ORIENTED_EDGE('',*,*,#1609,.T.);
#2220=ORIENTED_EDGE('',*,*,#1612,.F.);
#2221=ORIENTED_EDGE('',*,*,#1613,.T.);
#2222=ORIENTED_EDGE('',*,*,#1614,.T.);
#2223=ORIENTED_EDGE('',*,*,#1613,.F.);
#2224=ORIENTED_EDGE('',*,*,#1387,.F.);
#2225=ORIENTED_EDGE('',*,*,#1615,.T.);
#2226=ORIENTED_EDGE('',*,*,#1616,.T.);
#2227=ORIENTED_EDGE('',*,*,#1615,.F.);
#2228=ORIENTED_EDGE('',*,*,#1616,.F.);
#2229=ORIENTED_EDGE('',*,*,#1614,.F.);
#2230=ORIENTED_EDGE('',*,*,#1599,.T.);
#2231=ORIENTED_EDGE('',*,*,#1617,.F.);
#2232=ORIENTED_EDGE('',*,*,#1618,.T.);
#2233=ORIENTED_EDGE('',*,*,#1619,.T.);
#2234=ORIENTED_EDGE('',*,*,#1618,.F.);
#2235=ORIENTED_EDGE('',*,*,#1386,.F.);
#2236=ORIENTED_EDGE('',*,*,#1620,.T.);
#2237=ORIENTED_EDGE('',*,*,#1621,.T.);
#2238=ORIENTED_EDGE('',*,*,#1620,.F.);
#2239=ORIENTED_EDGE('',*,*,#1621,.F.);
#2240=ORIENTED_EDGE('',*,*,#1619,.F.);
#2241=ORIENTED_EDGE('',*,*,#1612,.T.);
#2242=ORIENTED_EDGE('',*,*,#1617,.T.);
#2243=ORIENTED_EDGE('',*,*,#1357,.T.);
#2244=ORIENTED_EDGE('',*,*,#1361,.F.);
#2245=ORIENTED_EDGE('',*,*,#1326,.F.);
#2246=ORIENTED_EDGE('',*,*,#1363,.F.);
#2247=ORIENTED_EDGE('',*,*,#1338,.T.);
#2248=ORIENTED_EDGE('',*,*,#1362,.T.);
#2249=ORIENTED_EDGE('',*,*,#1318,.F.);
#2250=ORIENTED_EDGE('',*,*,#1344,.F.);
#2251=ORIENTED_EDGE('',*,*,#1334,.T.);
#2252=ORIENTED_EDGE('',*,*,#1622,.T.);
#2253=ORIENTED_EDGE('',*,*,#1320,.F.);
#2254=ORIENTED_EDGE('',*,*,#1347,.F.);
#2255=ORIENTED_EDGE('',*,*,#1337,.T.);
#2256=ORIENTED_EDGE('',*,*,#1346,.T.);
#2257=ORIENTED_EDGE('',*,*,#1321,.F.);
#2258=ORIENTED_EDGE('',*,*,#1622,.F.);
#2259=PLANE('',#2542);
#2260=PLANE('',#2543);
#2261=PLANE('',#2544);
#2262=PLANE('',#2547);
#2263=PLANE('',#2548);
#2264=PLANE('',#2551);
#2265=PLANE('',#2552);
#2266=PLANE('',#2553);
#2267=PLANE('',#2555);
#2268=PLANE('',#2556);
#2269=PLANE('',#2557);
#2270=PLANE('',#2558);
#2271=PLANE('',#2559);
#2272=PLANE('',#2560);
#2273=PLANE('',#2561);
#2274=PLANE('',#2562);
#2275=PLANE('',#2593);
#2276=PLANE('',#2594);
#2277=PLANE('',#2596);
#2278=PLANE('',#2604);
#2279=PLANE('',#2606);
#2280=PLANE('',#2613);
#2281=PLANE('',#2614);
#2282=PLANE('',#2620);
#2283=PLANE('',#2621);
#2284=PLANE('',#2625);
#2285=PLANE('',#2626);
#2286=PLANE('',#2632);
#2287=PLANE('',#2633);
#2288=PLANE('',#2640);
#2289=PLANE('',#2643);
#2290=PLANE('',#2644);
#2291=PLANE('',#2652);
#2292=PLANE('',#2653);
#2293=PLANE('',#2656);
#2294=PLANE('',#2660);
#2295=PLANE('',#2661);
#2296=PLANE('',#2666);
#2297=PLANE('',#2667);
#2298=PLANE('',#2672);
#2299=PLANE('',#2673);
#2300=PLANE('',#2674);
#2301=PLANE('',#2675);
#2302=PLANE('',#2676);
#2303=PLANE('',#2681);
#2304=PLANE('',#2682);
#2305=PLANE('',#2687);
#2306=PLANE('',#2688);
#2307=PLANE('',#2693);
#2308=PLANE('',#2694);
#2309=PLANE('',#2695);
#2310=PLANE('',#2696);
#2311=PLANE('',#2697);
#2312=PLANE('',#2702);
#2313=PLANE('',#2703);
#2314=PLANE('',#2708);
#2315=PLANE('',#2714);
#2316=PLANE('',#2715);
#2317=PLANE('',#2721);
#2318=PLANE('',#2722);
#2319=PLANE('',#2728);
#2320=PLANE('',#2729);
#2321=PLANE('',#2735);
#2322=PLANE('',#2736);
#2323=PLANE('',#2742);
#2324=PLANE('',#2743);
#2325=PLANE('',#2749);
#2326=PLANE('',#2750);
#2327=PLANE('',#2756);
#2328=PLANE('',#2757);
#2329=PLANE('',#2763);
#2330=PLANE('',#2764);
#2331=PLANE('',#2770);
#2332=PLANE('',#2771);
#2333=PLANE('',#2777);
#2334=PLANE('',#2778);
#2335=PLANE('',#2784);
#2336=PLANE('',#2785);
#2337=PLANE('',#2791);
#2338=PLANE('',#2792);
#2339=PLANE('',#2798);
#2340=PLANE('',#2799);
#2341=PLANE('',#2805);
#2342=PLANE('',#2806);
#2343=PLANE('',#2812);
#2344=PLANE('',#2813);
#2345=PLANE('',#2819);
#2346=PLANE('',#2823);
#2347=PLANE('',#2824);
#2348=PLANE('',#2830);
#2349=PLANE('',#2831);
#2350=PLANE('',#2837);
#2351=PLANE('',#2838);
#2352=PLANE('',#2844);
#2353=PLANE('',#2845);
#2354=PLANE('',#2846);
#2355=PLANE('',#2847);
#2356=PLANE('',#2848);
#2357=PLANE('',#2849);
#2358=ADVANCED_FACE('',(#314),#2259,.T.);
#2359=ADVANCED_FACE('',(#315),#2260,.T.);
#2360=ADVANCED_FACE('',(#316,#229,#230),#2261,.T.);
#2361=ADVANCED_FACE('',(#317),#2262,.T.);
#2362=ADVANCED_FACE('',(#318,#231,#232),#2263,.T.);
#2363=ADVANCED_FACE('',(#319),#2264,.T.);
#2364=ADVANCED_FACE('',(#320),#2265,.F.);
#2365=ADVANCED_FACE('',(#321),#2266,.F.);
#2366=ADVANCED_FACE('',(#322),#19,.F.);
#2367=ADVANCED_FACE('',(#323),#2267,.F.);
#2368=ADVANCED_FACE('',(#324),#2268,.F.);
#2369=ADVANCED_FACE('',(#325),#2269,.F.);
#2370=ADVANCED_FACE('',(#326),#2270,.T.);
#2371=ADVANCED_FACE('',(#327),#2271,.F.);
#2372=ADVANCED_FACE('',(#328),#2272,.T.);
#2373=ADVANCED_FACE('',(#329),#2273,.F.);
#2374=ADVANCED_FACE('',(#330,#233,#234,#235,#236,#237,#238,#239,#240,#241,
#242,#243,#244,#245,#246,#247,#248,#249,#250,#251,#252,#253,#254,#255,#256,
#257,#258,#259,#260,#261,#262,#263),#2274,.T.);
#2375=ADVANCED_FACE('',(#331),#2275,.T.);
#2376=ADVANCED_FACE('',(#332),#2276,.T.);
#2377=ADVANCED_FACE('',(#333),#2277,.T.);
#2378=ADVANCED_FACE('',(#334),#20,.T.);
#2379=ADVANCED_FACE('',(#335),#21,.T.);
#2380=ADVANCED_FACE('',(#336),#22,.T.);
#2381=ADVANCED_FACE('',(#337),#2278,.F.);
#2382=ADVANCED_FACE('',(#338),#2279,.F.);
#2383=ADVANCED_FACE('',(#339),#23,.T.);
#2384=ADVANCED_FACE('',(#340),#24,.F.);
#2385=ADVANCED_FACE('',(#341,#264),#2280,.F.);
#2386=ADVANCED_FACE('',(#342),#2281,.T.);
#2387=ADVANCED_FACE('',(#343),#25,.F.);
#2388=ADVANCED_FACE('',(#344),#26,.T.);
#2389=ADVANCED_FACE('',(#345,#265),#2282,.F.);
#2390=ADVANCED_FACE('',(#346),#2283,.T.);
#2391=ADVANCED_FACE('',(#347),#27,.F.);
#2392=ADVANCED_FACE('',(#348,#266),#2284,.F.);
#2393=ADVANCED_FACE('',(#349),#2285,.T.);
#2394=ADVANCED_FACE('',(#350),#28,.T.);
#2395=ADVANCED_FACE('',(#351),#29,.F.);
#2396=ADVANCED_FACE('',(#352,#267),#2286,.F.);
#2397=ADVANCED_FACE('',(#353),#2287,.T.);
#2398=ADVANCED_FACE('',(#354),#30,.T.);
#2399=ADVANCED_FACE('',(#355),#31,.F.);
#2400=ADVANCED_FACE('',(#356),#32,.F.);
#2401=ADVANCED_FACE('',(#357),#2288,.T.);
#2402=ADVANCED_FACE('',(#358),#33,.T.);
#2403=ADVANCED_FACE('',(#359),#2289,.T.);
#2404=ADVANCED_FACE('',(#360,#268,#269),#2290,.F.);
#2405=ADVANCED_FACE('',(#361),#34,.T.);
#2406=ADVANCED_FACE('',(#362),#35,.F.);
#2407=ADVANCED_FACE('',(#363),#36,.T.);
#2408=ADVANCED_FACE('',(#364,#270),#2291,.F.);
#2409=ADVANCED_FACE('',(#365),#2292,.T.);
#2410=ADVANCED_FACE('',(#366),#37,.F.);
#2411=ADVANCED_FACE('',(#367,#271),#2293,.F.);
#2412=ADVANCED_FACE('',(#368),#38,.F.);
#2413=ADVANCED_FACE('',(#369,#272),#2294,.F.);
#2414=ADVANCED_FACE('',(#370),#2295,.T.);
#2415=ADVANCED_FACE('',(#371),#39,.F.);
#2416=ADVANCED_FACE('',(#372),#40,.T.);
#2417=ADVANCED_FACE('',(#373,#273),#2296,.F.);
#2418=ADVANCED_FACE('',(#374,#274,#275,#276,#277,#278),#2297,.T.);
#2419=ADVANCED_FACE('',(#375),#2298,.T.);
#2420=ADVANCED_FACE('',(#376),#2299,.F.);
#2421=ADVANCED_FACE('',(#377),#2300,.F.);
#2422=ADVANCED_FACE('',(#378),#2301,.F.);
#2423=ADVANCED_FACE('',(#379),#2302,.F.);
#2424=ADVANCED_FACE('',(#380),#41,.F.);
#2425=ADVANCED_FACE('',(#381),#42,.F.);
#2426=ADVANCED_FACE('',(#382),#2303,.T.);
#2427=ADVANCED_FACE('',(#383,#279,#280,#281,#282,#283),#2304,.F.);
#2428=ADVANCED_FACE('',(#384),#43,.F.);
#2429=ADVANCED_FACE('',(#385),#44,.F.);
#2430=ADVANCED_FACE('',(#386),#2305,.T.);
#2431=ADVANCED_FACE('',(#387,#284,#285,#286,#287,#288),#2306,.T.);
#2432=ADVANCED_FACE('',(#388),#2307,.T.);
#2433=ADVANCED_FACE('',(#389),#2308,.F.);
#2434=ADVANCED_FACE('',(#390),#2309,.F.);
#2435=ADVANCED_FACE('',(#391),#2310,.F.);
#2436=ADVANCED_FACE('',(#392),#2311,.F.);
#2437=ADVANCED_FACE('',(#393),#45,.F.);
#2438=ADVANCED_FACE('',(#394),#46,.F.);
#2439=ADVANCED_FACE('',(#395),#2312,.T.);
#2440=ADVANCED_FACE('',(#396,#289,#290,#291,#292,#293),#2313,.F.);
#2441=ADVANCED_FACE('',(#397),#47,.F.);
#2442=ADVANCED_FACE('',(#398),#48,.F.);
#2443=ADVANCED_FACE('',(#399),#2314,.T.);
#2444=ADVANCED_FACE('',(#400),#49,.F.);
#2445=ADVANCED_FACE('',(#401),#50,.T.);
#2446=ADVANCED_FACE('',(#402,#294),#2315,.F.);
#2447=ADVANCED_FACE('',(#403),#2316,.T.);
#2448=ADVANCED_FACE('',(#404),#51,.F.);
#2449=ADVANCED_FACE('',(#405),#52,.T.);
#2450=ADVANCED_FACE('',(#406,#295),#2317,.F.);
#2451=ADVANCED_FACE('',(#407),#2318,.T.);
#2452=ADVANCED_FACE('',(#408),#53,.F.);
#2453=ADVANCED_FACE('',(#409),#54,.T.);
#2454=ADVANCED_FACE('',(#410,#296),#2319,.F.);
#2455=ADVANCED_FACE('',(#411),#2320,.T.);
#2456=ADVANCED_FACE('',(#412),#55,.F.);
#2457=ADVANCED_FACE('',(#413),#56,.T.);
#2458=ADVANCED_FACE('',(#414,#297),#2321,.F.);
#2459=ADVANCED_FACE('',(#415),#2322,.T.);
#2460=ADVANCED_FACE('',(#416),#57,.F.);
#2461=ADVANCED_FACE('',(#417),#58,.T.);
#2462=ADVANCED_FACE('',(#418,#298),#2323,.F.);
#2463=ADVANCED_FACE('',(#419),#2324,.T.);
#2464=ADVANCED_FACE('',(#420),#59,.F.);
#2465=ADVANCED_FACE('',(#421),#60,.T.);
#2466=ADVANCED_FACE('',(#422,#299),#2325,.F.);
#2467=ADVANCED_FACE('',(#423),#2326,.T.);
#2468=ADVANCED_FACE('',(#424),#61,.F.);
#2469=ADVANCED_FACE('',(#425),#62,.T.);
#2470=ADVANCED_FACE('',(#426,#300),#2327,.F.);
#2471=ADVANCED_FACE('',(#427),#2328,.T.);
#2472=ADVANCED_FACE('',(#428),#63,.F.);
#2473=ADVANCED_FACE('',(#429),#64,.T.);
#2474=ADVANCED_FACE('',(#430,#301),#2329,.F.);
#2475=ADVANCED_FACE('',(#431),#2330,.T.);
#2476=ADVANCED_FACE('',(#432),#65,.F.);
#2477=ADVANCED_FACE('',(#433),#66,.T.);
#2478=ADVANCED_FACE('',(#434,#302),#2331,.F.);
#2479=ADVANCED_FACE('',(#435),#2332,.T.);
#2480=ADVANCED_FACE('',(#436),#67,.F.);
#2481=ADVANCED_FACE('',(#437),#68,.T.);
#2482=ADVANCED_FACE('',(#438,#303),#2333,.F.);
#2483=ADVANCED_FACE('',(#439),#2334,.T.);
#2484=ADVANCED_FACE('',(#440),#69,.F.);
#2485=ADVANCED_FACE('',(#441),#70,.T.);
#2486=ADVANCED_FACE('',(#442,#304),#2335,.F.);
#2487=ADVANCED_FACE('',(#443),#2336,.T.);
#2488=ADVANCED_FACE('',(#444),#71,.F.);
#2489=ADVANCED_FACE('',(#445),#72,.T.);
#2490=ADVANCED_FACE('',(#446,#305),#2337,.F.);
#2491=ADVANCED_FACE('',(#447),#2338,.T.);
#2492=ADVANCED_FACE('',(#448),#73,.F.);
#2493=ADVANCED_FACE('',(#449),#74,.T.);
#2494=ADVANCED_FACE('',(#450,#306),#2339,.F.);
#2495=ADVANCED_FACE('',(#451),#2340,.T.);
#2496=ADVANCED_FACE('',(#452),#75,.F.);
#2497=ADVANCED_FACE('',(#453),#76,.T.);
#2498=ADVANCED_FACE('',(#454,#307),#2341,.F.);
#2499=ADVANCED_FACE('',(#455),#2342,.T.);
#2500=ADVANCED_FACE('',(#456),#77,.F.);
#2501=ADVANCED_FACE('',(#457),#78,.T.);
#2502=ADVANCED_FACE('',(#458,#308),#2343,.F.);
#2503=ADVANCED_FACE('',(#459),#2344,.T.);
#2504=ADVANCED_FACE('',(#460),#79,.F.);
#2505=ADVANCED_FACE('',(#461),#80,.T.);
#2506=ADVANCED_FACE('',(#462,#309),#2345,.F.);
#2507=ADVANCED_FACE('',(#463),#81,.F.);
#2508=ADVANCED_FACE('',(#464,#310),#2346,.F.);
#2509=ADVANCED_FACE('',(#465),#2347,.T.);
#2510=ADVANCED_FACE('',(#466),#82,.T.);
#2511=ADVANCED_FACE('',(#467),#83,.F.);
#2512=ADVANCED_FACE('',(#468,#311),#2348,.F.);
#2513=ADVANCED_FACE('',(#469),#2349,.T.);
#2514=ADVANCED_FACE('',(#470),#84,.F.);
#2515=ADVANCED_FACE('',(#471),#85,.T.);
#2516=ADVANCED_FACE('',(#472,#312),#2350,.F.);
#2517=ADVANCED_FACE('',(#473),#2351,.T.);
#2518=ADVANCED_FACE('',(#474),#86,.F.);
#2519=ADVANCED_FACE('',(#475),#87,.T.);
#2520=ADVANCED_FACE('',(#476,#313),#2352,.F.);
#2521=ADVANCED_FACE('',(#477),#2353,.T.);
#2522=ADVANCED_FACE('',(#478),#2354,.T.);
#2523=ADVANCED_FACE('',(#479),#2355,.T.);
#2524=ADVANCED_FACE('',(#480),#2356,.F.);
#2525=ADVANCED_FACE('',(#481),#2357,.F.);
#2526=ADVANCED_FACE('',(#482),#88,.F.);
#2527=CLOSED_SHELL('',(#2358,#2359,#2360,#2361,#2362,#2363,#2364,#2365,
#2366,#2367,#2368,#2369,#2370,#2371,#2372,#2373,#2374,#2375,#2376,#2377,
#2378,#2379,#2380,#2381,#2382,#2383,#2384,#2385,#2386,#2387,#2388,#2389,
#2390,#2391,#2392,#2393,#2394,#2395,#2396,#2397,#2398,#2399,#2400,#2401,
#2402,#2403,#2404,#2405,#2406,#2407,#2408,#2409,#2410,#2411,#2412,#2413,
#2414,#2415,#2416,#2417,#2418,#2419,#2420,#2421,#2422,#2423,#2424,#2425,
#2426,#2427,#2428,#2429,#2430,#2431,#2432,#2433,#2434,#2435,#2436,#2437,
#2438,#2439,#2440,#2441,#2442,#2443,#2444,#2445,#2446,#2447,#2448,#2449,
#2450,#2451,#2452,#2453,#2454,#2455,#2456,#2457,#2458,#2459,#2460,#2461,
#2462,#2463,#2464,#2465,#2466,#2467,#2468,#2469,#2470,#2471,#2472,#2473,
#2474,#2475,#2476,#2477,#2478,#2479,#2480,#2481,#2482,#2483,#2484,#2485,
#2486,#2487,#2488,#2489,#2490,#2491,#2492,#2493,#2494,#2495,#2496,#2497,
#2498,#2499,#2500,#2501,#2502,#2503,#2504,#2505,#2506,#2507,#2508,#2509,
#2510,#2511,#2512,#2513,#2514,#2515,#2516,#2517,#2518,#2519,#2520,#2521,
#2522,#2523,#2524,#2525,#2526));
#2528=DERIVED_UNIT_ELEMENT(#2530,1.);
#2529=DERIVED_UNIT_ELEMENT(#4363,-3.);
#2530=(
MASS_UNIT()
NAMED_UNIT(*)
SI_UNIT(.KILO.,.GRAM.)
);
#2531=DERIVED_UNIT((#2528,#2529));
#2532=MEASURE_REPRESENTATION_ITEM('density measure',
POSITIVE_RATIO_MEASURE(7850.),#2531);
#2533=PROPERTY_DEFINITION_REPRESENTATION(#2538,#2535);
#2534=PROPERTY_DEFINITION_REPRESENTATION(#2539,#2536);
#2535=REPRESENTATION('material name',(#2537),#4360);
#2536=REPRESENTATION('density',(#2532),#4360);
#2537=DESCRIPTIVE_REPRESENTATION_ITEM('Steel','Steel');
#2538=PROPERTY_DEFINITION('material property','material name',#4375);
#2539=PROPERTY_DEFINITION('material property','density of part',#4375);
#2540=AXIS2_PLACEMENT_3D('',#3654,#2852,#2853);
#2541=AXIS2_PLACEMENT_3D('',#3655,#2854,#2855);
#2542=AXIS2_PLACEMENT_3D('',#3656,#2856,#2857);
#2543=AXIS2_PLACEMENT_3D('',#3665,#2862,#2863);
#2544=AXIS2_PLACEMENT_3D('',#3674,#2868,#2869);
#2545=AXIS2_PLACEMENT_3D('',#3692,#2878,#2879);
#2546=AXIS2_PLACEMENT_3D('',#3695,#2881,#2882);
#2547=AXIS2_PLACEMENT_3D('',#3696,#2883,#2884);
#2548=AXIS2_PLACEMENT_3D('',#3710,#2892,#2893);
#2549=AXIS2_PLACEMENT_3D('',#3720,#2898,#2899);
#2550=AXIS2_PLACEMENT_3D('',#3723,#2901,#2902);
#2551=AXIS2_PLACEMENT_3D('',#3732,#2907,#2908);
#2552=AXIS2_PLACEMENT_3D('',#3735,#2911,#2912);
#2553=AXIS2_PLACEMENT_3D('',#3737,#2914,#2915);
#2554=AXIS2_PLACEMENT_3D('',#3740,#2918,#2919);
#2555=AXIS2_PLACEMENT_3D('',#3742,#2921,#2922);
#2556=AXIS2_PLACEMENT_3D('',#3752,#2929,#2930);
#2557=AXIS2_PLACEMENT_3D('',#3761,#2936,#2937);
#2558=AXIS2_PLACEMENT_3D('',#3763,#2939,#2940);
#2559=AXIS2_PLACEMENT_3D('',#3765,#2942,#2943);
#2560=AXIS2_PLACEMENT_3D('',#3767,#2945,#2946);
#2561=AXIS2_PLACEMENT_3D('',#3769,#2948,#2949);
#2562=AXIS2_PLACEMENT_3D('',#3771,#2951,#2952);
#2563=AXIS2_PLACEMENT_3D('',#3773,#2953,#2954);
#2564=AXIS2_PLACEMENT_3D('',#3775,#2955,#2956);
#2565=AXIS2_PLACEMENT_3D('',#3777,#2957,#2958);
#2566=AXIS2_PLACEMENT_3D('',#3779,#2959,#2960);
#2567=AXIS2_PLACEMENT_3D('',#3782,#2961,#2962);
#2568=AXIS2_PLACEMENT_3D('',#3786,#2964,#2965);
#2569=AXIS2_PLACEMENT_3D('',#3789,#2967,#2968);
#2570=AXIS2_PLACEMENT_3D('',#3791,#2969,#2970);
#2571=AXIS2_PLACEMENT_3D('',#3801,#2975,#2976);
#2572=AXIS2_PLACEMENT_3D('',#3803,#2977,#2978);
#2573=AXIS2_PLACEMENT_3D('',#3805,#2979,#2980);
#2574=AXIS2_PLACEMENT_3D('',#3807,#2981,#2982);
#2575=AXIS2_PLACEMENT_3D('',#3809,#2983,#2984);
#2576=AXIS2_PLACEMENT_3D('',#3811,#2985,#2986);
#2577=AXIS2_PLACEMENT_3D('',#3813,#2987,#2988);
#2578=AXIS2_PLACEMENT_3D('',#3815,#2989,#2990);
#2579=AXIS2_PLACEMENT_3D('',#3817,#2991,#2992);
#2580=AXIS2_PLACEMENT_3D('',#3819,#2993,#2994);
#2581=AXIS2_PLACEMENT_3D('',#3821,#2995,#2996);
#2582=AXIS2_PLACEMENT_3D('',#3823,#2997,#2998);
#2583=AXIS2_PLACEMENT_3D('',#3825,#2999,#3000);
#2584=AXIS2_PLACEMENT_3D('',#3827,#3001,#3002);
#2585=AXIS2_PLACEMENT_3D('',#3829,#3003,#3004);
#2586=AXIS2_PLACEMENT_3D('',#3831,#3005,#3006);
#2587=AXIS2_PLACEMENT_3D('',#3833,#3007,#3008);
#2588=AXIS2_PLACEMENT_3D('',#3835,#3009,#3010);
#2589=AXIS2_PLACEMENT_3D('',#3845,#3015,#3016);
#2590=AXIS2_PLACEMENT_3D('',#3847,#3017,#3018);
#2591=AXIS2_PLACEMENT_3D('',#3849,#3019,#3020);
#2592=AXIS2_PLACEMENT_3D('',#3851,#3021,#3022);
#2593=AXIS2_PLACEMENT_3D('',#3852,#3023,#3024);
#2594=AXIS2_PLACEMENT_3D('',#3853,#3025,#3026);
#2595=AXIS2_PLACEMENT_3D('',#3855,#3027,#3028);
#2596=AXIS2_PLACEMENT_3D('',#3856,#3029,#3030);
#2597=AXIS2_PLACEMENT_3D('',#3858,#3031,#3032);
#2598=AXIS2_PLACEMENT_3D('',#3859,#3033,#3034);
#2599=AXIS2_PLACEMENT_3D('',#3862,#3036,#3037);
#2600=AXIS2_PLACEMENT_3D('',#3863,#3038,#3039);
#2601=AXIS2_PLACEMENT_3D('',#3866,#3041,#3042);
#2602=AXIS2_PLACEMENT_3D('',#3867,#3043,#3044);
#2603=AXIS2_PLACEMENT_3D('',#3870,#3046,#3047);
#2604=AXIS2_PLACEMENT_3D('',#3871,#3048,#3049);
#2605=AXIS2_PLACEMENT_3D('',#3873,#3050,#3051);
#2606=AXIS2_PLACEMENT_3D('',#3874,#3052,#3053);
#2607=AXIS2_PLACEMENT_3D('',#3876,#3054,#3055);
#2608=AXIS2_PLACEMENT_3D('',#3877,#3056,#3057);
#2609=AXIS2_PLACEMENT_3D('',#3880,#3059,#3060);
#2610=AXIS2_PLACEMENT_3D('',#3881,#3061,#3062);
#2611=AXIS2_PLACEMENT_3D('',#3883,#3063,#3064);
#2612=AXIS2_PLACEMENT_3D('',#3886,#3066,#3067);
#2613=AXIS2_PLACEMENT_3D('',#3887,#3068,#3069);
#2614=AXIS2_PLACEMENT_3D('',#3888,#3070,#3071);
#2615=AXIS2_PLACEMENT_3D('',#3889,#3072,#3073);
#2616=AXIS2_PLACEMENT_3D('',#3891,#3074,#3075);
#2617=AXIS2_PLACEMENT_3D('',#3894,#3077,#3078);
#2618=AXIS2_PLACEMENT_3D('',#3895,#3079,#3080);
#2619=AXIS2_PLACEMENT_3D('',#3898,#3082,#3083);
#2620=AXIS2_PLACEMENT_3D('',#3899,#3084,#3085);
#2621=AXIS2_PLACEMENT_3D('',#3900,#3086,#3087);
#2622=AXIS2_PLACEMENT_3D('',#3901,#3088,#3089);
#2623=AXIS2_PLACEMENT_3D('',#3903,#3090,#3091);
#2624=AXIS2_PLACEMENT_3D('',#3906,#3093,#3094);
#2625=AXIS2_PLACEMENT_3D('',#3907,#3095,#3096);
#2626=AXIS2_PLACEMENT_3D('',#3908,#3097,#3098);
#2627=AXIS2_PLACEMENT_3D('',#3909,#3099,#3100);
#2628=AXIS2_PLACEMENT_3D('',#3912,#3102,#3103);
#2629=AXIS2_PLACEMENT_3D('',#3913,#3104,#3105);
#2630=AXIS2_PLACEMENT_3D('',#3915,#3106,#3107);
#2631=AXIS2_PLACEMENT_3D('',#3918,#3109,#3110);
#2632=AXIS2_PLACEMENT_3D('',#3919,#3111,#3112);
#2633=AXIS2_PLACEMENT_3D('',#3920,#3113,#3114);
#2634=AXIS2_PLACEMENT_3D('',#3921,#3115,#3116);
#2635=AXIS2_PLACEMENT_3D('',#3925,#3118,#3119);
#2636=AXIS2_PLACEMENT_3D('',#3927,#3121,#3122);
#2637=AXIS2_PLACEMENT_3D('',#3930,#3124,#3125);
#2638=AXIS2_PLACEMENT_3D('',#3931,#3126,#3127);
#2639=AXIS2_PLACEMENT_3D('',#3934,#3129,#3130);
#2640=AXIS2_PLACEMENT_3D('',#3935,#3131,#3132);
#2641=AXIS2_PLACEMENT_3D('',#3939,#3135,#3136);
#2642=AXIS2_PLACEMENT_3D('',#3942,#3138,#3139);
#2643=AXIS2_PLACEMENT_3D('',#3943,#3140,#3141);
#2644=AXIS2_PLACEMENT_3D('',#3945,#3143,#3144);
#2645=AXIS2_PLACEMENT_3D('',#3946,#3145,#3146);
#2646=AXIS2_PLACEMENT_3D('',#3949,#3148,#3149);
#2647=AXIS2_PLACEMENT_3D('',#3950,#3150,#3151);
#2648=AXIS2_PLACEMENT_3D('',#3952,#3152,#3153);
#2649=AXIS2_PLACEMENT_3D('',#3955,#3155,#3156);
#2650=AXIS2_PLACEMENT_3D('',#3956,#3157,#3158);
#2651=AXIS2_PLACEMENT_3D('',#3959,#3160,#3161);
#2652=AXIS2_PLACEMENT_3D('',#3960,#3162,#3163);
#2653=AXIS2_PLACEMENT_3D('',#3961,#3164,#3165);
#2654=AXIS2_PLACEMENT_3D('',#3962,#3166,#3167);
#2655=AXIS2_PLACEMENT_3D('',#3965,#3169,#3170);
#2656=AXIS2_PLACEMENT_3D('',#3966,#3171,#3172);
#2657=AXIS2_PLACEMENT_3D('',#3967,#3173,#3174);
#2658=AXIS2_PLACEMENT_3D('',#3969,#3175,#3176);
#2659=AXIS2_PLACEMENT_3D('',#3972,#3178,#3179);
#2660=AXIS2_PLACEMENT_3D('',#3973,#3180,#3181);
#2661=AXIS2_PLACEMENT_3D('',#3974,#3182,#3183);
#2662=AXIS2_PLACEMENT_3D('',#3975,#3184,#3185);
#2663=AXIS2_PLACEMENT_3D('',#3978,#3187,#3188);
#2664=AXIS2_PLACEMENT_3D('',#3979,#3189,#3190);
#2665=AXIS2_PLACEMENT_3D('',#3982,#3192,#3193);
#2666=AXIS2_PLACEMENT_3D('',#3983,#3194,#3195);
#2667=AXIS2_PLACEMENT_3D('',#3984,#3196,#3197);
#2668=AXIS2_PLACEMENT_3D('',#3999,#3205,#3206);
#2669=AXIS2_PLACEMENT_3D('',#4001,#3207,#3208);
#2670=AXIS2_PLACEMENT_3D('',#4003,#3209,#3210);
#2671=AXIS2_PLACEMENT_3D('',#4005,#3211,#3212);
#2672=AXIS2_PLACEMENT_3D('',#4006,#3213,#3214);
#2673=AXIS2_PLACEMENT_3D('',#4010,#3217,#3218);
#2674=AXIS2_PLACEMENT_3D('',#4016,#3222,#3223);
#2675=AXIS2_PLACEMENT_3D('',#4020,#3226,#3227);
#2676=AXIS2_PLACEMENT_3D('',#4024,#3230,#3231);
#2677=AXIS2_PLACEMENT_3D('',#4026,#3233,#3234);
#2678=AXIS2_PLACEMENT_3D('',#4028,#3235,#3236);
#2679=AXIS2_PLACEMENT_3D('',#4030,#3238,#3239);
#2680=AXIS2_PLACEMENT_3D('',#4032,#3240,#3241);
#2681=AXIS2_PLACEMENT_3D('',#4034,#3243,#3244);
#2682=AXIS2_PLACEMENT_3D('',#4038,#3247,#3248);
#2683=AXIS2_PLACEMENT_3D('',#4041,#3250,#3251);
#2684=AXIS2_PLACEMENT_3D('',#4043,#3252,#3253);
#2685=AXIS2_PLACEMENT_3D('',#4044,#3254,#3255);
#2686=AXIS2_PLACEMENT_3D('',#4046,#3257,#3258);
#2687=AXIS2_PLACEMENT_3D('',#4048,#3260,#3261);
#2688=AXIS2_PLACEMENT_3D('',#4049,#3262,#3263);
#2689=AXIS2_PLACEMENT_3D('',#4064,#3271,#3272);
#2690=AXIS2_PLACEMENT_3D('',#4066,#3273,#3274);
#2691=AXIS2_PLACEMENT_3D('',#4068,#3275,#3276);
#2692=AXIS2_PLACEMENT_3D('',#4070,#3277,#3278);
#2693=AXIS2_PLACEMENT_3D('',#4071,#3279,#3280);
#2694=AXIS2_PLACEMENT_3D('',#4075,#3283,#3284);
#2695=AXIS2_PLACEMENT_3D('',#4081,#3288,#3289);
#2696=AXIS2_PLACEMENT_3D('',#4085,#3292,#3293);
#2697=AXIS2_PLACEMENT_3D('',#4089,#3296,#3297);
#2698=AXIS2_PLACEMENT_3D('',#4091,#3299,#3300);
#2699=AXIS2_PLACEMENT_3D('',#4093,#3301,#3302);
#2700=AXIS2_PLACEMENT_3D('',#4095,#3304,#3305);
#2701=AXIS2_PLACEMENT_3D('',#4097,#3306,#3307);
#2702=AXIS2_PLACEMENT_3D('',#4099,#3309,#3310);
#2703=AXIS2_PLACEMENT_3D('',#4103,#3313,#3314);
#2704=AXIS2_PLACEMENT_3D('',#4106,#3316,#3317);
#2705=AXIS2_PLACEMENT_3D('',#4108,#3318,#3319);
#2706=AXIS2_PLACEMENT_3D('',#4109,#3320,#3321);
#2707=AXIS2_PLACEMENT_3D('',#4111,#3323,#3324);
#2708=AXIS2_PLACEMENT_3D('',#4113,#3326,#3327);
#2709=AXIS2_PLACEMENT_3D('',#4114,#3328,#3329);
#2710=AXIS2_PLACEMENT_3D('',#4116,#3330,#3331);
#2711=AXIS2_PLACEMENT_3D('',#4119,#3333,#3334);
#2712=AXIS2_PLACEMENT_3D('',#4120,#3335,#3336);
#2713=AXIS2_PLACEMENT_3D('',#4123,#3338,#3339);
#2714=AXIS2_PLACEMENT_3D('',#4124,#3340,#3341);
#2715=AXIS2_PLACEMENT_3D('',#4125,#3342,#3343);
#2716=AXIS2_PLACEMENT_3D('',#4126,#3344,#3345);
#2717=AXIS2_PLACEMENT_3D('',#4128,#3346,#3347);
#2718=AXIS2_PLACEMENT_3D('',#4131,#3349,#3350);
#2719=AXIS2_PLACEMENT_3D('',#4132,#3351,#3352);
#2720=AXIS2_PLACEMENT_3D('',#4135,#3354,#3355);
#2721=AXIS2_PLACEMENT_3D('',#4136,#3356,#3357);
#2722=AXIS2_PLACEMENT_3D('',#4137,#3358,#3359);
#2723=AXIS2_PLACEMENT_3D('',#4138,#3360,#3361);
#2724=AXIS2_PLACEMENT_3D('',#4140,#3362,#3363);
#2725=AXIS2_PLACEMENT_3D('',#4143,#3365,#3366);
#2726=AXIS2_PLACEMENT_3D('',#4144,#3367,#3368);
#2727=AXIS2_PLACEMENT_3D('',#4147,#3370,#3371);
#2728=AXIS2_PLACEMENT_3D('',#4148,#3372,#3373);
#2729=AXIS2_PLACEMENT_3D('',#4149,#3374,#3375);
#2730=AXIS2_PLACEMENT_3D('',#4150,#3376,#3377);
#2731=AXIS2_PLACEMENT_3D('',#4152,#3378,#3379);
#2732=AXIS2_PLACEMENT_3D('',#4155,#3381,#3382);
#2733=AXIS2_PLACEMENT_3D('',#4156,#3383,#3384);
#2734=AXIS2_PLACEMENT_3D('',#4159,#3386,#3387);
#2735=AXIS2_PLACEMENT_3D('',#4160,#3388,#3389);
#2736=AXIS2_PLACEMENT_3D('',#4161,#3390,#3391);
#2737=AXIS2_PLACEMENT_3D('',#4162,#3392,#3393);
#2738=AXIS2_PLACEMENT_3D('',#4164,#3394,#3395);
#2739=AXIS2_PLACEMENT_3D('',#4167,#3397,#3398);
#2740=AXIS2_PLACEMENT_3D('',#4168,#3399,#3400);
#2741=AXIS2_PLACEMENT_3D('',#4171,#3402,#3403);
#2742=AXIS2_PLACEMENT_3D('',#4172,#3404,#3405);
#2743=AXIS2_PLACEMENT_3D('',#4173,#3406,#3407);
#2744=AXIS2_PLACEMENT_3D('',#4174,#3408,#3409);
#2745=AXIS2_PLACEMENT_3D('',#4176,#3410,#3411);
#2746=AXIS2_PLACEMENT_3D('',#4179,#3413,#3414);
#2747=AXIS2_PLACEMENT_3D('',#4180,#3415,#3416);
#2748=AXIS2_PLACEMENT_3D('',#4183,#3418,#3419);
#2749=AXIS2_PLACEMENT_3D('',#4184,#3420,#3421);
#2750=AXIS2_PLACEMENT_3D('',#4185,#3422,#3423);
#2751=AXIS2_PLACEMENT_3D('',#4186,#3424,#3425);
#2752=AXIS2_PLACEMENT_3D('',#4188,#3426,#3427);
#2753=AXIS2_PLACEMENT_3D('',#4191,#3429,#3430);
#2754=AXIS2_PLACEMENT_3D('',#4192,#3431,#3432);
#2755=AXIS2_PLACEMENT_3D('',#4195,#3434,#3435);
#2756=AXIS2_PLACEMENT_3D('',#4196,#3436,#3437);
#2757=AXIS2_PLACEMENT_3D('',#4197,#3438,#3439);
#2758=AXIS2_PLACEMENT_3D('',#4198,#3440,#3441);
#2759=AXIS2_PLACEMENT_3D('',#4200,#3442,#3443);
#2760=AXIS2_PLACEMENT_3D('',#4203,#3445,#3446);
#2761=AXIS2_PLACEMENT_3D('',#4204,#3447,#3448);
#2762=AXIS2_PLACEMENT_3D('',#4207,#3450,#3451);
#2763=AXIS2_PLACEMENT_3D('',#4208,#3452,#3453);
#2764=AXIS2_PLACEMENT_3D('',#4209,#3454,#3455);
#2765=AXIS2_PLACEMENT_3D('',#4210,#3456,#3457);
#2766=AXIS2_PLACEMENT_3D('',#4212,#3458,#3459);
#2767=AXIS2_PLACEMENT_3D('',#4215,#3461,#3462);
#2768=AXIS2_PLACEMENT_3D('',#4216,#3463,#3464);
#2769=AXIS2_PLACEMENT_3D('',#4219,#3466,#3467);
#2770=AXIS2_PLACEMENT_3D('',#4220,#3468,#3469);
#2771=AXIS2_PLACEMENT_3D('',#4221,#3470,#3471);
#2772=AXIS2_PLACEMENT_3D('',#4222,#3472,#3473);
#2773=AXIS2_PLACEMENT_3D('',#4224,#3474,#3475);
#2774=AXIS2_PLACEMENT_3D('',#4227,#3477,#3478);
#2775=AXIS2_PLACEMENT_3D('',#4228,#3479,#3480);
#2776=AXIS2_PLACEMENT_3D('',#4231,#3482,#3483);
#2777=AXIS2_PLACEMENT_3D('',#4232,#3484,#3485);
#2778=AXIS2_PLACEMENT_3D('',#4233,#3486,#3487);
#2779=AXIS2_PLACEMENT_3D('',#4234,#3488,#3489);
#2780=AXIS2_PLACEMENT_3D('',#4236,#3490,#3491);
#2781=AXIS2_PLACEMENT_3D('',#4239,#3493,#3494);
#2782=AXIS2_PLACEMENT_3D('',#4240,#3495,#3496);
#2783=AXIS2_PLACEMENT_3D('',#4243,#3498,#3499);
#2784=AXIS2_PLACEMENT_3D('',#4244,#3500,#3501);
#2785=AXIS2_PLACEMENT_3D('',#4245,#3502,#3503);
#2786=AXIS2_PLACEMENT_3D('',#4246,#3504,#3505);
#2787=AXIS2_PLACEMENT_3D('',#4248,#3506,#3507);
#2788=AXIS2_PLACEMENT_3D('',#4251,#3509,#3510);
#2789=AXIS2_PLACEMENT_3D('',#4252,#3511,#3512);
#2790=AXIS2_PLACEMENT_3D('',#4255,#3514,#3515);
#2791=AXIS2_PLACEMENT_3D('',#4256,#3516,#3517);
#2792=AXIS2_PLACEMENT_3D('',#4257,#3518,#3519);
#2793=AXIS2_PLACEMENT_3D('',#4258,#3520,#3521);
#2794=AXIS2_PLACEMENT_3D('',#4260,#3522,#3523);
#2795=AXIS2_PLACEMENT_3D('',#4263,#3525,#3526);
#2796=AXIS2_PLACEMENT_3D('',#4264,#3527,#3528);
#2797=AXIS2_PLACEMENT_3D('',#4267,#3530,#3531);
#2798=AXIS2_PLACEMENT_3D('',#4268,#3532,#3533);
#2799=AXIS2_PLACEMENT_3D('',#4269,#3534,#3535);
#2800=AXIS2_PLACEMENT_3D('',#4270,#3536,#3537);
#2801=AXIS2_PLACEMENT_3D('',#4272,#3538,#3539);
#2802=AXIS2_PLACEMENT_3D('',#4275,#3541,#3542);
#2803=AXIS2_PLACEMENT_3D('',#4276,#3543,#3544);
#2804=AXIS2_PLACEMENT_3D('',#4279,#3546,#3547);
#2805=AXIS2_PLACEMENT_3D('',#4280,#3548,#3549);
#2806=AXIS2_PLACEMENT_3D('',#4281,#3550,#3551);
#2807=AXIS2_PLACEMENT_3D('',#4282,#3552,#3553);
#2808=AXIS2_PLACEMENT_3D('',#4284,#3554,#3555);
#2809=AXIS2_PLACEMENT_3D('',#4287,#3557,#3558);
#2810=AXIS2_PLACEMENT_3D('',#4288,#3559,#3560);
#2811=AXIS2_PLACEMENT_3D('',#4291,#3562,#3563);
#2812=AXIS2_PLACEMENT_3D('',#4292,#3564,#3565);
#2813=AXIS2_PLACEMENT_3D('',#4293,#3566,#3567);
#2814=AXIS2_PLACEMENT_3D('',#4294,#3568,#3569);
#2815=AXIS2_PLACEMENT_3D('',#4296,#3570,#3571);
#2816=AXIS2_PLACEMENT_3D('',#4299,#3573,#3574);
#2817=AXIS2_PLACEMENT_3D('',#4300,#3575,#3576);
#2818=AXIS2_PLACEMENT_3D('',#4303,#3578,#3579);
#2819=AXIS2_PLACEMENT_3D('',#4304,#3580,#3581);
#2820=AXIS2_PLACEMENT_3D('',#4305,#3582,#3583);
#2821=AXIS2_PLACEMENT_3D('',#4307,#3584,#3585);
#2822=AXIS2_PLACEMENT_3D('',#4310,#3587,#3588);
#2823=AXIS2_PLACEMENT_3D('',#4311,#3589,#3590);
#2824=AXIS2_PLACEMENT_3D('',#4312,#3591,#3592);
#2825=AXIS2_PLACEMENT_3D('',#4313,#3593,#3594);
#2826=AXIS2_PLACEMENT_3D('',#4316,#3596,#3597);
#2827=AXIS2_PLACEMENT_3D('',#4317,#3598,#3599);
#2828=AXIS2_PLACEMENT_3D('',#4319,#3600,#3601);
#2829=AXIS2_PLACEMENT_3D('',#4322,#3603,#3604);
#2830=AXIS2_PLACEMENT_3D('',#4323,#3605,#3606);
#2831=AXIS2_PLACEMENT_3D('',#4324,#3607,#3608);
#2832=AXIS2_PLACEMENT_3D('',#4325,#3609,#3610);
#2833=AXIS2_PLACEMENT_3D('',#4327,#3611,#3612);
#2834=AXIS2_PLACEMENT_3D('',#4330,#3614,#3615);
#2835=AXIS2_PLACEMENT_3D('',#4331,#3616,#3617);
#2836=AXIS2_PLACEMENT_3D('',#4334,#3619,#3620);
#2837=AXIS2_PLACEMENT_3D('',#4335,#3621,#3622);
#2838=AXIS2_PLACEMENT_3D('',#4336,#3623,#3624);
#2839=AXIS2_PLACEMENT_3D('',#4337,#3625,#3626);
#2840=AXIS2_PLACEMENT_3D('',#4339,#3627,#3628);
#2841=AXIS2_PLACEMENT_3D('',#4342,#3630,#3631);
#2842=AXIS2_PLACEMENT_3D('',#4343,#3632,#3633);
#2843=AXIS2_PLACEMENT_3D('',#4346,#3635,#3636);
#2844=AXIS2_PLACEMENT_3D('',#4347,#3637,#3638);
#2845=AXIS2_PLACEMENT_3D('',#4348,#3639,#3640);
#2846=AXIS2_PLACEMENT_3D('',#4349,#3641,#3642);
#2847=AXIS2_PLACEMENT_3D('',#4350,#3643,#3644);
#2848=AXIS2_PLACEMENT_3D('',#4351,#3645,#3646);
#2849=AXIS2_PLACEMENT_3D('',#4352,#3647,#3648);
#2850=AXIS2_PLACEMENT_3D('',#4354,#3650,#3651);
#2851=AXIS2_PLACEMENT_3D('',#4355,#3652,#3653);
#2852=DIRECTION('axis',(0.,0.,1.));
#2853=DIRECTION('refdir',(1.,0.,0.));
#2854=DIRECTION('axis',(0.,0.,1.));
#2855=DIRECTION('refdir',(1.,0.,0.));
#2856=DIRECTION('center_axis',(0.,-1.,0.));
#2857=DIRECTION('ref_axis',(0.,0.,-1.));
#2858=DIRECTION('',(-1.,0.,0.));
#2859=DIRECTION('',(0.,0.,1.));
#2860=DIRECTION('',(-1.,0.,-4.99600361081321E-16));
#2861=DIRECTION('',(0.,0.,-1.));
#2862=DIRECTION('center_axis',(0.,1.,0.));
#2863=DIRECTION('ref_axis',(0.,0.,1.));
#2864=DIRECTION('',(1.,0.,0.));
#2865=DIRECTION('',(0.,0.,-1.));
#2866=DIRECTION('',(-1.,0.,0.));
#2867=DIRECTION('',(0.,0.,1.));
#2868=DIRECTION('center_axis',(-1.,-1.15116119460842E-16,0.));
#2869=DIRECTION('ref_axis',(-1.15116119460842E-16,1.,0.));
#2870=DIRECTION('',(0.,1.,0.));
#2871=DIRECTION('',(0.,0.,1.));
#2872=DIRECTION('',(-1.15116119460842E-16,1.,0.));
#2873=DIRECTION('',(5.59144977697809E-33,-4.8572257327351E-17,1.));
#2874=DIRECTION('',(1.15116119460842E-16,-1.,-6.16790569236198E-17));
#2875=DIRECTION('',(0.,0.,-1.));
#2876=DIRECTION('',(-1.15116119460842E-16,1.,-2.51359383005776E-31));
#2877=DIRECTION('',(-1.15116119460842E-16,1.,-1.03389519168219E-15));
#2878=DIRECTION('center_axis',(1.,1.15116119460842E-16,0.));
#2879=DIRECTION('ref_axis',(-3.522314715031E-15,1.03389519168219E-15,1.));
#2880=DIRECTION('',(1.15116119460842E-16,-1.,1.03389519168219E-15));
#2881=DIRECTION('center_axis',(1.,1.15116119460842E-16,0.));
#2882=DIRECTION('ref_axis',(3.522314715031E-15,-1.03389519168219E-15,-1.));
#2883=DIRECTION('center_axis',(1.,0.,0.));
#2884=DIRECTION('ref_axis',(0.,0.,-1.));
#2885=DIRECTION('',(0.,1.,0.));
#2886=DIRECTION('',(0.,0.,-1.));
#2887=DIRECTION('',(7.67440796405612E-17,-1.,0.));
#2888=DIRECTION('',(0.,0.,1.));
#2889=DIRECTION('',(7.67440796405612E-17,-1.,0.));
#2890=DIRECTION('',(0.,0.,-1.));
#2891=DIRECTION('',(-7.67440796405612E-17,1.,0.));
#2892=DIRECTION('center_axis',(1.,7.87863677023152E-17,0.));
#2893=DIRECTION('ref_axis',(-7.87863677023152E-17,1.,0.));
#2894=DIRECTION('',(-7.87863677023152E-17,1.,0.));
#2895=DIRECTION('',(0.,0.,1.));
#2896=DIRECTION('',(7.87863677023152E-17,-1.,1.03389519168218E-15));
#2897=DIRECTION('',(-7.87863677023152E-17,1.,-1.03389519168219E-15));
#2898=DIRECTION('center_axis',(1.,7.87863677023152E-17,0.));
#2899=DIRECTION('ref_axis',(3.522314715031E-15,-1.03389519168219E-15,-1.));
#2900=DIRECTION('',(7.87863677023152E-17,-1.,1.03389519168219E-15));
#2901=DIRECTION('center_axis',(1.,7.87863677023152E-17,0.));
#2902=DIRECTION('ref_axis',(-3.522314715031E-15,1.03389519168219E-15,1.));
#2903=DIRECTION('',(0.,0.,-1.));
#2904=DIRECTION('',(7.87863677023152E-17,-1.,-6.16790569236198E-17));
#2905=DIRECTION('',(0.,0.,1.));
#2906=DIRECTION('',(-7.87863677023152E-17,1.,0.));
#2907=DIRECTION('center_axis',(-2.96059473233374E-15,-1.,0.));
#2908=DIRECTION('ref_axis',(0.,0.,-1.));
#2909=DIRECTION('',(1.,-2.96059473233374E-15,1.32890814974763E-16));
#2910=DIRECTION('',(1.,-2.96059473233374E-15,0.));
#2911=DIRECTION('center_axis',(-1.32890814974763E-16,-6.16790569236198E-17,
1.));
#2912=DIRECTION('ref_axis',(9.86864910777919E-16,1.,6.16790569236199E-17));
#2913=DIRECTION('',(-1.,0.,0.));
#2914=DIRECTION('center_axis',(-3.522314715031E-15,1.03389519168219E-15,
1.));
#2915=DIRECTION('ref_axis',(1.83186799063152E-15,1.,-1.03389519168218E-15));
#2916=DIRECTION('',(-1.,0.,0.));
#2917=DIRECTION('',(-1.,0.,0.));
#2918=DIRECTION('center_axis',(-1.,1.69176841847643E-15,-3.522314715031E-15));
#2919=DIRECTION('ref_axis',(3.522314715031E-15,-1.03389519168219E-15,-1.));
#2920=DIRECTION('',(-1.,1.69176841847643E-15,-3.522314715031E-15));
#2921=DIRECTION('center_axis',(0.,0.,-1.));
#2922=DIRECTION('ref_axis',(-1.,0.,0.));
#2923=DIRECTION('',(-1.,0.,0.));
#2924=DIRECTION('',(0.,-1.,0.));
#2925=DIRECTION('',(-1.,0.,0.));
#2926=DIRECTION('',(-1.,0.,0.));
#2927=DIRECTION('',(1.,0.,0.));
#2928=DIRECTION('',(0.,-1.,0.));
#2929=DIRECTION('center_axis',(1.,0.,0.));
#2930=DIRECTION('ref_axis',(0.,0.,-1.));
#2931=DIRECTION('',(0.,1.,0.));
#2932=DIRECTION('',(0.,0.,-1.));
#2933=DIRECTION('',(0.,0.,1.));
#2934=DIRECTION('',(0.,-1.,0.));
#2935=DIRECTION('',(0.,0.,-1.));
#2936=DIRECTION('center_axis',(-4.99600361081321E-16,1.03389519168218E-15,
1.));
#2937=DIRECTION('ref_axis',(-2.77555756156295E-17,-1.,1.03389519168218E-15));
#2938=DIRECTION('',(1.,0.,0.));
#2939=DIRECTION('center_axis',(0.,1.,0.));
#2940=DIRECTION('ref_axis',(-1.,0.,0.));
#2941=DIRECTION('',(1.,0.,0.));
#2942=DIRECTION('center_axis',(0.,-1.,0.));
#2943=DIRECTION('ref_axis',(0.,0.,-1.));
#2944=DIRECTION('',(-1.,0.,0.));
#2945=DIRECTION('center_axis',(0.,0.,1.));
#2946=DIRECTION('ref_axis',(1.,0.,0.));
#2947=DIRECTION('',(-1.,1.77635683940025E-15,0.));
#2948=DIRECTION('center_axis',(0.,1.,0.));
#2949=DIRECTION('ref_axis',(0.,0.,1.));
#2950=DIRECTION('',(1.,0.,0.));
#2951=DIRECTION('center_axis',(-4.99600361081321E-16,1.03389519168218E-15,
1.));
#2952=DIRECTION('ref_axis',(-2.77555756156295E-17,-1.,1.03389519168218E-15));
#2953=DIRECTION('center_axis',(4.99600361081321E-16,-1.03389519168218E-15,
-1.));
#2954=DIRECTION('ref_axis',(1.,2.073044269396E-32,0.));
#2955=DIRECTION('center_axis',(4.99600361081321E-16,-1.03389519168218E-15,
-1.));
#2956=DIRECTION('ref_axis',(1.,2.073044269396E-32,0.));
#2957=DIRECTION('center_axis',(4.99600361081321E-16,-1.03389519168218E-15,
-1.));
#2958=DIRECTION('ref_axis',(1.,1.97622663799945E-32,0.));
#2959=DIRECTION('center_axis',(4.99600361081321E-16,-1.03389519168218E-15,
-1.));
#2960=DIRECTION('ref_axis',(1.,2.073044269396E-32,-5.55111512312578E-16));
#2961=DIRECTION('center_axis',(-4.99600361081321E-16,1.11039927847888E-15,
1.));
#2962=DIRECTION('ref_axis',(-1.11022302462516E-15,-1.,0.));
#2963=DIRECTION('',(1.,-8.54017711250122E-17,4.99600361081321E-16));
#2964=DIRECTION('center_axis',(4.99600361081321E-16,-1.03389519168218E-15,
-1.));
#2965=DIRECTION('ref_axis',(4.16333634234434E-16,1.,0.));
#2966=DIRECTION('',(-1.,8.54017711250122E-17,-4.99600361081321E-16));
#2967=DIRECTION('center_axis',(4.99600361081321E-16,-1.03389519168218E-15,
-1.));
#2968=DIRECTION('ref_axis',(1.,2.073044269396E-32,-5.55111512312578E-16));
#2969=DIRECTION('center_axis',(4.99600361081321E-16,-1.03389519168218E-15,
-1.));
#2970=DIRECTION('ref_axis',(1.,-2.27300165611272E-30,0.));
#2971=DIRECTION('',(2.40548322002117E-15,1.,-1.03389519168218E-15));
#2972=DIRECTION('',(1.,-2.4980018054066E-15,4.99600361081324E-16));
#2973=DIRECTION('',(-2.22044604925031E-15,-1.,1.03389519168218E-15));
#2974=DIRECTION('',(-1.,2.4980018054066E-15,-4.99600361081324E-16));
#2975=DIRECTION('center_axis',(4.99600361081321E-16,-1.03389519168218E-15,
-1.));
#2976=DIRECTION('ref_axis',(1.,0.,0.));
#2977=DIRECTION('center_axis',(4.99600361081321E-16,-1.03389519168218E-15,
-1.));
#2978=DIRECTION('ref_axis',(1.,0.,0.));
#2979=DIRECTION('center_axis',(4.99600361081321E-16,-1.03389519168218E-15,
-1.));
#2980=DIRECTION('ref_axis',(1.,0.,0.));
#2981=DIRECTION('center_axis',(4.99600361081321E-16,-1.03389519168218E-15,
-1.));
#2982=DIRECTION('ref_axis',(1.,0.,0.));
#2983=DIRECTION('center_axis',(4.99600361081321E-16,-1.03389519168218E-15,
-1.));
#2984=DIRECTION('ref_axis',(1.,0.,0.));
#2985=DIRECTION('center_axis',(4.99600361081321E-16,-1.03389519168218E-15,
-1.));
#2986=DIRECTION('ref_axis',(1.,0.,0.));
#2987=DIRECTION('center_axis',(4.99600361081321E-16,-1.03389519168218E-15,
-1.));
#2988=DIRECTION('ref_axis',(1.,0.,0.));
#2989=DIRECTION('center_axis',(4.99600361081321E-16,-1.03389519168218E-15,
-1.));
#2990=DIRECTION('ref_axis',(1.,0.,0.));
#2991=DIRECTION('center_axis',(4.99600361081321E-16,-1.03389519168218E-15,
-1.));
#2992=DIRECTION('ref_axis',(1.,-2.27300165611272E-30,0.));
#2993=DIRECTION('center_axis',(4.99600361081321E-16,-1.03389519168218E-15,
-1.));
#2994=DIRECTION('ref_axis',(1.,-2.27300165611272E-30,5.55111512312578E-16));
#2995=DIRECTION('center_axis',(4.99600361081321E-16,-1.03389519168218E-15,
-1.));
#2996=DIRECTION('ref_axis',(1.,0.,0.));
#2997=DIRECTION('center_axis',(4.99600361081321E-16,-1.03389519168218E-15,
-1.));
#2998=DIRECTION('ref_axis',(1.,0.,0.));
#2999=DIRECTION('center_axis',(4.99600361081321E-16,-1.03389519168218E-15,
-1.));
#3000=DIRECTION('ref_axis',(1.,0.,0.));
#3001=DIRECTION('center_axis',(4.99600361081321E-16,-1.03389519168218E-15,
-1.));
#3002=DIRECTION('ref_axis',(1.,0.,0.));
#3003=DIRECTION('center_axis',(4.99600361081321E-16,-1.03389519168218E-15,
-1.));
#3004=DIRECTION('ref_axis',(1.,0.,0.));
#3005=DIRECTION('center_axis',(4.99600361081321E-16,-1.03389519168218E-15,
-1.));
#3006=DIRECTION('ref_axis',(1.,0.,0.));
#3007=DIRECTION('center_axis',(4.99600361081321E-16,-1.03389519168218E-15,
-1.));
#3008=DIRECTION('ref_axis',(1.,0.,0.));
#3009=DIRECTION('center_axis',(4.99600361081321E-16,-1.03389519168218E-15,
-1.));
#3010=DIRECTION('ref_axis',(1.,0.,0.));
#3011=DIRECTION('',(2.40548322002117E-15,1.,-1.03389519168218E-15));
#3012=DIRECTION('',(1.,-2.4980018054066E-15,4.99600361081324E-16));
#3013=DIRECTION('',(-2.22044604925031E-15,-1.,1.03389519168218E-15));
#3014=DIRECTION('',(-1.,2.4980018054066E-15,-4.99600361081324E-16));
#3015=DIRECTION('center_axis',(4.99600361081321E-16,-1.03389519168218E-15,
-1.));
#3016=DIRECTION('ref_axis',(1.,1.97622663799945E-32,0.));
#3017=DIRECTION('center_axis',(4.99600361081321E-16,-1.03389519168218E-15,
-1.));
#3018=DIRECTION('ref_axis',(1.,-2.27300165611272E-30,5.55111512312578E-16));
#3019=DIRECTION('center_axis',(4.99600361081321E-16,-1.03389519168218E-15,
-1.));
#3020=DIRECTION('ref_axis',(1.,1.97622663799945E-32,0.));
#3021=DIRECTION('center_axis',(-4.99600361081321E-16,1.11039927847888E-15,
1.));
#3022=DIRECTION('ref_axis',(1.,1.97622663799945E-32,0.));
#3023=DIRECTION('center_axis',(0.,-1.,0.));
#3024=DIRECTION('ref_axis',(-1.,0.,0.));
#3025=DIRECTION('center_axis',(-4.99600361081321E-16,1.03389519168218E-15,
1.));
#3026=DIRECTION('ref_axis',(-2.77555756156295E-17,-1.,1.03389519168218E-15));
#3027=DIRECTION('center_axis',(-4.99600361081321E-16,1.03389519168218E-15,
1.));
#3028=DIRECTION('ref_axis',(1.,1.97622663799945E-32,0.));
#3029=DIRECTION('center_axis',(-4.99600361081321E-16,1.03389519168218E-15,
1.));
#3030=DIRECTION('ref_axis',(-2.77555756156295E-17,-1.,1.03389519168218E-15));
#3031=DIRECTION('center_axis',(-4.99600361081321E-16,1.03389519168218E-15,
1.));
#3032=DIRECTION('ref_axis',(1.,1.97622663799945E-32,0.));
#3033=DIRECTION('center_axis',(0.,0.,-1.));
#3034=DIRECTION('ref_axis',(1.,2.073044269396E-32,0.));
#3035=DIRECTION('',(0.,0.,1.));
#3036=DIRECTION('center_axis',(-3.1106221783252E-16,2.32880235909089E-16,
-1.));
#3037=DIRECTION('ref_axis',(1.,2.073044269396E-32,-3.1106221783252E-16));
#3038=DIRECTION('center_axis',(0.,0.,-1.));
#3039=DIRECTION('ref_axis',(1.,1.97622663799945E-32,0.));
#3040=DIRECTION('',(0.,0.,1.));
#3041=DIRECTION('center_axis',(-1.10244472498904E-16,-3.11199906886116E-16,
-1.));
#3042=DIRECTION('ref_axis',(1.,1.97622663799945E-32,-1.10244472498904E-16));
#3043=DIRECTION('center_axis',(5.55111512312578E-16,0.,-1.));
#3044=DIRECTION('ref_axis',(1.,-2.27300165611272E-30,5.55111512312578E-16));
#3045=DIRECTION('',(-5.55111512312578E-16,0.,1.));
#3046=DIRECTION('center_axis',(4.82636287661418E-16,1.09962959805581E-15,
-1.));
#3047=DIRECTION('ref_axis',(1.,-2.27300165611272E-30,4.82636287661418E-16));
#3048=DIRECTION('center_axis',(1.97215226305253E-31,-3.9501561822361E-62,
-1.));
#3049=DIRECTION('ref_axis',(1.,0.,1.97215226305253E-31));
#3050=DIRECTION('center_axis',(1.97215226305253E-31,-3.9501561822361E-62,
-1.));
#3051=DIRECTION('ref_axis',(1.,-5.24744805118812E-32,0.));
#3052=DIRECTION('center_axis',(-9.86076131526265E-32,1.97507809111805E-62,
-1.));
#3053=DIRECTION('ref_axis',(1.,0.,-9.86076131526265E-32));
#3054=DIRECTION('center_axis',(-9.86076131526265E-32,1.97507809111805E-62,
-1.));
#3055=DIRECTION('ref_axis',(1.,-5.24744805118812E-32,0.));
#3056=DIRECTION('center_axis',(-5.55111512312578E-16,0.,-1.));
#3057=DIRECTION('ref_axis',(1.,2.073044269396E-32,-5.55111512312578E-16));
#3058=DIRECTION('',(5.55111512312578E-16,0.,1.));
#3059=DIRECTION('center_axis',(-3.1106221783252E-16,2.32880235909089E-16,
-1.));
#3060=DIRECTION('ref_axis',(1.,2.073044269396E-32,-3.1106221783252E-16));
#3061=DIRECTION('center_axis',(-5.55111512312578E-16,0.,-1.));
#3062=DIRECTION('ref_axis',(1.,2.073044269396E-32,-5.55111512312578E-16));
#3063=DIRECTION('center_axis',(-4.99600361081321E-16,1.03389519168218E-15,
1.));
#3064=DIRECTION('ref_axis',(1.,2.073044269396E-32,-5.55111512312578E-16));
#3065=DIRECTION('',(5.55111512312578E-16,0.,1.));
#3066=DIRECTION('center_axis',(3.1106221783252E-16,-2.32880235909089E-16,
1.));
#3067=DIRECTION('ref_axis',(1.,2.073044269396E-32,-3.1106221783252E-16));
#3068=DIRECTION('center_axis',(-3.1106221783252E-16,2.32880235909089E-16,
-1.));
#3069=DIRECTION('ref_axis',(1.,2.073044269396E-32,-3.1106221783252E-16));
#3070=DIRECTION('center_axis',(-4.99600361081321E-16,1.03389519168218E-15,
1.));
#3071=DIRECTION('ref_axis',(-2.77555756156295E-17,-1.,1.03389519168218E-15));
#3072=DIRECTION('center_axis',(-5.55111512312578E-16,0.,-1.));
#3073=DIRECTION('ref_axis',(1.,2.07304426939601E-32,-5.55111512312578E-16));
#3074=DIRECTION('center_axis',(-4.99600361081321E-16,1.03389519168218E-15,
1.));
#3075=DIRECTION('ref_axis',(1.,2.07304426939601E-32,-5.55111512312578E-16));
#3076=DIRECTION('',(5.55111512312578E-16,0.,1.));
#3077=DIRECTION('center_axis',(3.1106221783252E-16,-2.32880235909089E-16,
1.));
#3078=DIRECTION('ref_axis',(1.,2.07304426939601E-32,-3.1106221783252E-16));
#3079=DIRECTION('center_axis',(-5.55111512312578E-16,0.,-1.));
#3080=DIRECTION('ref_axis',(1.,2.073044269396E-32,-5.55111512312578E-16));
#3081=DIRECTION('',(5.55111512312578E-16,0.,1.));
#3082=DIRECTION('center_axis',(-3.1106221783252E-16,2.32880235909089E-16,
-1.));
#3083=DIRECTION('ref_axis',(1.,2.073044269396E-32,-3.1106221783252E-16));
#3084=DIRECTION('center_axis',(-3.1106221783252E-16,2.32880235909089E-16,
-1.));
#3085=DIRECTION('ref_axis',(1.,2.073044269396E-32,-3.1106221783252E-16));
#3086=DIRECTION('center_axis',(-4.99600361081321E-16,1.03389519168218E-15,
1.));
#3087=DIRECTION('ref_axis',(-2.77555756156295E-17,-1.,1.03389519168218E-15));
#3088=DIRECTION('center_axis',(0.,0.,-1.));
#3089=DIRECTION('ref_axis',(1.,2.073044269396E-32,0.));
#3090=DIRECTION('center_axis',(-4.99600361081321E-16,1.03389519168218E-15,
1.));
#3091=DIRECTION('ref_axis',(1.,2.073044269396E-32,0.));
#3092=DIRECTION('',(0.,0.,1.));
#3093=DIRECTION('center_axis',(3.1106221783252E-16,-2.32880235909089E-16,
1.));
#3094=DIRECTION('ref_axis',(1.,2.073044269396E-32,-3.1106221783252E-16));
#3095=DIRECTION('center_axis',(-3.1106221783252E-16,2.32880235909089E-16,
-1.));
#3096=DIRECTION('ref_axis',(1.,2.073044269396E-32,-3.1106221783252E-16));
#3097=DIRECTION('center_axis',(-4.99600361081321E-16,1.03389519168218E-15,
1.));
#3098=DIRECTION('ref_axis',(-2.77555756156295E-17,-1.,1.03389519168218E-15));
#3099=DIRECTION('center_axis',(0.,0.,-1.));
#3100=DIRECTION('ref_axis',(1.,2.073044269396E-32,0.));
#3101=DIRECTION('',(0.,0.,1.));
#3102=DIRECTION('center_axis',(-3.1106221783252E-16,2.32880235909089E-16,
-1.));
#3103=DIRECTION('ref_axis',(1.,2.073044269396E-32,-3.1106221783252E-16));
#3104=DIRECTION('center_axis',(0.,0.,-1.));
#3105=DIRECTION('ref_axis',(1.,2.073044269396E-32,0.));
#3106=DIRECTION('center_axis',(-4.99600361081321E-16,1.03389519168218E-15,
1.));
#3107=DIRECTION('ref_axis',(1.,2.073044269396E-32,0.));
#3108=DIRECTION('',(0.,0.,1.));
#3109=DIRECTION('center_axis',(3.1106221783252E-16,-2.32880235909089E-16,
1.));
#3110=DIRECTION('ref_axis',(1.,2.073044269396E-32,-3.1106221783252E-16));
#3111=DIRECTION('center_axis',(-3.1106221783252E-16,2.32880235909089E-16,
-1.));
#3112=DIRECTION('ref_axis',(1.,2.073044269396E-32,-3.1106221783252E-16));
#3113=DIRECTION('center_axis',(-4.99600361081321E-16,1.03389519168218E-15,
1.));
#3114=DIRECTION('ref_axis',(-2.77555756156295E-17,-1.,1.03389519168218E-15));
#3115=DIRECTION('center_axis',(0.,0.,-1.));
#3116=DIRECTION('ref_axis',(-1.11022302462516E-15,-1.,0.));
#3117=DIRECTION('',(0.,0.,-1.));
#3118=DIRECTION('center_axis',(-3.0069184603032E-16,1.84710325042277E-16,
-1.));
#3119=DIRECTION('ref_axis',(-1.11022302462516E-15,-1.,-1.84710325042277E-16));
#3120=DIRECTION('',(0.,0.,-1.));
#3121=DIRECTION('center_axis',(0.,0.,-1.));
#3122=DIRECTION('ref_axis',(1.,-5.24744805118812E-32,0.));
#3123=DIRECTION('',(0.,0.,1.));
#3124=DIRECTION('center_axis',(3.0069184603032E-16,-1.84710325042277E-16,
1.));
#3125=DIRECTION('ref_axis',(1.,-5.24744805118812E-32,-3.0069184603032E-16));
#3126=DIRECTION('center_axis',(0.,0.,-1.));
#3127=DIRECTION('ref_axis',(1.,-5.24744805118812E-32,0.));
#3128=DIRECTION('',(0.,0.,1.));
#3129=DIRECTION('center_axis',(3.0069184603032E-16,-1.84710325042277E-16,
1.));
#3130=DIRECTION('ref_axis',(1.,-5.24744805118812E-32,-3.0069184603032E-16));
#3131=DIRECTION('center_axis',(-8.54017711250122E-17,-1.,0.));
#3132=DIRECTION('ref_axis',(-1.,8.54017711250122E-17,3.0069184603032E-16));
#3133=DIRECTION('',(0.,0.,-1.));
#3134=DIRECTION('',(-1.,8.54017711250122E-17,3.0069184603032E-16));
#3135=DIRECTION('center_axis',(0.,0.,-1.));
#3136=DIRECTION('ref_axis',(4.16333634234434E-16,1.,0.));
#3137=DIRECTION('',(0.,0.,-1.));
#3138=DIRECTION('center_axis',(-3.0069184603032E-16,1.84710325042277E-16,
-1.));
#3139=DIRECTION('ref_axis',(4.16333634234434E-16,1.,1.84710325042277E-16));
#3140=DIRECTION('center_axis',(8.54017711250122E-17,1.,0.));
#3141=DIRECTION('ref_axis',(1.,-8.54017711250122E-17,-3.0069184603032E-16));
#3142=DIRECTION('',(1.,-8.54017711250122E-17,-3.0069184603032E-16));
#3143=DIRECTION('center_axis',(-3.0069184603032E-16,1.84710325042277E-16,
-1.));
#3144=DIRECTION('ref_axis',(1.,-5.24744805118812E-32,-3.0069184603032E-16));
#3145=DIRECTION('center_axis',(0.,0.,-1.));
#3146=DIRECTION('ref_axis',(1.,1.97622663799945E-32,0.));
#3147=DIRECTION('',(0.,0.,1.));
#3148=DIRECTION('center_axis',(-1.10244472498904E-16,-3.11199906886116E-16,
-1.));
#3149=DIRECTION('ref_axis',(1.,1.97622663799945E-32,-1.10244472498904E-16));
#3150=DIRECTION('center_axis',(0.,0.,-1.));
#3151=DIRECTION('ref_axis',(1.,1.97622663799945E-32,0.));
#3152=DIRECTION('center_axis',(-4.99600361081321E-16,1.03389519168218E-15,
1.));
#3153=DIRECTION('ref_axis',(1.,1.97622663799945E-32,0.));
#3154=DIRECTION('',(0.,0.,1.));
#3155=DIRECTION('center_axis',(1.10244472498904E-16,3.11199906886116E-16,
1.));
#3156=DIRECTION('ref_axis',(1.,1.97622663799945E-32,-1.10244472498904E-16));
#3157=DIRECTION('center_axis',(0.,0.,-1.));
#3158=DIRECTION('ref_axis',(1.,1.97622663799945E-32,0.));
#3159=DIRECTION('',(0.,0.,1.));
#3160=DIRECTION('center_axis',(-1.10244472498904E-16,-3.11199906886116E-16,
-1.));
#3161=DIRECTION('ref_axis',(1.,1.97622663799945E-32,-1.10244472498904E-16));
#3162=DIRECTION('center_axis',(-1.10244472498904E-16,-3.11199906886116E-16,
-1.));
#3163=DIRECTION('ref_axis',(1.,1.97622663799945E-32,-1.10244472498904E-16));
#3164=DIRECTION('center_axis',(-4.99600361081321E-16,1.03389519168218E-15,
1.));
#3165=DIRECTION('ref_axis',(-2.77555756156295E-17,-1.,1.03389519168218E-15));
#3166=DIRECTION('center_axis',(0.,0.,-1.));
#3167=DIRECTION('ref_axis',(1.,1.97622663799945E-32,0.));
#3168=DIRECTION('',(0.,0.,1.));
#3169=DIRECTION('center_axis',(1.10244472498904E-16,3.11199906886116E-16,
1.));
#3170=DIRECTION('ref_axis',(1.,1.97622663799945E-32,-1.10244472498904E-16));
#3171=DIRECTION('center_axis',(-1.10244472498904E-16,-3.11199906886116E-16,
-1.));
#3172=DIRECTION('ref_axis',(1.,1.97622663799945E-32,-1.10244472498904E-16));
#3173=DIRECTION('center_axis',(0.,0.,-1.));
#3174=DIRECTION('ref_axis',(1.,1.97622663799945E-32,0.));
#3175=DIRECTION('center_axis',(-4.99600361081321E-16,1.03389519168218E-15,
1.));
#3176=DIRECTION('ref_axis',(1.,1.97622663799945E-32,0.));
#3177=DIRECTION('',(0.,0.,1.));
#3178=DIRECTION('center_axis',(1.10244472498904E-16,3.11199906886116E-16,
1.));
#3179=DIRECTION('ref_axis',(1.,1.97622663799945E-32,-1.10244472498904E-16));
#3180=DIRECTION('center_axis',(-1.10244472498904E-16,-3.11199906886116E-16,
-1.));
#3181=DIRECTION('ref_axis',(1.,1.97622663799945E-32,-1.10244472498904E-16));
#3182=DIRECTION('center_axis',(-4.99600361081321E-16,1.03389519168218E-15,
1.));
#3183=DIRECTION('ref_axis',(-2.77555756156295E-17,-1.,1.03389519168218E-15));
#3184=DIRECTION('center_axis',(0.,0.,-1.));
#3185=DIRECTION('ref_axis',(1.,1.97622663799945E-32,0.));
#3186=DIRECTION('',(0.,0.,1.));
#3187=DIRECTION('center_axis',(1.10244472498904E-16,3.11199906886116E-16,
1.));
#3188=DIRECTION('ref_axis',(1.,1.97622663799945E-32,-1.10244472498904E-16));
#3189=DIRECTION('center_axis',(0.,0.,-1.));
#3190=DIRECTION('ref_axis',(1.,1.97622663799945E-32,0.));
#3191=DIRECTION('',(0.,0.,1.));
#3192=DIRECTION('center_axis',(-1.10244472498904E-16,-3.11199906886116E-16,
-1.));
#3193=DIRECTION('ref_axis',(1.,1.97622663799945E-32,-1.10244472498904E-16));
#3194=DIRECTION('center_axis',(-1.10244472498904E-16,-3.11199906886116E-16,
-1.));
#3195=DIRECTION('ref_axis',(1.,1.97622663799945E-32,-1.10244472498904E-16));
#3196=DIRECTION('center_axis',(2.4980018054066E-15,1.,-5.55111512312557E-17));
#3197=DIRECTION('ref_axis',(1.,-2.4980018054066E-15,8.32667268468867E-16));
#3198=DIRECTION('',(8.32667268468867E-16,-5.55111512312578E-17,-1.));
#3199=DIRECTION('',(-1.,2.4980018054066E-15,-8.32667268468867E-16));
#3200=DIRECTION('',(1.11022302462516E-15,0.,-1.));
#3201=DIRECTION('',(0.,-5.55111512312557E-17,-1.));
#3202=DIRECTION('',(1.,-2.4980018054066E-15,0.));
#3203=DIRECTION('',(0.,5.55111512312557E-17,1.));
#3204=DIRECTION('',(-1.,2.4980018054066E-15,0.));
#3205=DIRECTION('center_axis',(2.4980018054066E-15,1.,-5.55111512312557E-17));
#3206=DIRECTION('ref_axis',(8.32667268468867E-16,-5.55111512312578E-17,
-1.));
#3207=DIRECTION('center_axis',(2.4980018054066E-15,1.,-5.55111512312557E-17));
#3208=DIRECTION('ref_axis',(8.32667268468867E-16,-5.55111512312578E-17,
-1.));
#3209=DIRECTION('center_axis',(2.4980018054066E-15,1.,-5.55111512312557E-17));
#3210=DIRECTION('ref_axis',(8.32667268468867E-16,-5.55111512312578E-17,
-1.));
#3211=DIRECTION('center_axis',(2.4980018054066E-15,1.,-5.55111512312557E-17));
#3212=DIRECTION('ref_axis',(8.32667268468867E-16,-5.55111512312578E-17,
-1.));
#3213=DIRECTION('center_axis',(-1.,2.40548322002117E-15,-8.32667268468867E-16));
#3214=DIRECTION('ref_axis',(8.32667268468867E-16,-5.55111512312578E-17,
-1.));
#3215=DIRECTION('',(8.32667268468867E-16,-5.55111512312578E-17,-1.));
#3216=DIRECTION('',(-2.40548322002117E-15,-1.,0.));
#3217=DIRECTION('center_axis',(-1.,0.,0.));
#3218=DIRECTION('ref_axis',(0.,0.,1.));
#3219=DIRECTION('',(0.,5.55111512312557E-17,1.));
#3220=DIRECTION('',(0.,1.,0.));
#3221=DIRECTION('',(0.,1.,0.));
#3222=DIRECTION('center_axis',(0.,0.,-1.));
#3223=DIRECTION('ref_axis',(-1.,0.,0.));
#3224=DIRECTION('',(-1.,2.4980018054066E-15,0.));
#3225=DIRECTION('',(0.,1.,0.));
#3226=DIRECTION('center_axis',(1.,0.,0.));
#3227=DIRECTION('ref_axis',(0.,0.,-1.));
#3228=DIRECTION('',(0.,-5.55111512312557E-17,-1.));
#3229=DIRECTION('',(0.,1.,0.));
#3230=DIRECTION('center_axis',(0.,0.,1.));
#3231=DIRECTION('ref_axis',(1.,0.,0.));
#3232=DIRECTION('',(1.,-2.4980018054066E-15,0.));
#3233=DIRECTION('center_axis',(-2.40548322002117E-15,-1.,0.));
#3234=DIRECTION('ref_axis',(8.32667268468867E-16,-2.00296714216273E-30,
-1.));
#3235=DIRECTION('center_axis',(2.4980018054066E-15,1.,-5.55111512312557E-17));
#3236=DIRECTION('ref_axis',(8.32667268468867E-16,-5.55111512312578E-17,
-1.));
#3237=DIRECTION('',(2.40548322002117E-15,1.,0.));
#3238=DIRECTION('center_axis',(-2.40548322002117E-15,-1.,0.));
#3239=DIRECTION('ref_axis',(8.32667268468867E-16,-2.00296714216273E-30,
-1.));
#3240=DIRECTION('center_axis',(2.4980018054066E-15,1.,-5.55111512312557E-17));
#3241=DIRECTION('ref_axis',(8.32667268468867E-16,-5.55111512312578E-17,
-1.));
#3242=DIRECTION('',(2.40548322002117E-15,1.,0.));
#3243=DIRECTION('center_axis',(-8.32667268468867E-16,2.00296714216272E-30,
1.));
#3244=DIRECTION('ref_axis',(-1.,2.4980018054066E-15,-8.32667268468867E-16));
#3245=DIRECTION('',(-1.,2.4980018054066E-15,-8.32667268468867E-16));
#3246=DIRECTION('',(-2.22044604925031E-15,-1.,0.));
#3247=DIRECTION('center_axis',(2.4980018054066E-15,1.,-5.55111512312557E-17));
#3248=DIRECTION('ref_axis',(1.,-2.4980018054066E-15,8.32667268468867E-16));
#3249=DIRECTION('',(1.11022302462516E-15,0.,-1.));
#3250=DIRECTION('center_axis',(2.4980018054066E-15,1.,-5.55111512312557E-17));
#3251=DIRECTION('ref_axis',(8.32667268468867E-16,-5.55111512312578E-17,
-1.));
#3252=DIRECTION('center_axis',(2.4980018054066E-15,1.,-5.55111512312557E-17));
#3253=DIRECTION('ref_axis',(8.32667268468867E-16,-5.55111512312578E-17,
-1.));
#3254=DIRECTION('center_axis',(-2.22044604925031E-15,-1.,0.));
#3255=DIRECTION('ref_axis',(8.32667268468867E-16,-1.84889274661175E-30,
-1.));
#3256=DIRECTION('',(2.22044604925031E-15,1.,0.));
#3257=DIRECTION('center_axis',(-2.22044604925031E-15,-1.,0.));
#3258=DIRECTION('ref_axis',(8.32667268468867E-16,-1.84889274661175E-30,
-1.));
#3259=DIRECTION('',(2.22044604925031E-15,1.,0.));
#3260=DIRECTION('center_axis',(1.,-2.22044604925031E-15,8.32667268468867E-16));
#3261=DIRECTION('ref_axis',(-8.32667268468867E-16,5.55111512312578E-17,
1.));
#3262=DIRECTION('center_axis',(2.4980018054066E-15,1.,-5.55111512312557E-17));
#3263=DIRECTION('ref_axis',(1.,-2.4980018054066E-15,8.32667268468867E-16));
#3264=DIRECTION('',(8.32667268468867E-16,-5.55111512312578E-17,-1.));
#3265=DIRECTION('',(-1.,2.4980018054066E-15,-8.32667268468867E-16));
#3266=DIRECTION('',(1.11022302462516E-15,0.,-1.));
#3267=DIRECTION('',(0.,-5.55111512312557E-17,-1.));
#3268=DIRECTION('',(1.,-2.4980018054066E-15,0.));
#3269=DIRECTION('',(0.,5.55111512312557E-17,1.));
#3270=DIRECTION('',(-1.,2.4980018054066E-15,0.));
#3271=DIRECTION('center_axis',(2.4980018054066E-15,1.,-5.55111512312557E-17));
#3272=DIRECTION('ref_axis',(8.32667268468867E-16,-5.55111512312578E-17,
-1.));
#3273=DIRECTION('center_axis',(2.4980018054066E-15,1.,-5.55111512312557E-17));
#3274=DIRECTION('ref_axis',(8.32667268468867E-16,-5.55111512312578E-17,
-1.));
#3275=DIRECTION('center_axis',(2.4980018054066E-15,1.,-5.55111512312557E-17));
#3276=DIRECTION('ref_axis',(8.32667268468867E-16,-5.55111512312578E-17,
-1.));
#3277=DIRECTION('center_axis',(2.4980018054066E-15,1.,-5.55111512312557E-17));
#3278=DIRECTION('ref_axis',(8.32667268468867E-16,-5.55111512312578E-17,
-1.));
#3279=DIRECTION('center_axis',(-1.,2.40548322002117E-15,-8.32667268468867E-16));
#3280=DIRECTION('ref_axis',(8.32667268468867E-16,-5.55111512312578E-17,
-1.));
#3281=DIRECTION('',(8.32667268468867E-16,-5.55111512312578E-17,-1.));
#3282=DIRECTION('',(-2.40548322002117E-15,-1.,0.));
#3283=DIRECTION('center_axis',(-1.,0.,0.));
#3284=DIRECTION('ref_axis',(0.,0.,1.));
#3285=DIRECTION('',(0.,5.55111512312557E-17,1.));
#3286=DIRECTION('',(0.,1.,0.));
#3287=DIRECTION('',(0.,1.,0.));
#3288=DIRECTION('center_axis',(0.,0.,-1.));
#3289=DIRECTION('ref_axis',(-1.,0.,0.));
#3290=DIRECTION('',(-1.,2.4980018054066E-15,0.));
#3291=DIRECTION('',(0.,1.,0.));
#3292=DIRECTION('center_axis',(1.,0.,0.));
#3293=DIRECTION('ref_axis',(0.,0.,-1.));
#3294=DIRECTION('',(0.,-5.55111512312557E-17,-1.));
#3295=DIRECTION('',(0.,1.,0.));
#3296=DIRECTION('center_axis',(0.,0.,1.));
#3297=DIRECTION('ref_axis',(1.,0.,0.));
#3298=DIRECTION('',(1.,-2.4980018054066E-15,0.));
#3299=DIRECTION('center_axis',(-2.40548322002117E-15,-1.,0.));
#3300=DIRECTION('ref_axis',(8.32667268468867E-16,-2.00296714216273E-30,
-1.));
#3301=DIRECTION('center_axis',(2.4980018054066E-15,1.,-5.55111512312557E-17));
#3302=DIRECTION('ref_axis',(8.32667268468867E-16,-5.55111512312578E-17,
-1.));
#3303=DIRECTION('',(2.40548322002117E-15,1.,0.));
#3304=DIRECTION('center_axis',(-2.40548322002117E-15,-1.,0.));
#3305=DIRECTION('ref_axis',(8.32667268468867E-16,-2.00296714216273E-30,
-1.));
#3306=DIRECTION('center_axis',(2.4980018054066E-15,1.,-5.55111512312557E-17));
#3307=DIRECTION('ref_axis',(8.32667268468867E-16,-5.55111512312578E-17,
-1.));
#3308=DIRECTION('',(2.40548322002117E-15,1.,0.));
#3309=DIRECTION('center_axis',(-8.32667268468867E-16,2.00296714216272E-30,
1.));
#3310=DIRECTION('ref_axis',(-1.,2.4980018054066E-15,-8.32667268468867E-16));
#3311=DIRECTION('',(-1.,2.4980018054066E-15,-8.32667268468867E-16));
#3312=DIRECTION('',(-2.22044604925031E-15,-1.,0.));
#3313=DIRECTION('center_axis',(2.4980018054066E-15,1.,-5.55111512312557E-17));
#3314=DIRECTION('ref_axis',(1.,-2.4980018054066E-15,8.32667268468867E-16));
#3315=DIRECTION('',(1.11022302462516E-15,0.,-1.));
#3316=DIRECTION('center_axis',(2.4980018054066E-15,1.,-5.55111512312557E-17));
#3317=DIRECTION('ref_axis',(8.32667268468867E-16,-5.55111512312578E-17,
-1.));
#3318=DIRECTION('center_axis',(2.4980018054066E-15,1.,-5.55111512312557E-17));
#3319=DIRECTION('ref_axis',(8.32667268468867E-16,-5.55111512312578E-17,
-1.));
#3320=DIRECTION('center_axis',(-2.22044604925031E-15,-1.,0.));
#3321=DIRECTION('ref_axis',(8.32667268468867E-16,-1.84889274661175E-30,
-1.));
#3322=DIRECTION('',(2.22044604925031E-15,1.,0.));
#3323=DIRECTION('center_axis',(-2.22044604925031E-15,-1.,0.));
#3324=DIRECTION('ref_axis',(8.32667268468867E-16,-1.84889274661175E-30,
-1.));
#3325=DIRECTION('',(2.22044604925031E-15,1.,0.));
#3326=DIRECTION('center_axis',(1.,-2.22044604925031E-15,8.32667268468867E-16));
#3327=DIRECTION('ref_axis',(-8.32667268468867E-16,5.55111512312578E-17,
1.));
#3328=DIRECTION('center_axis',(0.,0.,-1.));
#3329=DIRECTION('ref_axis',(1.,0.,0.));
#3330=DIRECTION('center_axis',(-4.99600361081321E-16,1.03389519168218E-15,
1.));
#3331=DIRECTION('ref_axis',(1.,0.,0.));
#3332=DIRECTION('',(0.,0.,1.));
#3333=DIRECTION('center_axis',(0.,0.,1.));
#3334=DIRECTION('ref_axis',(1.,0.,0.));
#3335=DIRECTION('center_axis',(0.,0.,-1.));
#3336=DIRECTION('ref_axis',(1.,0.,0.));
#3337=DIRECTION('',(0.,0.,1.));
#3338=DIRECTION('center_axis',(0.,0.,-1.));
#3339=DIRECTION('ref_axis',(1.,0.,0.));
#3340=DIRECTION('center_axis',(0.,0.,-1.));
#3341=DIRECTION('ref_axis',(1.,0.,0.));
#3342=DIRECTION('center_axis',(-4.99600361081321E-16,1.03389519168218E-15,
1.));
#3343=DIRECTION('ref_axis',(-2.77555756156295E-17,-1.,1.03389519168218E-15));
#3344=DIRECTION('center_axis',(0.,0.,-1.));
#3345=DIRECTION('ref_axis',(1.,0.,0.));
#3346=DIRECTION('center_axis',(-4.99600361081321E-16,1.03389519168218E-15,
1.));
#3347=DIRECTION('ref_axis',(1.,0.,0.));
#3348=DIRECTION('',(0.,0.,1.));
#3349=DIRECTION('center_axis',(0.,0.,1.));
#3350=DIRECTION('ref_axis',(1.,0.,0.));
#3351=DIRECTION('center_axis',(0.,0.,-1.));
#3352=DIRECTION('ref_axis',(1.,0.,0.));
#3353=DIRECTION('',(0.,0.,1.));
#3354=DIRECTION('center_axis',(0.,0.,-1.));
#3355=DIRECTION('ref_axis',(1.,0.,0.));
#3356=DIRECTION('center_axis',(0.,0.,-1.));
#3357=DIRECTION('ref_axis',(1.,0.,0.));
#3358=DIRECTION('center_axis',(-4.99600361081321E-16,1.03389519168218E-15,
1.));
#3359=DIRECTION('ref_axis',(-2.77555756156295E-17,-1.,1.03389519168218E-15));
#3360=DIRECTION('center_axis',(0.,0.,-1.));
#3361=DIRECTION('ref_axis',(1.,0.,0.));
#3362=DIRECTION('center_axis',(-4.99600361081321E-16,1.03389519168218E-15,
1.));
#3363=DIRECTION('ref_axis',(1.,0.,0.));
#3364=DIRECTION('',(0.,0.,1.));
#3365=DIRECTION('center_axis',(0.,0.,1.));
#3366=DIRECTION('ref_axis',(1.,0.,0.));
#3367=DIRECTION('center_axis',(0.,0.,-1.));
#3368=DIRECTION('ref_axis',(1.,0.,0.));
#3369=DIRECTION('',(0.,0.,1.));
#3370=DIRECTION('center_axis',(0.,0.,-1.));
#3371=DIRECTION('ref_axis',(1.,0.,0.));
#3372=DIRECTION('center_axis',(0.,0.,-1.));
#3373=DIRECTION('ref_axis',(1.,0.,0.));
#3374=DIRECTION('center_axis',(-4.99600361081321E-16,1.03389519168218E-15,
1.));
#3375=DIRECTION('ref_axis',(-2.77555756156295E-17,-1.,1.03389519168218E-15));
#3376=DIRECTION('center_axis',(0.,0.,-1.));
#3377=DIRECTION('ref_axis',(1.,0.,0.));
#3378=DIRECTION('center_axis',(-4.99600361081321E-16,1.03389519168218E-15,
1.));
#3379=DIRECTION('ref_axis',(1.,0.,0.));
#3380=DIRECTION('',(0.,0.,1.));
#3381=DIRECTION('center_axis',(0.,0.,1.));
#3382=DIRECTION('ref_axis',(1.,0.,0.));
#3383=DIRECTION('center_axis',(0.,0.,-1.));
#3384=DIRECTION('ref_axis',(1.,0.,0.));
#3385=DIRECTION('',(0.,0.,1.));
#3386=DIRECTION('center_axis',(0.,0.,-1.));
#3387=DIRECTION('ref_axis',(1.,0.,0.));
#3388=DIRECTION('center_axis',(0.,0.,-1.));
#3389=DIRECTION('ref_axis',(1.,0.,0.));
#3390=DIRECTION('center_axis',(-4.99600361081321E-16,1.03389519168218E-15,
1.));
#3391=DIRECTION('ref_axis',(-2.77555756156295E-17,-1.,1.03389519168218E-15));
#3392=DIRECTION('center_axis',(0.,0.,-1.));
#3393=DIRECTION('ref_axis',(1.,0.,0.));
#3394=DIRECTION('center_axis',(-4.99600361081321E-16,1.03389519168218E-15,
1.));
#3395=DIRECTION('ref_axis',(1.,0.,0.));
#3396=DIRECTION('',(0.,0.,1.));
#3397=DIRECTION('center_axis',(0.,0.,1.));
#3398=DIRECTION('ref_axis',(1.,0.,0.));
#3399=DIRECTION('center_axis',(0.,0.,-1.));
#3400=DIRECTION('ref_axis',(1.,0.,0.));
#3401=DIRECTION('',(0.,0.,1.));
#3402=DIRECTION('center_axis',(0.,0.,-1.));
#3403=DIRECTION('ref_axis',(1.,0.,0.));
#3404=DIRECTION('center_axis',(0.,0.,-1.));
#3405=DIRECTION('ref_axis',(1.,0.,0.));
#3406=DIRECTION('center_axis',(-4.99600361081321E-16,1.03389519168218E-15,
1.));
#3407=DIRECTION('ref_axis',(-2.77555756156295E-17,-1.,1.03389519168218E-15));
#3408=DIRECTION('center_axis',(0.,0.,-1.));
#3409=DIRECTION('ref_axis',(1.,0.,0.));
#3410=DIRECTION('center_axis',(-4.99600361081321E-16,1.03389519168218E-15,
1.));
#3411=DIRECTION('ref_axis',(1.,0.,0.));
#3412=DIRECTION('',(0.,0.,1.));
#3413=DIRECTION('center_axis',(0.,0.,1.));
#3414=DIRECTION('ref_axis',(1.,0.,0.));
#3415=DIRECTION('center_axis',(0.,0.,-1.));
#3416=DIRECTION('ref_axis',(1.,0.,0.));
#3417=DIRECTION('',(0.,0.,1.));
#3418=DIRECTION('center_axis',(0.,0.,-1.));
#3419=DIRECTION('ref_axis',(1.,0.,0.));
#3420=DIRECTION('center_axis',(0.,0.,-1.));
#3421=DIRECTION('ref_axis',(1.,0.,0.));
#3422=DIRECTION('center_axis',(-4.99600361081321E-16,1.03389519168218E-15,
1.));
#3423=DIRECTION('ref_axis',(-2.77555756156295E-17,-1.,1.03389519168218E-15));
#3424=DIRECTION('center_axis',(0.,0.,-1.));
#3425=DIRECTION('ref_axis',(1.,0.,0.));
#3426=DIRECTION('center_axis',(-4.99600361081321E-16,1.03389519168218E-15,
1.));
#3427=DIRECTION('ref_axis',(1.,0.,0.));
#3428=DIRECTION('',(0.,0.,1.));
#3429=DIRECTION('center_axis',(0.,0.,1.));
#3430=DIRECTION('ref_axis',(1.,0.,0.));
#3431=DIRECTION('center_axis',(0.,0.,-1.));
#3432=DIRECTION('ref_axis',(1.,0.,0.));
#3433=DIRECTION('',(0.,0.,1.));
#3434=DIRECTION('center_axis',(0.,0.,-1.));
#3435=DIRECTION('ref_axis',(1.,0.,0.));
#3436=DIRECTION('center_axis',(0.,0.,-1.));
#3437=DIRECTION('ref_axis',(1.,0.,0.));
#3438=DIRECTION('center_axis',(-4.99600361081321E-16,1.03389519168218E-15,
1.));
#3439=DIRECTION('ref_axis',(-2.77555756156295E-17,-1.,1.03389519168218E-15));
#3440=DIRECTION('center_axis',(0.,0.,-1.));
#3441=DIRECTION('ref_axis',(1.,0.,0.));
#3442=DIRECTION('center_axis',(-4.99600361081321E-16,1.03389519168218E-15,
1.));
#3443=DIRECTION('ref_axis',(1.,0.,0.));
#3444=DIRECTION('',(0.,0.,1.));
#3445=DIRECTION('center_axis',(0.,0.,1.));
#3446=DIRECTION('ref_axis',(1.,0.,0.));
#3447=DIRECTION('center_axis',(0.,0.,-1.));
#3448=DIRECTION('ref_axis',(1.,0.,0.));
#3449=DIRECTION('',(0.,0.,1.));
#3450=DIRECTION('center_axis',(0.,0.,-1.));
#3451=DIRECTION('ref_axis',(1.,0.,0.));
#3452=DIRECTION('center_axis',(0.,0.,-1.));
#3453=DIRECTION('ref_axis',(1.,0.,0.));
#3454=DIRECTION('center_axis',(-4.99600361081321E-16,1.03389519168218E-15,
1.));
#3455=DIRECTION('ref_axis',(-2.77555756156295E-17,-1.,1.03389519168218E-15));
#3456=DIRECTION('center_axis',(0.,0.,-1.));
#3457=DIRECTION('ref_axis',(1.,0.,0.));
#3458=DIRECTION('center_axis',(-4.99600361081321E-16,1.03389519168218E-15,
1.));
#3459=DIRECTION('ref_axis',(1.,0.,0.));
#3460=DIRECTION('',(0.,0.,1.));
#3461=DIRECTION('center_axis',(0.,0.,1.));
#3462=DIRECTION('ref_axis',(1.,0.,0.));
#3463=DIRECTION('center_axis',(0.,0.,-1.));
#3464=DIRECTION('ref_axis',(1.,0.,0.));
#3465=DIRECTION('',(0.,0.,1.));
#3466=DIRECTION('center_axis',(0.,0.,-1.));
#3467=DIRECTION('ref_axis',(1.,0.,0.));
#3468=DIRECTION('center_axis',(0.,0.,-1.));
#3469=DIRECTION('ref_axis',(1.,0.,0.));
#3470=DIRECTION('center_axis',(-4.99600361081321E-16,1.03389519168218E-15,
1.));
#3471=DIRECTION('ref_axis',(-2.77555756156295E-17,-1.,1.03389519168218E-15));
#3472=DIRECTION('center_axis',(0.,0.,-1.));
#3473=DIRECTION('ref_axis',(1.,0.,0.));
#3474=DIRECTION('center_axis',(-4.99600361081321E-16,1.03389519168218E-15,
1.));
#3475=DIRECTION('ref_axis',(1.,0.,0.));
#3476=DIRECTION('',(0.,0.,1.));
#3477=DIRECTION('center_axis',(0.,0.,1.));
#3478=DIRECTION('ref_axis',(1.,0.,0.));
#3479=DIRECTION('center_axis',(0.,0.,-1.));
#3480=DIRECTION('ref_axis',(1.,0.,0.));
#3481=DIRECTION('',(0.,0.,1.));
#3482=DIRECTION('center_axis',(0.,0.,-1.));
#3483=DIRECTION('ref_axis',(1.,0.,0.));
#3484=DIRECTION('center_axis',(0.,0.,-1.));
#3485=DIRECTION('ref_axis',(1.,0.,0.));
#3486=DIRECTION('center_axis',(-4.99600361081321E-16,1.03389519168218E-15,
1.));
#3487=DIRECTION('ref_axis',(-2.77555756156295E-17,-1.,1.03389519168218E-15));
#3488=DIRECTION('center_axis',(0.,0.,-1.));
#3489=DIRECTION('ref_axis',(1.,0.,0.));
#3490=DIRECTION('center_axis',(-4.99600361081321E-16,1.03389519168218E-15,
1.));
#3491=DIRECTION('ref_axis',(1.,0.,0.));
#3492=DIRECTION('',(0.,0.,1.));
#3493=DIRECTION('center_axis',(0.,0.,1.));
#3494=DIRECTION('ref_axis',(1.,0.,0.));
#3495=DIRECTION('center_axis',(0.,0.,-1.));
#3496=DIRECTION('ref_axis',(1.,0.,0.));
#3497=DIRECTION('',(0.,0.,1.));
#3498=DIRECTION('center_axis',(0.,0.,-1.));
#3499=DIRECTION('ref_axis',(1.,0.,0.));
#3500=DIRECTION('center_axis',(0.,0.,-1.));
#3501=DIRECTION('ref_axis',(1.,0.,0.));
#3502=DIRECTION('center_axis',(-4.99600361081321E-16,1.03389519168218E-15,
1.));
#3503=DIRECTION('ref_axis',(-2.77555756156295E-17,-1.,1.03389519168218E-15));
#3504=DIRECTION('center_axis',(0.,0.,-1.));
#3505=DIRECTION('ref_axis',(1.,0.,0.));
#3506=DIRECTION('center_axis',(-4.99600361081321E-16,1.03389519168218E-15,
1.));
#3507=DIRECTION('ref_axis',(1.,0.,0.));
#3508=DIRECTION('',(0.,0.,1.));
#3509=DIRECTION('center_axis',(0.,0.,1.));
#3510=DIRECTION('ref_axis',(1.,0.,0.));
#3511=DIRECTION('center_axis',(0.,0.,-1.));
#3512=DIRECTION('ref_axis',(1.,0.,0.));
#3513=DIRECTION('',(0.,0.,1.));
#3514=DIRECTION('center_axis',(0.,0.,-1.));
#3515=DIRECTION('ref_axis',(1.,0.,0.));
#3516=DIRECTION('center_axis',(0.,0.,-1.));
#3517=DIRECTION('ref_axis',(1.,0.,0.));
#3518=DIRECTION('center_axis',(-4.99600361081321E-16,1.03389519168218E-15,
1.));
#3519=DIRECTION('ref_axis',(-2.77555756156295E-17,-1.,1.03389519168218E-15));
#3520=DIRECTION('center_axis',(0.,0.,-1.));
#3521=DIRECTION('ref_axis',(1.,0.,0.));
#3522=DIRECTION('center_axis',(-4.99600361081321E-16,1.03389519168218E-15,
1.));
#3523=DIRECTION('ref_axis',(1.,0.,0.));
#3524=DIRECTION('',(0.,0.,1.));
#3525=DIRECTION('center_axis',(0.,0.,1.));
#3526=DIRECTION('ref_axis',(1.,0.,0.));
#3527=DIRECTION('center_axis',(0.,0.,-1.));
#3528=DIRECTION('ref_axis',(1.,0.,0.));
#3529=DIRECTION('',(0.,0.,1.));
#3530=DIRECTION('center_axis',(0.,0.,-1.));
#3531=DIRECTION('ref_axis',(1.,0.,0.));
#3532=DIRECTION('center_axis',(0.,0.,-1.));
#3533=DIRECTION('ref_axis',(1.,0.,0.));
#3534=DIRECTION('center_axis',(-4.99600361081321E-16,1.03389519168218E-15,
1.));
#3535=DIRECTION('ref_axis',(-2.77555756156295E-17,-1.,1.03389519168218E-15));
#3536=DIRECTION('center_axis',(0.,0.,-1.));
#3537=DIRECTION('ref_axis',(1.,0.,0.));
#3538=DIRECTION('center_axis',(-4.99600361081321E-16,1.03389519168218E-15,
1.));
#3539=DIRECTION('ref_axis',(1.,0.,0.));
#3540=DIRECTION('',(0.,0.,1.));
#3541=DIRECTION('center_axis',(0.,0.,1.));
#3542=DIRECTION('ref_axis',(1.,0.,0.));
#3543=DIRECTION('center_axis',(0.,0.,-1.));
#3544=DIRECTION('ref_axis',(1.,0.,0.));
#3545=DIRECTION('',(0.,0.,1.));
#3546=DIRECTION('center_axis',(0.,0.,-1.));
#3547=DIRECTION('ref_axis',(1.,0.,0.));
#3548=DIRECTION('center_axis',(0.,0.,-1.));
#3549=DIRECTION('ref_axis',(1.,0.,0.));
#3550=DIRECTION('center_axis',(-4.99600361081321E-16,1.03389519168218E-15,
1.));
#3551=DIRECTION('ref_axis',(-2.77555756156295E-17,-1.,1.03389519168218E-15));
#3552=DIRECTION('center_axis',(0.,0.,-1.));
#3553=DIRECTION('ref_axis',(1.,0.,0.));
#3554=DIRECTION('center_axis',(-4.99600361081321E-16,1.03389519168218E-15,
1.));
#3555=DIRECTION('ref_axis',(1.,0.,0.));
#3556=DIRECTION('',(0.,0.,1.));
#3557=DIRECTION('center_axis',(0.,0.,1.));
#3558=DIRECTION('ref_axis',(1.,0.,0.));
#3559=DIRECTION('center_axis',(0.,0.,-1.));
#3560=DIRECTION('ref_axis',(1.,0.,0.));
#3561=DIRECTION('',(0.,0.,1.));
#3562=DIRECTION('center_axis',(0.,0.,-1.));
#3563=DIRECTION('ref_axis',(1.,0.,0.));
#3564=DIRECTION('center_axis',(0.,0.,-1.));
#3565=DIRECTION('ref_axis',(1.,0.,0.));
#3566=DIRECTION('center_axis',(-4.99600361081321E-16,1.03389519168218E-15,
1.));
#3567=DIRECTION('ref_axis',(-2.77555756156295E-17,-1.,1.03389519168218E-15));
#3568=DIRECTION('center_axis',(0.,0.,-1.));
#3569=DIRECTION('ref_axis',(1.,0.,0.));
#3570=DIRECTION('center_axis',(-4.99600361081321E-16,1.03389519168218E-15,
1.));
#3571=DIRECTION('ref_axis',(1.,0.,0.));
#3572=DIRECTION('',(0.,0.,1.));
#3573=DIRECTION('center_axis',(0.,0.,1.));
#3574=DIRECTION('ref_axis',(1.,0.,0.));
#3575=DIRECTION('center_axis',(0.,0.,-1.));
#3576=DIRECTION('ref_axis',(1.,0.,0.));
#3577=DIRECTION('',(0.,0.,1.));
#3578=DIRECTION('center_axis',(0.,0.,-1.));
#3579=DIRECTION('ref_axis',(1.,0.,0.));
#3580=DIRECTION('center_axis',(0.,0.,-1.));
#3581=DIRECTION('ref_axis',(1.,0.,0.));
#3582=DIRECTION('center_axis',(5.55111512312578E-16,0.,-1.));
#3583=DIRECTION('ref_axis',(1.,-2.27300165611272E-30,5.55111512312578E-16));
#3584=DIRECTION('center_axis',(-4.99600361081321E-16,1.03389519168218E-15,
1.));
#3585=DIRECTION('ref_axis',(1.,-2.27300165611272E-30,5.55111512312578E-16));
#3586=DIRECTION('',(-5.55111512312578E-16,0.,1.));
#3587=DIRECTION('center_axis',(-4.82636287661418E-16,-1.09962959805581E-15,
1.));
#3588=DIRECTION('ref_axis',(1.,-2.27300165611272E-30,4.82636287661418E-16));
#3589=DIRECTION('center_axis',(4.82636287661418E-16,1.09962959805581E-15,
-1.));
#3590=DIRECTION('ref_axis',(1.,-2.27300165611272E-30,4.82636287661418E-16));
#3591=DIRECTION('center_axis',(-4.99600361081321E-16,1.03389519168218E-15,
1.));
#3592=DIRECTION('ref_axis',(-2.77555756156295E-17,-1.,1.03389519168218E-15));
#3593=DIRECTION('center_axis',(0.,0.,-1.));
#3594=DIRECTION('ref_axis',(1.,-2.27300165611272E-30,0.));
#3595=DIRECTION('',(0.,0.,1.));
#3596=DIRECTION('center_axis',(4.82636287661418E-16,1.09962959805581E-15,
-1.));
#3597=DIRECTION('ref_axis',(1.,-2.27300165611272E-30,4.82636287661418E-16));
#3598=DIRECTION('center_axis',(0.,0.,-1.));
#3599=DIRECTION('ref_axis',(1.,-2.27300165611272E-30,0.));
#3600=DIRECTION('center_axis',(-4.99600361081321E-16,1.03389519168218E-15,
1.));
#3601=DIRECTION('ref_axis',(1.,-2.27300165611272E-30,0.));
#3602=DIRECTION('',(0.,0.,1.));
#3603=DIRECTION('center_axis',(-4.82636287661419E-16,-1.09962959805581E-15,
1.));
#3604=DIRECTION('ref_axis',(1.,-2.27300165611272E-30,4.82636287661419E-16));
#3605=DIRECTION('center_axis',(4.82636287661418E-16,1.09962959805581E-15,
-1.));
#3606=DIRECTION('ref_axis',(1.,-2.27300165611272E-30,4.82636287661418E-16));
#3607=DIRECTION('center_axis',(-4.99600361081321E-16,1.03389519168218E-15,
1.));
#3608=DIRECTION('ref_axis',(-2.77555756156295E-17,-1.,1.03389519168218E-15));
#3609=DIRECTION('center_axis',(5.55111512312578E-16,0.,-1.));
#3610=DIRECTION('ref_axis',(1.,-2.27300165611272E-30,5.55111512312578E-16));
#3611=DIRECTION('center_axis',(-4.99600361081321E-16,1.03389519168218E-15,
1.));
#3612=DIRECTION('ref_axis',(1.,-2.27300165611272E-30,5.55111512312578E-16));
#3613=DIRECTION('',(-5.55111512312578E-16,0.,1.));
#3614=DIRECTION('center_axis',(-4.82636287661418E-16,-1.09962959805581E-15,
1.));
#3615=DIRECTION('ref_axis',(1.,-2.27300165611272E-30,4.82636287661418E-16));
#3616=DIRECTION('center_axis',(5.55111512312578E-16,0.,-1.));
#3617=DIRECTION('ref_axis',(1.,-2.27300165611272E-30,5.55111512312578E-16));
#3618=DIRECTION('',(-5.55111512312578E-16,0.,1.));
#3619=DIRECTION('center_axis',(4.82636287661418E-16,1.09962959805581E-15,
-1.));
#3620=DIRECTION('ref_axis',(1.,-2.27300165611272E-30,4.82636287661418E-16));
#3621=DIRECTION('center_axis',(4.82636287661418E-16,1.09962959805581E-15,
-1.));
#3622=DIRECTION('ref_axis',(1.,-2.27300165611272E-30,4.82636287661418E-16));
#3623=DIRECTION('center_axis',(-4.99600361081321E-16,1.03389519168218E-15,
1.));
#3624=DIRECTION('ref_axis',(-2.77555756156295E-17,-1.,1.03389519168218E-15));
#3625=DIRECTION('center_axis',(0.,0.,-1.));
#3626=DIRECTION('ref_axis',(1.,-2.27300165611272E-30,0.));
#3627=DIRECTION('center_axis',(-4.99600361081321E-16,1.03389519168218E-15,
1.));
#3628=DIRECTION('ref_axis',(1.,-2.27300165611272E-30,0.));
#3629=DIRECTION('',(0.,0.,1.));
#3630=DIRECTION('center_axis',(-4.82636287661418E-16,-1.09962959805581E-15,
1.));
#3631=DIRECTION('ref_axis',(1.,-2.27300165611272E-30,4.82636287661418E-16));
#3632=DIRECTION('center_axis',(0.,0.,-1.));
#3633=DIRECTION('ref_axis',(1.,-2.27300165611272E-30,0.));
#3634=DIRECTION('',(0.,0.,1.));
#3635=DIRECTION('center_axis',(4.82636287661418E-16,1.09962959805581E-15,
-1.));
#3636=DIRECTION('ref_axis',(1.,-2.27300165611272E-30,4.82636287661418E-16));
#3637=DIRECTION('center_axis',(4.82636287661418E-16,1.09962959805581E-15,
-1.));
#3638=DIRECTION('ref_axis',(1.,-2.27300165611272E-30,4.82636287661418E-16));
#3639=DIRECTION('center_axis',(-4.99600361081321E-16,1.03389519168218E-15,
1.));
#3640=DIRECTION('ref_axis',(-2.77555756156295E-17,-1.,1.03389519168218E-15));
#3641=DIRECTION('center_axis',(-4.99600361081321E-16,1.03389519168218E-15,
1.));
#3642=DIRECTION('ref_axis',(-2.77555756156295E-17,-1.,1.03389519168218E-15));
#3643=DIRECTION('center_axis',(0.,0.,1.));
#3644=DIRECTION('ref_axis',(1.,0.,0.));
#3645=DIRECTION('center_axis',(-1.77635683940025E-15,-1.,0.));
#3646=DIRECTION('ref_axis',(0.,0.,-1.));
#3647=DIRECTION('center_axis',(3.522314715031E-15,-1.03389519168219E-15,
-1.));
#3648=DIRECTION('ref_axis',(-1.83186799063152E-15,-1.,1.03389519168218E-15));
#3649=DIRECTION('',(-1.,0.,0.));
#3650=DIRECTION('center_axis',(-1.,1.69176841847643E-15,-3.522314715031E-15));
#3651=DIRECTION('ref_axis',(-3.522314715031E-15,1.03389519168219E-15,1.));
#3652=DIRECTION('',(0.,0.,1.));
#3653=DIRECTION('',(1.,0.,0.));
#3654=CARTESIAN_POINT('',(0.,0.,0.));
#3655=CARTESIAN_POINT('',(0.,0.,0.));
#3656=CARTESIAN_POINT('Origin',(33.7037879538978,110.247189117219,10.7500000000001));
#3657=CARTESIAN_POINT('',(127.928787953898,110.247189117219,23.5000000000001));
#3658=CARTESIAN_POINT('',(-60.5212120461022,110.247189117219,23.5000000000001));
#3659=CARTESIAN_POINT('',(-63.5212120461022,110.247189117219,23.5000000000001));
#3660=CARTESIAN_POINT('',(-60.5212120461022,110.247189117219,-1.9999999999999));
#3661=CARTESIAN_POINT('',(-60.5212120461022,110.247189117219,4.3750000000001));
#3662=CARTESIAN_POINT('',(127.928787953898,110.247189117219,-1.9999999999999));
#3663=CARTESIAN_POINT('',(6.09128795389785,110.247189117219,-2.00000000000013));
#3664=CARTESIAN_POINT('',(127.928787953898,110.247189117219,4.3750000000001));
#3665=CARTESIAN_POINT('Origin',(-61.5212120461022,112.247189117219,-1.9999999999999));
#3666=CARTESIAN_POINT('',(-63.5212120461022,112.247189117219,23.5000000000001));
#3667=CARTESIAN_POINT('',(130.928787953898,112.247189117219,23.5000000000001));
#3668=CARTESIAN_POINT('',(-61.5212120461022,112.247189117219,23.5000000000001));
#3669=CARTESIAN_POINT('',(130.928787953898,112.247189117219,-3.99999999999991));
#3670=CARTESIAN_POINT('',(130.928787953898,112.247189117219,-1.9999999999999));
#3671=CARTESIAN_POINT('',(-63.5212120461022,112.247189117219,-3.99999999999991));
#3672=CARTESIAN_POINT('',(128.928787953898,112.247189117219,-3.99999999999991));
#3673=CARTESIAN_POINT('',(-63.5212120461022,112.247189117219,-1.9999999999999));
#3674=CARTESIAN_POINT('Origin',(-63.5212120461021,-208.178810882781,-1.9999999999999));
#3675=CARTESIAN_POINT('',(-63.5212120461021,-208.178810882781,-3.9999999999999));
#3676=CARTESIAN_POINT('',(-63.5212120461022,108.247189117219,-3.99999999999991));
#3677=CARTESIAN_POINT('',(-63.5212120461021,-208.178810882781,23.5000000000001));
#3678=CARTESIAN_POINT('',(-63.5212120461021,-208.178810882781,-1.9999999999999));
#3679=CARTESIAN_POINT('',(-63.5212120461021,-150.312560882781,23.5));
#3680=CARTESIAN_POINT('',(-63.5212120461021,-165.084443326268,5.43102745219247));
#3681=CARTESIAN_POINT('',(-63.5212120461021,-165.084443326268,14.1310274521925));
#3682=CARTESIAN_POINT('',(-63.5212120461021,-165.084443326268,6.06551372609629));
#3683=CARTESIAN_POINT('',(-63.5212120461022,-181.084443326268,14.1310274521925));
#3684=CARTESIAN_POINT('',(-63.5212120461021,-189.631627104524,14.1310274521925));
#3685=CARTESIAN_POINT('',(-63.5212120461022,-181.084443326268,5.43102745219247));
#3686=CARTESIAN_POINT('',(-63.5212120461021,-181.084443326268,0.715513726096285));
#3687=CARTESIAN_POINT('',(-63.5212120461021,-189.631627104524,5.43102745219247));
#3688=CARTESIAN_POINT('',(-63.5212120461021,-189.528474550219,-4.38538094726937E-14));
#3689=CARTESIAN_POINT('',(-63.5212120461021,-183.828474550219,-4.44089209850063E-14));
#3690=CARTESIAN_POINT('',(-63.5212120461021,-196.0036427165,-2.92983018065648E-14));
#3691=CARTESIAN_POINT('',(-63.5212120461021,-183.828474550219,5.09999999999996));
#3692=CARTESIAN_POINT('Origin',(-63.5212120461021,-183.828474550219,2.54999999999996));
#3693=CARTESIAN_POINT('',(-63.5212120461021,-189.528474550219,5.09999999999996));
#3694=CARTESIAN_POINT('',(-63.5212120461021,-198.8536427165,5.09999999999998));
#3695=CARTESIAN_POINT('Origin',(-63.5212120461021,-189.528474550219,2.54999999999996));
#3696=CARTESIAN_POINT('Origin',(130.928787953898,23.2861891172191,-1.9999999999999));
#3697=CARTESIAN_POINT('',(130.928787953898,-45.1583529695985,23.5));
#3698=CARTESIAN_POINT('',(130.928787953898,108.247189117219,23.5000000000001));
#3699=CARTESIAN_POINT('',(130.928787953898,-45.1583529695985,21.));
#3700=CARTESIAN_POINT('',(130.928787953898,-45.1583529695985,-0.999999999999952));
#3701=CARTESIAN_POINT('',(130.928787953898,-144.158352969599,21.));
#3702=CARTESIAN_POINT('',(130.928787953898,-60.4360819261897,21.));
#3703=CARTESIAN_POINT('',(130.928787953898,-144.158352969599,23.5));
#3704=CARTESIAN_POINT('',(130.928787953898,-144.158352969599,19.));
#3705=CARTESIAN_POINT('',(130.928787953898,-208.178810882781,23.5000000000001));
#3706=CARTESIAN_POINT('',(130.928787953898,-34.5800608827809,23.5));
#3707=CARTESIAN_POINT('',(130.928787953898,-208.178810882781,-3.99999999999991));
#3708=CARTESIAN_POINT('',(130.928787953898,-208.178810882781,-1.9999999999999));
#3709=CARTESIAN_POINT('',(130.928787953898,-208.178810882781,-3.9999999999999));
#3710=CARTESIAN_POINT('Origin',(-60.5212120461021,-205.178810882781,-1.9999999999999));
#3711=CARTESIAN_POINT('',(-60.5212120461021,-205.178810882781,23.5000000000001));
#3712=CARTESIAN_POINT('',(-60.5212120461021,-148.812560882781,23.5));
#3713=CARTESIAN_POINT('',(-60.5212120461021,-205.178810882781,-1.9999999999999));
#3714=CARTESIAN_POINT('',(-60.5212120461021,-205.178810882781,-1.9999999999999));
#3715=CARTESIAN_POINT('',(-60.5212120461021,-109.196310882781,-1.99999999999993));
#3716=CARTESIAN_POINT('',(-60.5212120461021,-189.528474550219,-3.30353918090977E-14));
#3717=CARTESIAN_POINT('',(-60.5212120461021,-183.828474550219,-3.39374480166055E-14));
#3718=CARTESIAN_POINT('',(-60.5212120461021,-194.5036427165,-2.74780198594726E-14));
#3719=CARTESIAN_POINT('',(-60.5212120461021,-189.528474550219,5.09999999999997));
#3720=CARTESIAN_POINT('Origin',(-60.5212120461021,-189.528474550219,2.54999999999996));
#3721=CARTESIAN_POINT('',(-60.5212120461021,-183.828474550219,5.09999999999997));
#3722=CARTESIAN_POINT('',(-60.5212120461021,-197.3536427165,5.09999999999998));
#3723=CARTESIAN_POINT('Origin',(-60.5212120461021,-183.828474550219,2.54999999999996));
#3724=CARTESIAN_POINT('',(-60.5212120461022,-181.084443326268,14.1310274521925));
#3725=CARTESIAN_POINT('',(-60.5212120461022,-181.084443326268,5.43102745219247));
#3726=CARTESIAN_POINT('',(-60.5212120461021,-181.084443326268,0.715513726096285));
#3727=CARTESIAN_POINT('',(-60.5212120461021,-165.084443326268,14.1310274521925));
#3728=CARTESIAN_POINT('',(-60.5212120461021,-188.131627104524,14.1310274521925));
#3729=CARTESIAN_POINT('',(-60.5212120461021,-165.084443326268,5.43102745219247));
#3730=CARTESIAN_POINT('',(-60.5212120461021,-165.084443326268,6.06551372609629));
#3731=CARTESIAN_POINT('',(-60.5212120461021,-183.631627104525,5.43102745219247));
#3732=CARTESIAN_POINT('Origin',(-40.6355357157668,-165.084443326268,14.1310274521925));
#3733=CARTESIAN_POINT('',(-40.6355357157668,-165.084443326268,14.1310274521925));
#3734=CARTESIAN_POINT('',(-40.6355357157668,-165.084443326268,5.43102745219247));
#3735=CARTESIAN_POINT('Origin',(-40.6355357157668,-171.084443326268,14.1310274521925));
#3736=CARTESIAN_POINT('',(-61.5212120461022,-181.084443326268,14.1310274521925));
#3737=CARTESIAN_POINT('Origin',(-42.04861621528,-189.528474550219,5.10000000000004));
#3738=CARTESIAN_POINT('',(-61.5212120461021,-189.528474550219,5.09999999999996));
#3739=CARTESIAN_POINT('',(-61.5212120461021,-183.828474550219,5.09999999999996));
#3740=CARTESIAN_POINT('Origin',(-42.04861621528,-189.528474550219,2.55000000000003));
#3741=CARTESIAN_POINT('',(-42.04861621528,-189.528474550219,2.4980018054066E-14));
#3742=CARTESIAN_POINT('Origin',(33.7037879538979,-92.4463108827809,23.5));
#3743=CARTESIAN_POINT('',(127.928787953898,-205.178810882781,23.5000000000001));
#3744=CARTESIAN_POINT('',(79.8162879538979,-205.178810882781,23.5));
#3745=CARTESIAN_POINT('',(127.928787953898,-45.1583529695985,23.5));
#3746=CARTESIAN_POINT('',(127.928787953898,-36.0800608827809,23.5));
#3747=CARTESIAN_POINT('',(77.316272310002,-45.1583529695985,23.5));
#3748=CARTESIAN_POINT('',(-61.5212120461021,-208.178810882781,23.5000000000001));
#3749=CARTESIAN_POINT('',(127.928787953898,-144.158352969599,23.5));
#3750=CARTESIAN_POINT('',(77.316272310002,-144.158352969599,23.5));
#3751=CARTESIAN_POINT('',(127.928787953898,-36.0800608827809,23.5));
#3752=CARTESIAN_POINT('Origin',(127.928787953898,20.2861891172191,-1.9999999999999));
#3753=CARTESIAN_POINT('',(127.928787953898,-205.178810882781,-1.9999999999999));
#3754=CARTESIAN_POINT('',(127.928787953898,108.247189117219,-1.9999999999999));
#3755=CARTESIAN_POINT('',(127.928787953898,-205.178810882781,-1.9999999999999));
#3756=CARTESIAN_POINT('',(127.928787953898,-144.158352969599,21.));
#3757=CARTESIAN_POINT('',(127.928787953898,-144.158352969599,19.));
#3758=CARTESIAN_POINT('',(127.928787953898,-45.1583529695985,21.));
#3759=CARTESIAN_POINT('',(127.928787953898,-61.9360819261897,21.));
#3760=CARTESIAN_POINT('',(127.928787953898,-45.1583529695985,-0.999999999999952));
#3761=CARTESIAN_POINT('Origin',(-21.5212120461021,-13.2138108827809,-4.00000000000001));
#3762=CARTESIAN_POINT('',(128.928787953898,-208.178810882781,-3.9999999999999));
#3763=CARTESIAN_POINT('Origin',(125.928787953898,-205.178810882781,-1.9999999999999));
#3764=CARTESIAN_POINT('',(125.928787953898,-205.178810882781,-1.9999999999999));
#3765=CARTESIAN_POINT('Origin',(120.928756666106,-144.158352969599,40.));
#3766=CARTESIAN_POINT('',(120.928756666106,-144.158352969599,21.));
#3767=CARTESIAN_POINT('Origin',(-40.6355357157668,-162.084443326268,5.43102745219247));
#3768=CARTESIAN_POINT('',(-40.6355357157668,-181.084443326268,5.43102745219247));
#3769=CARTESIAN_POINT('Origin',(120.928756666106,-45.1583529695985,0.));
#3770=CARTESIAN_POINT('',(120.928756666106,-45.1583529695985,21.));
#3771=CARTESIAN_POINT('Origin',(-21.5212120461021,-13.2138108827809,-2.00000000000001));
#3772=CARTESIAN_POINT('',(115.04462690747,12.7113685679429,-2.00000000000002));
#3773=CARTESIAN_POINT('Origin',(119.04462690747,12.7113685679429,-2.00000000000001));
#3774=CARTESIAN_POINT('',(115.04462690747,-39.3886314320571,-2.00000000000002));
#3775=CARTESIAN_POINT('Origin',(119.04462690747,-39.3886314320571,-2.00000000000001));
#3776=CARTESIAN_POINT('',(-37.4355357157665,-49.8844424709624,-2.00000000000001));
#3777=CARTESIAN_POINT('Origin',(-33.4355357157665,-49.8844424709624,-2.00000000000001));
#3778=CARTESIAN_POINT('',(12.7446269074697,12.711368567943,-2.00000000000004));
#3779=CARTESIAN_POINT('Origin',(16.7446269074697,12.711368567943,-2.00000000000004));
#3780=CARTESIAN_POINT('',(-47.5212120461021,-6.71381088278093,-2.00000000000003));
#3781=CARTESIAN_POINT('',(-47.5212120461021,-22.7138108827809,-2.00000000000002));
#3782=CARTESIAN_POINT('Origin',(-47.5212120461021,-14.7138108827809,-1.99999999999982));
#3783=CARTESIAN_POINT('',(4.47878795389783,-6.71381088278094,-2.00000000000001));
#3784=CARTESIAN_POINT('',(-34.5212120461021,-6.71381088278093,-2.00000000000003));
#3785=CARTESIAN_POINT('',(4.47878795389782,-22.7138108827809,-1.99999999999999));
#3786=CARTESIAN_POINT('Origin',(4.47878795389782,-14.7138108827809,-2.00000000000001));
#3787=CARTESIAN_POINT('',(-8.52121204610216,-22.7138108827809,-2.));
#3788=CARTESIAN_POINT('',(12.7446269074698,-39.388631432057,-2.00000000000003));
#3789=CARTESIAN_POINT('Origin',(16.7446269074698,-39.388631432057,-2.00000000000004));
#3790=CARTESIAN_POINT('',(-42.3486162152806,-198.678474550219,-2.00000000000002));
#3791=CARTESIAN_POINT('Origin',(-38.3486162152806,-198.678474550219,-2.00000000000001));
#3792=CARTESIAN_POINT('',(-7.23867134918429,-167.114850393752,-1.99999999999985));
#3793=CARTESIAN_POINT('',(-7.23867134918429,-164.114850393752,-1.99999999999985));
#3794=CARTESIAN_POINT('',(-7.23867134918411,-88.6643306382665,-1.99999999999993));
#3795=CARTESIAN_POINT('',(31.7613286508157,-164.114850393752,-1.99999999999983));
#3796=CARTESIAN_POINT('',(-9.87994169764341,-164.114850393752,-1.99999999999985));
#3797=CARTESIAN_POINT('',(31.7613286508157,-167.114850393752,-1.99999999999983));
#3798=CARTESIAN_POINT('',(31.7613286508159,-88.6643306382666,-1.99999999999991));
#3799=CARTESIAN_POINT('',(-9.87994169764342,-167.114850393752,-1.99999999999985));
#3800=CARTESIAN_POINT('',(83.5647886833503,-150.528174477144,-2.00000000000001));
#3801=CARTESIAN_POINT('Origin',(87.5647886833503,-150.528174477144,-2.00000000000001));
#3802=CARTESIAN_POINT('',(33.5647886833482,-150.528174477145,-2.00000000000001));
#3803=CARTESIAN_POINT('Origin',(37.5647886833481,-150.528174477145,-2.00000000000001));
#3804=CARTESIAN_POINT('',(62.4647886833481,-150.528174477144,-2.00000000000001));
#3805=CARTESIAN_POINT('Origin',(66.4647886833481,-150.528174477144,-2.00000000000001));
#3806=CARTESIAN_POINT('',(112.46478868335,-150.528174477145,-2.00000000000001));
#3807=CARTESIAN_POINT('Origin',(116.46478868335,-150.528174477145,-2.00000000000001));
#3808=CARTESIAN_POINT('',(83.5647886833495,-163.828174477144,-2.00000000000001));
#3809=CARTESIAN_POINT('Origin',(87.5647886833495,-163.828174477144,-2.00000000000001));
#3810=CARTESIAN_POINT('',(33.564788683349,-163.828174477145,-2.00000000000001));
#3811=CARTESIAN_POINT('Origin',(37.564788683349,-163.828174477145,-2.00000000000001));
#3812=CARTESIAN_POINT('',(62.4647886833492,-171.881241325458,-2.00000000000001));
#3813=CARTESIAN_POINT('Origin',(66.4647886833492,-171.881241325458,-2.00000000000001));
#3814=CARTESIAN_POINT('',(112.464788683349,-163.828174477145,-2.00000000000001));
#3815=CARTESIAN_POINT('Origin',(116.464788683349,-163.828174477145,-2.00000000000001));
#3816=CARTESIAN_POINT('',(-42.3486162152806,-174.678474550219,-2.00000000000001));
#3817=CARTESIAN_POINT('Origin',(-38.3486162152806,-174.678474550219,-2.00000000000001));
#3818=CARTESIAN_POINT('',(4.85138378471926,-174.678474550219,-2.));
#3819=CARTESIAN_POINT('Origin',(8.85138378471927,-174.678474550219,-2.));
#3820=CARTESIAN_POINT('',(83.5647886833492,-171.881241325458,-2.00000000000001));
#3821=CARTESIAN_POINT('Origin',(87.5647886833492,-171.881241325458,-2.00000000000001));
#3822=CARTESIAN_POINT('',(33.5647886833492,-185.181241325458,-2.00000000000001));
#3823=CARTESIAN_POINT('Origin',(37.5647886833492,-185.181241325458,-2.00000000000001));
#3824=CARTESIAN_POINT('',(62.4647886833489,-163.828174477144,-2.00000000000001));
#3825=CARTESIAN_POINT('Origin',(66.4647886833489,-163.828174477144,-2.00000000000001));
#3826=CARTESIAN_POINT('',(112.464788683349,-171.881241325458,-2.00000000000001));
#3827=CARTESIAN_POINT('Origin',(116.464788683349,-171.881241325458,-2.00000000000001));
#3828=CARTESIAN_POINT('',(83.5647886833493,-185.181241325458,-2.00000000000001));
#3829=CARTESIAN_POINT('Origin',(87.5647886833493,-185.181241325458,-2.00000000000001));
#3830=CARTESIAN_POINT('',(33.5647886833492,-171.881241325458,-2.00000000000001));
#3831=CARTESIAN_POINT('Origin',(37.5647886833492,-171.881241325458,-2.00000000000001));
#3832=CARTESIAN_POINT('',(62.4647886833491,-185.181241325458,-2.00000000000001));
#3833=CARTESIAN_POINT('Origin',(66.4647886833491,-185.181241325458,-2.00000000000001));
#3834=CARTESIAN_POINT('',(112.464788683349,-185.181241325458,-2.00000000000001));
#3835=CARTESIAN_POINT('Origin',(116.464788683349,-185.181241325458,-2.00000000000001));
#3836=CARTESIAN_POINT('',(-7.23867134918427,-157.114850393752,-1.99999999999986));
#3837=CARTESIAN_POINT('',(-7.23867134918426,-154.114850393752,-1.99999999999986));
#3838=CARTESIAN_POINT('',(-7.23867134918409,-83.6643306382665,-1.99999999999994));
#3839=CARTESIAN_POINT('',(31.7613286508157,-154.114850393752,-1.99999999999984));
#3840=CARTESIAN_POINT('',(-9.87994169764338,-154.114850393752,-1.99999999999986));
#3841=CARTESIAN_POINT('',(31.7613286508157,-157.114850393752,-1.99999999999984));
#3842=CARTESIAN_POINT('',(31.7613286508159,-83.6643306382666,-1.99999999999991));
#3843=CARTESIAN_POINT('',(-9.87994169764339,-157.114850393752,-1.99999999999986));
#3844=CARTESIAN_POINT('',(-37.4355357157664,-126.384444181574,-2.00000000000001));
#3845=CARTESIAN_POINT('Origin',(-33.4355357157664,-126.384444181574,-2.00000000000001));
#3846=CARTESIAN_POINT('',(4.85138378471942,-198.678474550219,-2.));
#3847=CARTESIAN_POINT('Origin',(8.85138378471942,-198.678474550219,-2.));
#3848=CARTESIAN_POINT('',(-54.8355357157665,-126.384444181574,-2.00000000000002));
#3849=CARTESIAN_POINT('Origin',(-50.8355357157665,-126.384444181574,-2.00000000000001));
#3850=CARTESIAN_POINT('',(-54.8355357157666,-49.8844424709623,-1.99999999999983));
#3851=CARTESIAN_POINT('Origin',(-50.8355357157666,-49.8844424709623,-1.99999999999982));
#3852=CARTESIAN_POINT('Origin',(128.928787953898,-208.178810882781,-1.9999999999999));
#3853=CARTESIAN_POINT('Origin',(-21.5212120461021,-13.2138108827809,-2.00000000000001));
#3854=CARTESIAN_POINT('',(-52.1355357157666,-49.8844424709623,-2.00000000000001));
#3855=CARTESIAN_POINT('Origin',(-50.8355357157666,-49.8844424709623,-2.00000000000001));
#3856=CARTESIAN_POINT('Origin',(-21.5212120461021,-13.2138108827809,-2.00000000000001));
#3857=CARTESIAN_POINT('',(-34.7355357157665,-49.8844424709624,-2.00000000000001));
#3858=CARTESIAN_POINT('Origin',(-33.4355357157665,-49.8844424709624,-2.00000000000001));
#3859=CARTESIAN_POINT('Origin',(119.04462690747,12.7113685679429,6.09721542070278E-14));
#3860=CARTESIAN_POINT('',(115.04462690747,12.7113685679429,6.22164030783579E-14));
#3861=CARTESIAN_POINT('',(115.04462690747,12.7113685679429,6.09721542070278E-14));
#3862=CARTESIAN_POINT('Origin',(119.04462690747,12.7113685679429,6.09721542070278E-14));
#3863=CARTESIAN_POINT('Origin',(-50.8355357157665,-126.384444181574,1.43102745219249));
#3864=CARTESIAN_POINT('',(-54.8355357157665,-126.384444181574,1.43102745219249));
#3865=CARTESIAN_POINT('',(-54.8355357157665,-126.384444181574,1.43102745219249));
#3866=CARTESIAN_POINT('Origin',(-50.8355357157665,-126.384444181574,1.43102745219249));
#3867=CARTESIAN_POINT('Origin',(8.85138378471941,-198.678474550219,1.22130618998185E-13));
#3868=CARTESIAN_POINT('',(4.85138378471942,-198.678474550219,1.20200073847539E-13));
#3869=CARTESIAN_POINT('',(4.85138378471942,-198.678474550219,1.19910172948935E-13));
#3870=CARTESIAN_POINT('Origin',(8.85138378471941,-198.678474550219,1.22130618998185E-13));
#3871=CARTESIAN_POINT('Origin',(-47.5212120461021,-14.7138108827809,-1.99999999999991));
#3872=CARTESIAN_POINT('',(-49.4212120461021,-14.7138108827809,-1.99999999999991));
#3873=CARTESIAN_POINT('Origin',(-47.5212120461021,-14.7138108827809,-1.99999999999991));
#3874=CARTESIAN_POINT('Origin',(4.47878795389782,-14.7138108827809,-1.99999999999991));
#3875=CARTESIAN_POINT('',(2.57878795389782,-14.7138108827809,-1.99999999999991));
#3876=CARTESIAN_POINT('Origin',(4.47878795389782,-14.7138108827809,-1.99999999999991));
#3877=CARTESIAN_POINT('Origin',(16.7446269074697,12.711368567943,9.27938190912947E-14));
#3878=CARTESIAN_POINT('',(12.7446269074697,12.711368567943,9.40380679626247E-14));
#3879=CARTESIAN_POINT('',(12.7446269074697,12.711368567943,9.5014265140545E-14));
#3880=CARTESIAN_POINT('Origin',(16.7446269074697,12.711368567943,9.27938190912947E-14));
#3881=CARTESIAN_POINT('Origin',(16.7446269074697,12.711368567943,9.27938190912947E-14));
#3882=CARTESIAN_POINT('',(15.4446269074697,12.711368567943,-2.00000000000003));
#3883=CARTESIAN_POINT('Origin',(16.7446269074697,12.711368567943,-2.00000000000004));
#3884=CARTESIAN_POINT('',(15.4446269074697,12.711368567943,9.31981999744769E-14));
#3885=CARTESIAN_POINT('',(15.4446269074697,12.711368567943,9.3515464057301E-14));
#3886=CARTESIAN_POINT('Origin',(16.7446269074697,12.711368567943,9.27938190912947E-14));
#3887=CARTESIAN_POINT('Origin',(16.7446269074697,12.711368567943,9.27938190912947E-14));
#3888=CARTESIAN_POINT('Origin',(-21.5212120461021,-13.2138108827809,-2.00000000000001));
#3889=CARTESIAN_POINT('Origin',(16.7446269074698,-39.388631432057,8.06607588004311E-14));
#3890=CARTESIAN_POINT('',(15.4446269074698,-39.388631432057,-2.00000000000003));
#3891=CARTESIAN_POINT('Origin',(16.7446269074698,-39.388631432057,-2.00000000000004));
#3892=CARTESIAN_POINT('',(15.4446269074698,-39.388631432057,8.10651396836134E-14));
#3893=CARTESIAN_POINT('',(15.4446269074698,-39.388631432057,8.13824037664375E-14));
#3894=CARTESIAN_POINT('Origin',(16.7446269074698,-39.388631432057,8.06607588004311E-14));
#3895=CARTESIAN_POINT('Origin',(16.7446269074698,-39.388631432057,8.06607588004311E-14));
#3896=CARTESIAN_POINT('',(12.7446269074698,-39.388631432057,8.19050076717612E-14));
#3897=CARTESIAN_POINT('',(12.7446269074698,-39.388631432057,8.28812048496814E-14));
#3898=CARTESIAN_POINT('Origin',(16.7446269074698,-39.388631432057,8.06607588004311E-14));
#3899=CARTESIAN_POINT('Origin',(16.7446269074698,-39.388631432057,8.06607588004311E-14));
#3900=CARTESIAN_POINT('Origin',(-21.5212120461021,-13.2138108827809,-2.00000000000001));
#3901=CARTESIAN_POINT('Origin',(119.04462690747,12.7113685679429,6.09721542070278E-14));
#3902=CARTESIAN_POINT('',(117.74462690747,12.7113685679429,-2.00000000000001));
#3903=CARTESIAN_POINT('Origin',(119.04462690747,12.7113685679429,-2.00000000000001));
#3904=CARTESIAN_POINT('',(117.74462690747,12.7113685679429,6.13765350902101E-14));
#3905=CARTESIAN_POINT('',(117.74462690747,12.7113685679429,6.09721542070278E-14));
#3906=CARTESIAN_POINT('Origin',(119.04462690747,12.7113685679429,6.09721542070278E-14));
#3907=CARTESIAN_POINT('Origin',(119.04462690747,12.7113685679429,6.09721542070278E-14));
#3908=CARTESIAN_POINT('Origin',(-21.5212120461021,-13.2138108827809,-2.00000000000001));
#3909=CARTESIAN_POINT('Origin',(119.04462690747,-39.3886314320571,4.88390939161643E-14));
#3910=CARTESIAN_POINT('',(115.04462690747,-39.3886314320571,5.00833427874943E-14));
#3911=CARTESIAN_POINT('',(115.04462690747,-39.3886314320571,4.88390939161643E-14));
#3912=CARTESIAN_POINT('Origin',(119.04462690747,-39.3886314320571,4.88390939161643E-14));
#3913=CARTESIAN_POINT('Origin',(119.04462690747,-39.3886314320571,4.88390939161643E-14));
#3914=CARTESIAN_POINT('',(117.74462690747,-39.3886314320571,-2.00000000000001));
#3915=CARTESIAN_POINT('Origin',(119.04462690747,-39.3886314320571,-2.00000000000001));
#3916=CARTESIAN_POINT('',(117.74462690747,-39.3886314320571,4.92434747993465E-14));
#3917=CARTESIAN_POINT('',(117.74462690747,-39.3886314320571,4.88390939161643E-14));
#3918=CARTESIAN_POINT('Origin',(119.04462690747,-39.3886314320571,4.88390939161643E-14));
#3919=CARTESIAN_POINT('Origin',(119.04462690747,-39.3886314320571,4.88390939161643E-14));
#3920=CARTESIAN_POINT('Origin',(-21.5212120461021,-13.2138108827809,-2.00000000000001));
#3921=CARTESIAN_POINT('Origin',(-47.5212120461021,-14.7138108827809,-6.67919585618342E-15));
#3922=CARTESIAN_POINT('',(-47.5212120461021,-22.7138108827809,-8.15687845652164E-15));
#3923=CARTESIAN_POINT('',(-47.5212120461021,-22.7138108827809,-8.15687845652164E-15));
#3924=CARTESIAN_POINT('',(-47.5212120461021,-6.71381088278093,-5.2015132558452E-15));
#3925=CARTESIAN_POINT('Origin',(-47.5212120461021,-14.7138108827809,-6.67919585618342E-15));
#3926=CARTESIAN_POINT('',(-47.5212120461021,-6.71381088278093,-5.2015132558452E-15));
#3927=CARTESIAN_POINT('Origin',(4.47878795389782,-14.7138108827809,-2.231517184976E-14));
#3928=CARTESIAN_POINT('',(2.57878795389782,-14.7138108827809,-2.17438573423024E-14));
#3929=CARTESIAN_POINT('',(2.57878795389782,-14.7138108827809,-2.231517184976E-14));
#3930=CARTESIAN_POINT('Origin',(4.47878795389782,-14.7138108827809,-2.231517184976E-14));
#3931=CARTESIAN_POINT('Origin',(-47.5212120461021,-14.7138108827809,-6.67919585618342E-15));
#3932=CARTESIAN_POINT('',(-49.4212120461021,-14.7138108827809,-6.10788134872581E-15));
#3933=CARTESIAN_POINT('',(-49.4212120461021,-14.7138108827809,-6.67919585618342E-15));
#3934=CARTESIAN_POINT('Origin',(-47.5212120461021,-14.7138108827809,-6.67919585618342E-15));
#3935=CARTESIAN_POINT('Origin',(4.47878795389782,-22.7138108827809,-2.37928544500983E-14));
#3936=CARTESIAN_POINT('',(4.47878795389782,-22.7138108827809,-2.37928544500983E-14));
#3937=CARTESIAN_POINT('',(4.47878795389782,-22.7138108827809,-2.37928544500983E-14));
#3938=CARTESIAN_POINT('',(4.47878795389782,-22.7138108827809,-2.37928544500983E-14));
#3939=CARTESIAN_POINT('Origin',(4.47878795389782,-14.7138108827809,-2.231517184976E-14));
#3940=CARTESIAN_POINT('',(4.47878795389783,-6.71381088278094,-2.08374892494218E-14));
#3941=CARTESIAN_POINT('',(4.47878795389783,-6.71381088278094,-2.08374892494218E-14));
#3942=CARTESIAN_POINT('Origin',(4.47878795389782,-14.7138108827809,-2.231517184976E-14));
#3943=CARTESIAN_POINT('Origin',(-47.5212120461021,-6.71381088278093,-5.20151325584521E-15));
#3944=CARTESIAN_POINT('',(-47.5212120461021,-6.71381088278093,-5.2015132558452E-15));
#3945=CARTESIAN_POINT('Origin',(-21.5212120461021,-14.7138108827809,-1.44971838529717E-14));
#3946=CARTESIAN_POINT('Origin',(-50.8355357157666,-49.8844424709623,1.43102745219246));
#3947=CARTESIAN_POINT('',(-54.8355357157666,-49.8844424709623,1.43102745219246));
#3948=CARTESIAN_POINT('',(-54.8355357157666,-49.8844424709623,1.43102745219246));
#3949=CARTESIAN_POINT('Origin',(-50.8355357157666,-49.8844424709623,1.43102745219246));
#3950=CARTESIAN_POINT('Origin',(-33.4355357157664,-126.384444181574,1.43102745219248));
#3951=CARTESIAN_POINT('',(-34.7355357157664,-126.384444181574,-2.00000000000001));
#3952=CARTESIAN_POINT('Origin',(-33.4355357157664,-126.384444181574,-2.00000000000001));
#3953=CARTESIAN_POINT('',(-34.7355357157664,-126.384444181574,1.43102745219248));
#3954=CARTESIAN_POINT('',(-34.7355357157664,-126.384444181574,1.43102745219248));
#3955=CARTESIAN_POINT('Origin',(-33.4355357157664,-126.384444181574,1.43102745219248));
#3956=CARTESIAN_POINT('Origin',(-33.4355357157664,-126.384444181574,1.43102745219248));
#3957=CARTESIAN_POINT('',(-37.4355357157664,-126.384444181574,1.43102745219248));
#3958=CARTESIAN_POINT('',(-37.4355357157664,-126.384444181574,1.43102745219248));
#3959=CARTESIAN_POINT('Origin',(-33.4355357157664,-126.384444181574,1.43102745219248));
#3960=CARTESIAN_POINT('Origin',(-33.4355357157664,-126.384444181574,1.43102745219248));
#3961=CARTESIAN_POINT('Origin',(-21.5212120461021,-13.2138108827809,-2.00000000000001));
#3962=CARTESIAN_POINT('Origin',(-50.8355357157666,-49.8844424709623,1.43102745219246));
#3963=CARTESIAN_POINT('',(-52.1355357157666,-49.8844424709623,1.43102745219246));
#3964=CARTESIAN_POINT('',(-52.1355357157666,-49.8844424709623,1.43102745219246));
#3965=CARTESIAN_POINT('Origin',(-50.8355357157666,-49.8844424709623,1.43102745219246));
#3966=CARTESIAN_POINT('Origin',(-50.8355357157666,-49.8844424709623,1.43102745219246));
#3967=CARTESIAN_POINT('Origin',(-50.8355357157665,-126.384444181574,1.43102745219249));
#3968=CARTESIAN_POINT('',(-52.1355357157665,-126.384444181574,-2.00000000000001));
#3969=CARTESIAN_POINT('Origin',(-50.8355357157665,-126.384444181574,-2.00000000000001));
#3970=CARTESIAN_POINT('',(-52.1355357157665,-126.384444181574,1.43102745219249));
#3971=CARTESIAN_POINT('',(-52.1355357157665,-126.384444181574,1.43102745219249));
#3972=CARTESIAN_POINT('Origin',(-50.8355357157665,-126.384444181574,1.43102745219249));
#3973=CARTESIAN_POINT('Origin',(-50.8355357157665,-126.384444181574,1.43102745219249));
#3974=CARTESIAN_POINT('Origin',(-21.5212120461021,-13.2138108827809,-2.00000000000001));
#3975=CARTESIAN_POINT('Origin',(-33.4355357157665,-49.8844424709624,1.43102745219246));
#3976=CARTESIAN_POINT('',(-34.7355357157665,-49.8844424709624,1.43102745219246));
#3977=CARTESIAN_POINT('',(-34.7355357157665,-49.8844424709624,1.43102745219246));
#3978=CARTESIAN_POINT('Origin',(-33.4355357157665,-49.8844424709624,1.43102745219246));
#3979=CARTESIAN_POINT('Origin',(-33.4355357157665,-49.8844424709624,1.43102745219246));
#3980=CARTESIAN_POINT('',(-37.4355357157665,-49.8844424709624,1.43102745219246));
#3981=CARTESIAN_POINT('',(-37.4355357157665,-49.8844424709624,1.43102745219246));
#3982=CARTESIAN_POINT('Origin',(-33.4355357157665,-49.8844424709624,1.43102745219246));
#3983=CARTESIAN_POINT('Origin',(-33.4355357157665,-49.8844424709624,1.43102745219246));
#3984=CARTESIAN_POINT('Origin',(1.76132865081573,-154.114850393752,11.75));
#3985=CARTESIAN_POINT('',(-7.23867134918428,-154.114850393752,19.5));
#3986=CARTESIAN_POINT('',(-7.23867134918427,-154.114850393752,11.75));
#3987=CARTESIAN_POINT('',(31.7613286508157,-154.114850393752,19.5));
#3988=CARTESIAN_POINT('',(22.7613286508157,-154.114850393752,19.5));
#3989=CARTESIAN_POINT('',(31.7613286508157,-154.114850393752,4.7049777318444E-14));
#3990=CARTESIAN_POINT('',(-4.73867134918389,-154.114850393752,3.50000000000001));
#3991=CARTESIAN_POINT('',(-4.73867134918389,-154.114850393752,-0.499999999999986));
#3992=CARTESIAN_POINT('',(-4.73867134918389,-154.114850393752,5.62500000000002));
#3993=CARTESIAN_POINT('',(29.2613286508161,-154.114850393752,-0.499999999999986));
#3994=CARTESIAN_POINT('',(15.5113286508159,-154.114850393752,-0.499999999999985));
#3995=CARTESIAN_POINT('',(29.2613286508161,-154.114850393752,3.50000000000001));
#3996=CARTESIAN_POINT('',(29.2613286508161,-154.114850393752,7.62500000000002));
#3997=CARTESIAN_POINT('',(-1.48867134918407,-154.114850393752,3.50000000000001));
#3998=CARTESIAN_POINT('',(17.2613286508157,-154.114850393752,10.5));
#3999=CARTESIAN_POINT('Origin',(17.2613286508157,-154.114850393752,8.00000000000003));
#4000=CARTESIAN_POINT('',(28.2613286508157,-154.114850393752,10.5));
#4001=CARTESIAN_POINT('Origin',(28.2613286508157,-154.114850393752,8.00000000000004));
#4002=CARTESIAN_POINT('',(7.26132865081572,-154.114850393752,10.5));
#4003=CARTESIAN_POINT('Origin',(7.26132865081573,-154.114850393752,8.00000000000002));
#4004=CARTESIAN_POINT('',(-3.73867134918427,-154.114850393752,10.5));
#4005=CARTESIAN_POINT('Origin',(-3.73867134918427,-154.114850393752,8.00000000000001));
#4006=CARTESIAN_POINT('Origin',(-7.23867134918428,-154.114850393752,19.5));
#4007=CARTESIAN_POINT('',(-7.23867134918429,-157.114850393752,19.5));
#4008=CARTESIAN_POINT('',(-7.23867134918428,-157.114850393752,11.75));
#4009=CARTESIAN_POINT('',(-7.23867134918428,-154.114850393752,19.5));
#4010=CARTESIAN_POINT('Origin',(-4.73867134918389,-157.114850393752,-0.499999999999986));
#4011=CARTESIAN_POINT('',(-4.73867134918389,-157.114850393752,-0.499999999999986));
#4012=CARTESIAN_POINT('',(-4.73867134918389,-157.114850393752,3.50000000000001));
#4013=CARTESIAN_POINT('',(-4.73867134918389,-157.114850393752,5.62500000000002));
#4014=CARTESIAN_POINT('',(-4.73867134918389,-157.114850393752,-0.499999999999986));
#4015=CARTESIAN_POINT('',(-4.73867134918389,-157.114850393752,3.50000000000001));
#4016=CARTESIAN_POINT('Origin',(29.2613286508161,-157.114850393752,-0.499999999999986));
#4017=CARTESIAN_POINT('',(29.2613286508161,-157.114850393752,-0.499999999999986));
#4018=CARTESIAN_POINT('',(15.5113286508159,-157.114850393752,-0.499999999999985));
#4019=CARTESIAN_POINT('',(29.2613286508161,-157.114850393752,-0.499999999999986));
#4020=CARTESIAN_POINT('Origin',(29.2613286508161,-157.114850393752,3.50000000000001));
#4021=CARTESIAN_POINT('',(29.2613286508161,-157.114850393752,3.50000000000001));
#4022=CARTESIAN_POINT('',(29.2613286508161,-157.114850393752,7.62500000000002));
#4023=CARTESIAN_POINT('',(29.2613286508161,-157.114850393752,3.50000000000001));
#4024=CARTESIAN_POINT('Origin',(-4.73867134918389,-157.114850393752,3.50000000000001));
#4025=CARTESIAN_POINT('',(-1.48867134918408,-157.114850393752,3.50000000000001));
#4026=CARTESIAN_POINT('Origin',(-3.73867134918427,-154.114850393752,8.00000000000001));
#4027=CARTESIAN_POINT('',(-3.73867134918428,-157.114850393752,10.5));
#4028=CARTESIAN_POINT('Origin',(-3.73867134918428,-157.114850393752,8.00000000000001));
#4029=CARTESIAN_POINT('',(-3.73867134918427,-154.114850393752,10.5));
#4030=CARTESIAN_POINT('Origin',(7.26132865081573,-154.114850393752,8.00000000000002));
#4031=CARTESIAN_POINT('',(7.26132865081572,-157.114850393752,10.5));
#4032=CARTESIAN_POINT('Origin',(7.26132865081573,-157.114850393752,8.00000000000002));
#4033=CARTESIAN_POINT('',(7.26132865081573,-154.114850393752,10.5));
#4034=CARTESIAN_POINT('Origin',(10.7613286508157,-154.114850393752,19.5));
#4035=CARTESIAN_POINT('',(31.7613286508157,-157.114850393752,19.5));
#4036=CARTESIAN_POINT('',(22.7613286508157,-157.114850393752,19.5));
#4037=CARTESIAN_POINT('',(31.7613286508157,-154.114850393752,19.5));
#4038=CARTESIAN_POINT('Origin',(1.76132865081573,-157.114850393752,11.75));
#4039=CARTESIAN_POINT('',(31.7613286508157,-157.114850393752,4.71844785465692E-14));
#4040=CARTESIAN_POINT('',(28.2613286508157,-157.114850393752,10.5));
#4041=CARTESIAN_POINT('Origin',(28.2613286508157,-157.114850393752,8.00000000000004));
#4042=CARTESIAN_POINT('',(17.2613286508157,-157.114850393752,10.5));
#4043=CARTESIAN_POINT('Origin',(17.2613286508157,-157.114850393752,8.00000000000003));
#4044=CARTESIAN_POINT('Origin',(17.2613286508157,-154.114850393752,8.00000000000003));
#4045=CARTESIAN_POINT('',(17.2613286508157,-154.114850393752,10.5));
#4046=CARTESIAN_POINT('Origin',(28.2613286508157,-154.114850393752,8.00000000000004));
#4047=CARTESIAN_POINT('',(28.2613286508157,-154.114850393752,10.5));
#4048=CARTESIAN_POINT('Origin',(31.7613286508157,-154.114850393752,4.88498130835069E-14));
#4049=CARTESIAN_POINT('Origin',(1.76132865081571,-164.114850393752,11.75));
#4050=CARTESIAN_POINT('',(-7.2386713491843,-164.114850393752,19.5));
#4051=CARTESIAN_POINT('',(-7.2386713491843,-164.114850393752,11.75));
#4052=CARTESIAN_POINT('',(31.7613286508157,-164.114850393752,19.5));
#4053=CARTESIAN_POINT('',(22.7613286508157,-164.114850393752,19.5));
#4054=CARTESIAN_POINT('',(31.7613286508157,-164.114850393752,4.7049777318444E-14));
#4055=CARTESIAN_POINT('',(-4.73867134918391,-164.114850393752,3.50000000000001));
#4056=CARTESIAN_POINT('',(-4.73867134918391,-164.114850393752,-0.499999999999986));
#4057=CARTESIAN_POINT('',(-4.73867134918391,-164.114850393752,5.62500000000002));
#4058=CARTESIAN_POINT('',(29.2613286508161,-164.114850393752,-0.499999999999986));
#4059=CARTESIAN_POINT('',(15.5113286508159,-164.114850393752,-0.499999999999985));
#4060=CARTESIAN_POINT('',(29.2613286508161,-164.114850393752,3.50000000000001));
#4061=CARTESIAN_POINT('',(29.2613286508161,-164.114850393752,7.62500000000002));
#4062=CARTESIAN_POINT('',(-1.4886713491841,-164.114850393752,3.50000000000001));
#4063=CARTESIAN_POINT('',(17.2613286508157,-164.114850393752,10.5));
#4064=CARTESIAN_POINT('Origin',(17.2613286508157,-164.114850393752,8.00000000000003));
#4065=CARTESIAN_POINT('',(28.2613286508157,-164.114850393752,10.5));
#4066=CARTESIAN_POINT('Origin',(28.2613286508157,-164.114850393752,8.00000000000004));
#4067=CARTESIAN_POINT('',(7.2613286508157,-164.114850393752,10.5));
#4068=CARTESIAN_POINT('Origin',(7.26132865081571,-164.114850393752,8.00000000000002));
#4069=CARTESIAN_POINT('',(-3.7386713491843,-164.114850393752,10.5));
#4070=CARTESIAN_POINT('Origin',(-3.7386713491843,-164.114850393752,8.00000000000001));
#4071=CARTESIAN_POINT('Origin',(-7.2386713491843,-164.114850393752,19.5));
#4072=CARTESIAN_POINT('',(-7.23867134918431,-167.114850393752,19.5));
#4073=CARTESIAN_POINT('',(-7.2386713491843,-167.114850393752,11.75));
#4074=CARTESIAN_POINT('',(-7.2386713491843,-164.114850393752,19.5));
#4075=CARTESIAN_POINT('Origin',(-4.73867134918391,-167.114850393752,-0.499999999999986));
#4076=CARTESIAN_POINT('',(-4.73867134918391,-167.114850393752,-0.499999999999986));
#4077=CARTESIAN_POINT('',(-4.73867134918391,-167.114850393752,3.50000000000001));
#4078=CARTESIAN_POINT('',(-4.73867134918391,-167.114850393752,5.62500000000002));
#4079=CARTESIAN_POINT('',(-4.73867134918391,-167.114850393752,-0.499999999999986));
#4080=CARTESIAN_POINT('',(-4.73867134918391,-167.114850393752,3.50000000000001));
#4081=CARTESIAN_POINT('Origin',(29.2613286508161,-167.114850393752,-0.499999999999986));
#4082=CARTESIAN_POINT('',(29.2613286508161,-167.114850393752,-0.499999999999986));
#4083=CARTESIAN_POINT('',(15.5113286508159,-167.114850393752,-0.499999999999985));
#4084=CARTESIAN_POINT('',(29.2613286508161,-167.114850393752,-0.499999999999986));
#4085=CARTESIAN_POINT('Origin',(29.2613286508161,-167.114850393752,3.50000000000001));
#4086=CARTESIAN_POINT('',(29.2613286508161,-167.114850393752,3.50000000000001));
#4087=CARTESIAN_POINT('',(29.2613286508161,-167.114850393752,7.62500000000002));
#4088=CARTESIAN_POINT('',(29.2613286508161,-167.114850393752,3.50000000000001));
#4089=CARTESIAN_POINT('Origin',(-4.73867134918391,-167.114850393752,3.50000000000001));
#4090=CARTESIAN_POINT('',(-1.48867134918411,-167.114850393752,3.50000000000001));
#4091=CARTESIAN_POINT('Origin',(-3.7386713491843,-164.114850393752,8.00000000000001));
#4092=CARTESIAN_POINT('',(-3.73867134918431,-167.114850393752,10.5));
#4093=CARTESIAN_POINT('Origin',(-3.7386713491843,-167.114850393752,8.00000000000001));
#4094=CARTESIAN_POINT('',(-3.7386713491843,-164.114850393752,10.5));
#4095=CARTESIAN_POINT('Origin',(7.26132865081571,-164.114850393752,8.00000000000002));
#4096=CARTESIAN_POINT('',(7.26132865081569,-167.114850393752,10.5));
#4097=CARTESIAN_POINT('Origin',(7.2613286508157,-167.114850393752,8.00000000000002));
#4098=CARTESIAN_POINT('',(7.26132865081571,-164.114850393752,10.5));
#4099=CARTESIAN_POINT('Origin',(10.7613286508157,-164.114850393752,19.5));
#4100=CARTESIAN_POINT('',(31.7613286508157,-167.114850393752,19.5));
#4101=CARTESIAN_POINT('',(22.7613286508157,-167.114850393752,19.5));
#4102=CARTESIAN_POINT('',(31.7613286508157,-164.114850393752,19.5));
#4103=CARTESIAN_POINT('Origin',(1.7613286508157,-167.114850393752,11.75));
#4104=CARTESIAN_POINT('',(31.7613286508157,-167.114850393752,4.71844785465692E-14));
#4105=CARTESIAN_POINT('',(28.2613286508157,-167.114850393752,10.5));
#4106=CARTESIAN_POINT('Origin',(28.2613286508157,-167.114850393752,8.00000000000004));
#4107=CARTESIAN_POINT('',(17.2613286508157,-167.114850393752,10.5));
#4108=CARTESIAN_POINT('Origin',(17.2613286508157,-167.114850393752,8.00000000000003));
#4109=CARTESIAN_POINT('Origin',(17.2613286508157,-164.114850393752,8.00000000000003));
#4110=CARTESIAN_POINT('',(17.2613286508157,-164.114850393752,10.5));
#4111=CARTESIAN_POINT('Origin',(28.2613286508157,-164.114850393752,8.00000000000004));
#4112=CARTESIAN_POINT('',(28.2613286508157,-164.114850393752,10.5));
#4113=CARTESIAN_POINT('Origin',(31.7613286508157,-164.114850393752,4.88498130835069E-14));
#4114=CARTESIAN_POINT('Origin',(116.464788683349,-185.181241325458,-7.36866960243985E-13));
#4115=CARTESIAN_POINT('',(115.164788683349,-185.181241325458,-2.00000000000001));
#4116=CARTESIAN_POINT('Origin',(116.464788683349,-185.181241325458,-2.00000000000001));
#4117=CARTESIAN_POINT('',(115.164788683349,-185.181241325458,-7.36866960243985E-13));
#4118=CARTESIAN_POINT('',(115.164788683349,-185.181241325458,-7.36866960243985E-13));
#4119=CARTESIAN_POINT('Origin',(116.464788683349,-185.181241325458,-7.36866960243985E-13));
#4120=CARTESIAN_POINT('Origin',(116.464788683349,-185.181241325458,-7.36866960243985E-13));
#4121=CARTESIAN_POINT('',(112.464788683349,-185.181241325458,-7.36866960243985E-13));
#4122=CARTESIAN_POINT('',(112.464788683349,-185.181241325458,-7.36866960243985E-13));
#4123=CARTESIAN_POINT('Origin',(116.464788683349,-185.181241325458,-7.36866960243985E-13));
#4124=CARTESIAN_POINT('Origin',(116.464788683349,-185.181241325458,-7.36866960243985E-13));
#4125=CARTESIAN_POINT('Origin',(-21.5212120461021,-13.2138108827809,-2.00000000000001));
#4126=CARTESIAN_POINT('Origin',(87.5647886833503,-150.528174477144,-7.36866960243985E-13));
#4127=CARTESIAN_POINT('',(86.2647886833503,-150.528174477144,-2.00000000000001));
#4128=CARTESIAN_POINT('Origin',(87.5647886833503,-150.528174477144,-2.00000000000001));
#4129=CARTESIAN_POINT('',(86.2647886833503,-150.528174477144,-7.36866960243985E-13));
#4130=CARTESIAN_POINT('',(86.2647886833503,-150.528174477144,-7.36866960243985E-13));
#4131=CARTESIAN_POINT('Origin',(87.5647886833503,-150.528174477144,-7.36866960243985E-13));
#4132=CARTESIAN_POINT('Origin',(87.5647886833503,-150.528174477144,-7.36866960243985E-13));
#4133=CARTESIAN_POINT('',(83.5647886833503,-150.528174477144,-7.36866960243985E-13));
#4134=CARTESIAN_POINT('',(83.5647886833503,-150.528174477144,-7.36866960243985E-13));
#4135=CARTESIAN_POINT('Origin',(87.5647886833503,-150.528174477144,-7.36866960243985E-13));
#4136=CARTESIAN_POINT('Origin',(87.5647886833503,-150.528174477144,-7.36866960243985E-13));
#4137=CARTESIAN_POINT('Origin',(-21.5212120461021,-13.2138108827809,-2.00000000000001));
#4138=CARTESIAN_POINT('Origin',(66.4647886833491,-185.181241325458,-7.36866960243985E-13));
#4139=CARTESIAN_POINT('',(65.1647886833491,-185.181241325458,-2.00000000000001));
#4140=CARTESIAN_POINT('Origin',(66.4647886833491,-185.181241325458,-2.00000000000001));
#4141=CARTESIAN_POINT('',(65.1647886833491,-185.181241325458,-7.36866960243985E-13));
#4142=CARTESIAN_POINT('',(65.1647886833491,-185.181241325458,-7.36866960243985E-13));
#4143=CARTESIAN_POINT('Origin',(66.4647886833491,-185.181241325458,-7.36866960243985E-13));
#4144=CARTESIAN_POINT('Origin',(66.4647886833491,-185.181241325458,-7.36866960243985E-13));
#4145=CARTESIAN_POINT('',(62.4647886833491,-185.181241325458,-7.36866960243985E-13));
#4146=CARTESIAN_POINT('',(62.4647886833491,-185.181241325458,-7.36866960243985E-13));
#4147=CARTESIAN_POINT('Origin',(66.4647886833491,-185.181241325458,-7.36866960243985E-13));
#4148=CARTESIAN_POINT('Origin',(66.4647886833491,-185.181241325458,-7.36866960243985E-13));
#4149=CARTESIAN_POINT('Origin',(-21.5212120461021,-13.2138108827809,-2.00000000000001));
#4150=CARTESIAN_POINT('Origin',(37.5647886833481,-150.528174477145,-7.36866960243985E-13));
#4151=CARTESIAN_POINT('',(36.2647886833481,-150.528174477145,-2.00000000000001));
#4152=CARTESIAN_POINT('Origin',(37.5647886833481,-150.528174477145,-2.00000000000001));
#4153=CARTESIAN_POINT('',(36.2647886833481,-150.528174477145,-7.36866960243985E-13));
#4154=CARTESIAN_POINT('',(36.2647886833481,-150.528174477145,-7.36866960243985E-13));
#4155=CARTESIAN_POINT('Origin',(37.5647886833481,-150.528174477145,-7.36866960243985E-13));
#4156=CARTESIAN_POINT('Origin',(37.5647886833481,-150.528174477145,-7.36866960243985E-13));
#4157=CARTESIAN_POINT('',(33.5647886833482,-150.528174477145,-7.36866960243985E-13));
#4158=CARTESIAN_POINT('',(33.5647886833482,-150.528174477145,-7.36866960243985E-13));
#4159=CARTESIAN_POINT('Origin',(37.5647886833481,-150.528174477145,-7.36866960243985E-13));
#4160=CARTESIAN_POINT('Origin',(37.5647886833481,-150.528174477145,-7.36866960243985E-13));
#4161=CARTESIAN_POINT('Origin',(-21.5212120461021,-13.2138108827809,-2.00000000000001));
#4162=CARTESIAN_POINT('Origin',(37.5647886833492,-171.881241325458,-7.36866960243985E-13));
#4163=CARTESIAN_POINT('',(36.2647886833492,-171.881241325458,-2.00000000000001));
#4164=CARTESIAN_POINT('Origin',(37.5647886833492,-171.881241325458,-2.00000000000001));
#4165=CARTESIAN_POINT('',(36.2647886833492,-171.881241325458,-7.36866960243985E-13));
#4166=CARTESIAN_POINT('',(36.2647886833492,-171.881241325458,-7.36866960243985E-13));
#4167=CARTESIAN_POINT('Origin',(37.5647886833492,-171.881241325458,-7.36866960243985E-13));
#4168=CARTESIAN_POINT('Origin',(37.5647886833492,-171.881241325458,-7.36866960243985E-13));
#4169=CARTESIAN_POINT('',(33.5647886833492,-171.881241325458,-7.36866960243985E-13));
#4170=CARTESIAN_POINT('',(33.5647886833492,-171.881241325458,-7.36866960243985E-13));
#4171=CARTESIAN_POINT('Origin',(37.5647886833492,-171.881241325458,-7.36866960243985E-13));
#4172=CARTESIAN_POINT('Origin',(37.5647886833492,-171.881241325458,-7.36866960243985E-13));
#4173=CARTESIAN_POINT('Origin',(-21.5212120461021,-13.2138108827809,-2.00000000000001));
#4174=CARTESIAN_POINT('Origin',(66.4647886833481,-150.528174477144,-7.36866960243985E-13));
#4175=CARTESIAN_POINT('',(65.1647886833481,-150.528174477144,-2.00000000000001));
#4176=CARTESIAN_POINT('Origin',(66.4647886833481,-150.528174477144,-2.00000000000001));
#4177=CARTESIAN_POINT('',(65.1647886833481,-150.528174477144,-7.36866960243985E-13));
#4178=CARTESIAN_POINT('',(65.1647886833481,-150.528174477144,-7.36866960243985E-13));
#4179=CARTESIAN_POINT('Origin',(66.4647886833481,-150.528174477144,-7.36866960243985E-13));
#4180=CARTESIAN_POINT('Origin',(66.4647886833481,-150.528174477144,-7.36866960243985E-13));
#4181=CARTESIAN_POINT('',(62.4647886833481,-150.528174477144,-7.36866960243985E-13));
#4182=CARTESIAN_POINT('',(62.4647886833481,-150.528174477144,-7.36866960243985E-13));
#4183=CARTESIAN_POINT('Origin',(66.4647886833481,-150.528174477144,-7.36866960243985E-13));
#4184=CARTESIAN_POINT('Origin',(66.4647886833481,-150.528174477144,-7.36866960243985E-13));
#4185=CARTESIAN_POINT('Origin',(-21.5212120461021,-13.2138108827809,-2.00000000000001));
#4186=CARTESIAN_POINT('Origin',(87.5647886833493,-185.181241325458,-7.36866960243985E-13));
#4187=CARTESIAN_POINT('',(86.2647886833493,-185.181241325458,-2.00000000000001));
#4188=CARTESIAN_POINT('Origin',(87.5647886833493,-185.181241325458,-2.00000000000001));
#4189=CARTESIAN_POINT('',(86.2647886833493,-185.181241325458,-7.36866960243985E-13));
#4190=CARTESIAN_POINT('',(86.2647886833493,-185.181241325458,-7.36866960243985E-13));
#4191=CARTESIAN_POINT('Origin',(87.5647886833493,-185.181241325458,-7.36866960243985E-13));
#4192=CARTESIAN_POINT('Origin',(87.5647886833493,-185.181241325458,-7.36866960243985E-13));
#4193=CARTESIAN_POINT('',(83.5647886833493,-185.181241325458,-7.36866960243985E-13));
#4194=CARTESIAN_POINT('',(83.5647886833493,-185.181241325458,-7.36866960243985E-13));
#4195=CARTESIAN_POINT('Origin',(87.5647886833493,-185.181241325458,-7.36866960243985E-13));
#4196=CARTESIAN_POINT('Origin',(87.5647886833493,-185.181241325458,-7.36866960243985E-13));
#4197=CARTESIAN_POINT('Origin',(-21.5212120461021,-13.2138108827809,-2.00000000000001));
#4198=CARTESIAN_POINT('Origin',(116.46478868335,-150.528174477145,-7.36866960243985E-13));
#4199=CARTESIAN_POINT('',(115.16478868335,-150.528174477145,-2.00000000000001));
#4200=CARTESIAN_POINT('Origin',(116.46478868335,-150.528174477145,-2.00000000000001));
#4201=CARTESIAN_POINT('',(115.16478868335,-150.528174477145,-7.36866960243985E-13));
#4202=CARTESIAN_POINT('',(115.16478868335,-150.528174477145,-7.36866960243985E-13));
#4203=CARTESIAN_POINT('Origin',(116.46478868335,-150.528174477145,-7.36866960243985E-13));
#4204=CARTESIAN_POINT('Origin',(116.46478868335,-150.528174477145,-7.36866960243985E-13));
#4205=CARTESIAN_POINT('',(112.46478868335,-150.528174477145,-7.36866960243985E-13));
#4206=CARTESIAN_POINT('',(112.46478868335,-150.528174477145,-7.36866960243985E-13));
#4207=CARTESIAN_POINT('Origin',(116.46478868335,-150.528174477145,-7.36866960243985E-13));
#4208=CARTESIAN_POINT('Origin',(116.46478868335,-150.528174477145,-7.36866960243985E-13));
#4209=CARTESIAN_POINT('Origin',(-21.5212120461021,-13.2138108827809,-2.00000000000001));
#4210=CARTESIAN_POINT('Origin',(116.464788683349,-171.881241325458,-7.36866960243985E-13));
#4211=CARTESIAN_POINT('',(115.164788683349,-171.881241325458,-2.00000000000001));
#4212=CARTESIAN_POINT('Origin',(116.464788683349,-171.881241325458,-2.00000000000001));
#4213=CARTESIAN_POINT('',(115.164788683349,-171.881241325458,-7.36866960243985E-13));
#4214=CARTESIAN_POINT('',(115.164788683349,-171.881241325458,-7.36866960243985E-13));
#4215=CARTESIAN_POINT('Origin',(116.464788683349,-171.881241325458,-7.36866960243985E-13));
#4216=CARTESIAN_POINT('Origin',(116.464788683349,-171.881241325458,-7.36866960243985E-13));
#4217=CARTESIAN_POINT('',(112.464788683349,-171.881241325458,-7.36866960243985E-13));
#4218=CARTESIAN_POINT('',(112.464788683349,-171.881241325458,-7.36866960243985E-13));
#4219=CARTESIAN_POINT('Origin',(116.464788683349,-171.881241325458,-7.36866960243985E-13));
#4220=CARTESIAN_POINT('Origin',(116.464788683349,-171.881241325458,-7.36866960243985E-13));
#4221=CARTESIAN_POINT('Origin',(-21.5212120461021,-13.2138108827809,-2.00000000000001));
#4222=CARTESIAN_POINT('Origin',(87.5647886833495,-163.828174477144,-7.36866960243985E-13));
#4223=CARTESIAN_POINT('',(86.2647886833495,-163.828174477144,-2.00000000000001));
#4224=CARTESIAN_POINT('Origin',(87.5647886833495,-163.828174477144,-2.00000000000001));
#4225=CARTESIAN_POINT('',(86.2647886833495,-163.828174477144,-7.36866960243985E-13));
#4226=CARTESIAN_POINT('',(86.2647886833495,-163.828174477144,-7.36866960243985E-13));
#4227=CARTESIAN_POINT('Origin',(87.5647886833495,-163.828174477144,-7.36866960243985E-13));
#4228=CARTESIAN_POINT('Origin',(87.5647886833495,-163.828174477144,-7.36866960243985E-13));
#4229=CARTESIAN_POINT('',(83.5647886833495,-163.828174477144,-7.36866960243985E-13));
#4230=CARTESIAN_POINT('',(83.5647886833495,-163.828174477144,-7.36866960243985E-13));
#4231=CARTESIAN_POINT('Origin',(87.5647886833495,-163.828174477144,-7.36866960243985E-13));
#4232=CARTESIAN_POINT('Origin',(87.5647886833495,-163.828174477144,-7.36866960243985E-13));
#4233=CARTESIAN_POINT('Origin',(-21.5212120461021,-13.2138108827809,-2.00000000000001));
#4234=CARTESIAN_POINT('Origin',(66.4647886833489,-163.828174477144,-7.36866960243985E-13));
#4235=CARTESIAN_POINT('',(65.1647886833489,-163.828174477144,-2.00000000000001));
#4236=CARTESIAN_POINT('Origin',(66.4647886833489,-163.828174477144,-2.00000000000001));
#4237=CARTESIAN_POINT('',(65.1647886833489,-163.828174477144,-7.36866960243985E-13));
#4238=CARTESIAN_POINT('',(65.1647886833489,-163.828174477144,-7.36866960243985E-13));
#4239=CARTESIAN_POINT('Origin',(66.4647886833489,-163.828174477144,-7.36866960243985E-13));
#4240=CARTESIAN_POINT('Origin',(66.4647886833489,-163.828174477144,-7.36866960243985E-13));
#4241=CARTESIAN_POINT('',(62.4647886833489,-163.828174477144,-7.36866960243985E-13));
#4242=CARTESIAN_POINT('',(62.4647886833489,-163.828174477144,-7.36866960243985E-13));
#4243=CARTESIAN_POINT('Origin',(66.4647886833489,-163.828174477144,-7.36866960243985E-13));
#4244=CARTESIAN_POINT('Origin',(66.4647886833489,-163.828174477144,-7.36866960243985E-13));
#4245=CARTESIAN_POINT('Origin',(-21.5212120461021,-13.2138108827809,-2.00000000000001));
#4246=CARTESIAN_POINT('Origin',(37.564788683349,-163.828174477145,-7.36866960243985E-13));
#4247=CARTESIAN_POINT('',(36.264788683349,-163.828174477145,-2.00000000000001));
#4248=CARTESIAN_POINT('Origin',(37.564788683349,-163.828174477145,-2.00000000000001));
#4249=CARTESIAN_POINT('',(36.264788683349,-163.828174477145,-7.36866960243985E-13));
#4250=CARTESIAN_POINT('',(36.264788683349,-163.828174477145,-7.36866960243985E-13));
#4251=CARTESIAN_POINT('Origin',(37.564788683349,-163.828174477145,-7.36866960243985E-13));
#4252=CARTESIAN_POINT('Origin',(37.564788683349,-163.828174477145,-7.36866960243985E-13));
#4253=CARTESIAN_POINT('',(33.564788683349,-163.828174477145,-7.36866960243985E-13));
#4254=CARTESIAN_POINT('',(33.564788683349,-163.828174477145,-7.36866960243985E-13));
#4255=CARTESIAN_POINT('Origin',(37.564788683349,-163.828174477145,-7.36866960243985E-13));
#4256=CARTESIAN_POINT('Origin',(37.564788683349,-163.828174477145,-7.36866960243985E-13));
#4257=CARTESIAN_POINT('Origin',(-21.5212120461021,-13.2138108827809,-2.00000000000001));
#4258=CARTESIAN_POINT('Origin',(37.5647886833492,-185.181241325458,-7.36866960243985E-13));
#4259=CARTESIAN_POINT('',(36.2647886833492,-185.181241325458,-2.00000000000001));
#4260=CARTESIAN_POINT('Origin',(37.5647886833492,-185.181241325458,-2.00000000000001));
#4261=CARTESIAN_POINT('',(36.2647886833492,-185.181241325458,-7.36866960243985E-13));
#4262=CARTESIAN_POINT('',(36.2647886833492,-185.181241325458,-7.36866960243985E-13));
#4263=CARTESIAN_POINT('Origin',(37.5647886833492,-185.181241325458,-7.36866960243985E-13));
#4264=CARTESIAN_POINT('Origin',(37.5647886833492,-185.181241325458,-7.36866960243985E-13));
#4265=CARTESIAN_POINT('',(33.5647886833492,-185.181241325458,-7.36866960243985E-13));
#4266=CARTESIAN_POINT('',(33.5647886833492,-185.181241325458,-7.36866960243985E-13));
#4267=CARTESIAN_POINT('Origin',(37.5647886833492,-185.181241325458,-7.36866960243985E-13));
#4268=CARTESIAN_POINT('Origin',(37.5647886833492,-185.181241325458,-7.36866960243985E-13));
#4269=CARTESIAN_POINT('Origin',(-21.5212120461021,-13.2138108827809,-2.00000000000001));
#4270=CARTESIAN_POINT('Origin',(66.4647886833492,-171.881241325458,-7.36866960243985E-13));
#4271=CARTESIAN_POINT('',(65.1647886833492,-171.881241325458,-2.00000000000001));
#4272=CARTESIAN_POINT('Origin',(66.4647886833492,-171.881241325458,-2.00000000000001));
#4273=CARTESIAN_POINT('',(65.1647886833492,-171.881241325458,-7.36866960243985E-13));
#4274=CARTESIAN_POINT('',(65.1647886833492,-171.881241325458,-7.36866960243985E-13));
#4275=CARTESIAN_POINT('Origin',(66.4647886833492,-171.881241325458,-7.36866960243985E-13));
#4276=CARTESIAN_POINT('Origin',(66.4647886833492,-171.881241325458,-7.36866960243985E-13));
#4277=CARTESIAN_POINT('',(62.4647886833492,-171.881241325458,-7.36866960243985E-13));
#4278=CARTESIAN_POINT('',(62.4647886833492,-171.881241325458,-7.36866960243985E-13));
#4279=CARTESIAN_POINT('Origin',(66.4647886833492,-171.881241325458,-7.36866960243985E-13));
#4280=CARTESIAN_POINT('Origin',(66.4647886833492,-171.881241325458,-7.36866960243985E-13));
#4281=CARTESIAN_POINT('Origin',(-21.5212120461021,-13.2138108827809,-2.00000000000001));
#4282=CARTESIAN_POINT('Origin',(87.5647886833492,-171.881241325458,-7.36866960243985E-13));
#4283=CARTESIAN_POINT('',(86.2647886833493,-171.881241325458,-2.00000000000001));
#4284=CARTESIAN_POINT('Origin',(87.5647886833492,-171.881241325458,-2.00000000000001));
#4285=CARTESIAN_POINT('',(86.2647886833493,-171.881241325458,-7.36866960243985E-13));
#4286=CARTESIAN_POINT('',(86.2647886833493,-171.881241325458,-7.36866960243985E-13));
#4287=CARTESIAN_POINT('Origin',(87.5647886833492,-171.881241325458,-7.36866960243985E-13));
#4288=CARTESIAN_POINT('Origin',(87.5647886833492,-171.881241325458,-7.36866960243985E-13));
#4289=CARTESIAN_POINT('',(83.5647886833492,-171.881241325458,-7.36866960243985E-13));
#4290=CARTESIAN_POINT('',(83.5647886833492,-171.881241325458,-7.36866960243985E-13));
#4291=CARTESIAN_POINT('Origin',(87.5647886833492,-171.881241325458,-7.36866960243985E-13));
#4292=CARTESIAN_POINT('Origin',(87.5647886833492,-171.881241325458,-7.36866960243985E-13));
#4293=CARTESIAN_POINT('Origin',(-21.5212120461021,-13.2138108827809,-2.00000000000001));
#4294=CARTESIAN_POINT('Origin',(116.464788683349,-163.828174477145,-7.36866960243985E-13));
#4295=CARTESIAN_POINT('',(115.164788683349,-163.828174477145,-2.00000000000001));
#4296=CARTESIAN_POINT('Origin',(116.464788683349,-163.828174477145,-2.00000000000001));
#4297=CARTESIAN_POINT('',(115.164788683349,-163.828174477145,-7.36866960243985E-13));
#4298=CARTESIAN_POINT('',(115.164788683349,-163.828174477145,-7.36866960243985E-13));
#4299=CARTESIAN_POINT('Origin',(116.464788683349,-163.828174477145,-7.36866960243985E-13));
#4300=CARTESIAN_POINT('Origin',(116.464788683349,-163.828174477145,-7.36866960243985E-13));
#4301=CARTESIAN_POINT('',(112.464788683349,-163.828174477145,-7.36866960243985E-13));
#4302=CARTESIAN_POINT('',(112.464788683349,-163.828174477145,-7.36866960243985E-13));
#4303=CARTESIAN_POINT('Origin',(116.464788683349,-163.828174477145,-7.36866960243985E-13));
#4304=CARTESIAN_POINT('Origin',(116.464788683349,-163.828174477145,-7.36866960243985E-13));
#4305=CARTESIAN_POINT('Origin',(8.85138378471941,-198.678474550219,1.22130618998185E-13));
#4306=CARTESIAN_POINT('',(7.5513837847194,-198.678474550219,-2.));
#4307=CARTESIAN_POINT('Origin',(8.85138378471942,-198.678474550219,-2.));
#4308=CARTESIAN_POINT('',(7.5513837847194,-198.678474550219,1.21503191824225E-13));
#4309=CARTESIAN_POINT('',(7.5513837847194,-198.678474550219,1.21408974032179E-13));
#4310=CARTESIAN_POINT('Origin',(8.85138378471941,-198.678474550219,1.22130618998185E-13));
#4311=CARTESIAN_POINT('Origin',(8.85138378471941,-198.678474550219,1.22130618998185E-13));
#4312=CARTESIAN_POINT('Origin',(-21.5212120461021,-13.2138108827809,-2.00000000000001));
#4313=CARTESIAN_POINT('Origin',(-38.3486162152806,-198.678474550219,9.93501862205661E-14));
#4314=CARTESIAN_POINT('',(-42.3486162152806,-198.678474550219,9.74196410699204E-14));
#4315=CARTESIAN_POINT('',(-42.3486162152806,-198.678474550219,9.93501862205661E-14));
#4316=CARTESIAN_POINT('Origin',(-38.3486162152806,-198.678474550219,9.93501862205661E-14));
#4317=CARTESIAN_POINT('Origin',(-38.3486162152806,-198.678474550219,9.93501862205661E-14));
#4318=CARTESIAN_POINT('',(-39.8486162152807,-198.678474550219,-2.00000000000001));
#4319=CARTESIAN_POINT('Origin',(-38.3486162152806,-198.678474550219,-2.00000000000001));
#4320=CARTESIAN_POINT('',(-39.8486162152807,-198.678474550219,9.8626231789074E-14));
#4321=CARTESIAN_POINT('',(-39.8486162152807,-198.678474550219,9.93501862205661E-14));
#4322=CARTESIAN_POINT('Origin',(-38.3486162152806,-198.678474550219,9.93501862205661E-14));
#4323=CARTESIAN_POINT('Origin',(-38.3486162152806,-198.678474550219,9.93501862205661E-14));
#4324=CARTESIAN_POINT('Origin',(-21.5212120461021,-13.2138108827809,-2.00000000000001));
#4325=CARTESIAN_POINT('Origin',(8.85138378471927,-174.678474550219,1.48521729351524E-13));
#4326=CARTESIAN_POINT('',(7.55138378471928,-174.678474550219,-2.));
#4327=CARTESIAN_POINT('Origin',(8.85138378471927,-174.678474550219,-2.));
#4328=CARTESIAN_POINT('',(7.55138378471928,-174.678474550219,1.47894302177565E-13));
#4329=CARTESIAN_POINT('',(7.55138378471928,-174.678474550219,1.47800084385518E-13));
#4330=CARTESIAN_POINT('Origin',(8.85138378471927,-174.678474550219,1.48521729351524E-13));
#4331=CARTESIAN_POINT('Origin',(8.85138378471927,-174.678474550219,1.48521729351524E-13));
#4332=CARTESIAN_POINT('',(4.85138378471925,-174.678474550219,1.46591184200879E-13));
#4333=CARTESIAN_POINT('',(4.85138378471925,-174.678474550219,1.46301283302274E-13));
#4334=CARTESIAN_POINT('Origin',(8.85138378471927,-174.678474550219,1.48521729351524E-13));
#4335=CARTESIAN_POINT('Origin',(8.85138378471927,-174.678474550219,1.48521729351524E-13));
#4336=CARTESIAN_POINT('Origin',(-21.5212120461021,-13.2138108827809,-2.00000000000001));
#4337=CARTESIAN_POINT('Origin',(-38.3486162152806,-174.678474550219,1.25741296573906E-13));
#4338=CARTESIAN_POINT('',(-39.6486162152806,-174.678474550219,-2.00000000000001));
#4339=CARTESIAN_POINT('Origin',(-38.3486162152806,-174.678474550219,-2.00000000000001));
#4340=CARTESIAN_POINT('',(-39.6486162152806,-174.678474550219,1.25113869399946E-13));
#4341=CARTESIAN_POINT('',(-39.6486162152806,-174.678474550219,1.25741296573906E-13));
#4342=CARTESIAN_POINT('Origin',(-38.3486162152806,-174.678474550219,1.25741296573906E-13));
#4343=CARTESIAN_POINT('Origin',(-38.3486162152806,-174.678474550219,1.25741296573906E-13));
#4344=CARTESIAN_POINT('',(-42.3486162152806,-174.678474550219,1.2381075142326E-13));
#4345=CARTESIAN_POINT('',(-42.3486162152806,-174.678474550219,1.25741296573906E-13));
#4346=CARTESIAN_POINT('Origin',(-38.3486162152806,-174.678474550219,1.25741296573906E-13));
#4347=CARTESIAN_POINT('Origin',(-38.3486162152806,-174.678474550219,1.25741296573906E-13));
#4348=CARTESIAN_POINT('Origin',(-21.5212120461021,-13.2138108827809,-2.00000000000001));
#4349=CARTESIAN_POINT('Origin',(-21.5212120461021,-13.2138108827809,-2.00000000000001));
#4350=CARTESIAN_POINT('Origin',(120.928756666106,-144.158352969599,21.));
#4351=CARTESIAN_POINT('Origin',(-40.6355357157668,-181.084443326268,3.43102745219247));
#4352=CARTESIAN_POINT('Origin',(-42.04861621528,-183.828474550219,2.65065747129256E-14));
#4353=CARTESIAN_POINT('',(-61.5212120461021,-183.828474550219,-4.44944794561215E-14));
#4354=CARTESIAN_POINT('Origin',(-42.0486162152801,-183.828474550219,2.55000000000003));
#4355=CARTESIAN_POINT('',(0.,0.,0.));
#4356=UNCERTAINTY_MEASURE_WITH_UNIT(LENGTH_MEASURE(0.01),#4362,
'DISTANCE_ACCURACY_VALUE',
'Maximum model space distance between geometric entities at asserted c
onnectivities');
#4357=UNCERTAINTY_MEASURE_WITH_UNIT(LENGTH_MEASURE(0.01),#4362,
'DISTANCE_ACCURACY_VALUE',
'Maximum model space distance between geometric entities at asserted c
onnectivities');
#4358=UNCERTAINTY_MEASURE_WITH_UNIT(LENGTH_MEASURE(0.01),#4362,
'DISTANCE_ACCURACY_VALUE',
'Maximum model space distance between geometric entities at asserted c
onnectivities');
#4359=(
GEOMETRIC_REPRESENTATION_CONTEXT(3)
GLOBAL_UNCERTAINTY_ASSIGNED_CONTEXT((#4356))
GLOBAL_UNIT_ASSIGNED_CONTEXT((#4362,#4364,#4365))
REPRESENTATION_CONTEXT('','3D')
);
#4360=(
GEOMETRIC_REPRESENTATION_CONTEXT(3)
GLOBAL_UNCERTAINTY_ASSIGNED_CONTEXT((#4357))
GLOBAL_UNIT_ASSIGNED_CONTEXT((#4362,#4364,#4365))
REPRESENTATION_CONTEXT('','3D')
);
#4361=(
GEOMETRIC_REPRESENTATION_CONTEXT(3)
GLOBAL_UNCERTAINTY_ASSIGNED_CONTEXT((#4358))
GLOBAL_UNIT_ASSIGNED_CONTEXT((#4362,#4364,#4365))
REPRESENTATION_CONTEXT('','3D')
);
#4362=(
LENGTH_UNIT()
NAMED_UNIT(*)
SI_UNIT(.MILLI.,.METRE.)
);
#4363=(
LENGTH_UNIT()
NAMED_UNIT(*)
SI_UNIT($,.METRE.)
);
#4364=(
NAMED_UNIT(*)
PLANE_ANGLE_UNIT()
SI_UNIT($,.RADIAN.)
);
#4365=(
NAMED_UNIT(*)
SI_UNIT($,.STERADIAN.)
SOLID_ANGLE_UNIT()
);
#4366=SHAPE_DEFINITION_REPRESENTATION(#4368,#4371);
#4367=SHAPE_DEFINITION_REPRESENTATION(#4369,#4372);
#4368=PRODUCT_DEFINITION_SHAPE('',$,#4374);
#4369=PRODUCT_DEFINITION_SHAPE('',$,#4375);
#4370=PRODUCT_DEFINITION_SHAPE($,$,#14);
#4371=SHAPE_REPRESENTATION('',(#2540,#2851),#4359);
#4372=SHAPE_REPRESENTATION('',(#2541),#4360);
#4373=PRODUCT_DEFINITION_CONTEXT('part definition',#4381,'design');
#4374=PRODUCT_DEFINITION('smart home','smart home v5',#4376,#4373);
#4375=PRODUCT_DEFINITION('enclosure','enclosure',#4377,#4373);
#4376=PRODUCT_DEFINITION_FORMATION('',$,#4383);
#4377=PRODUCT_DEFINITION_FORMATION('',$,#4384);
#4378=PRODUCT_RELATED_PRODUCT_CATEGORY('smart home v5','smart home v5',
(#4383));
#4379=PRODUCT_RELATED_PRODUCT_CATEGORY('enclosure','enclosure',(#4384));
#4380=APPLICATION_PROTOCOL_DEFINITION('international standard',
'automotive_design',2009,#4381);
#4381=APPLICATION_CONTEXT(
'Core Data for Automotive Mechanical Design Process');
#4382=PRODUCT_CONTEXT('part definition',#4381,'mechanical');
#4383=PRODUCT('smart home','smart home v5',$,(#4382));
#4384=PRODUCT('enclosure','enclosure',$,(#4382));
#4385=PRESENTATION_STYLE_ASSIGNMENT((#4386));
#4386=SURFACE_STYLE_USAGE(.BOTH.,#4387);
#4387=SURFACE_SIDE_STYLE('',(#4388));
#4388=SURFACE_STYLE_FILL_AREA(#4389);
#4389=FILL_AREA_STYLE('Steel - Satin',(#4390));
#4390=FILL_AREA_STYLE_COLOUR('Steel - Satin',#4391);
#4391=COLOUR_RGB('Steel - Satin',0.627450980392157,0.627450980392157,0.627450980392157);
ENDSEC;
END-ISO-10303-21;
