ISO-10303-21;
HEADER;
/* Generated by software containing ST-Developer
 * from STEP Tools, Inc. (www.steptools.com) 
 */

FILE_DESCRIPTION(
/* description */ (''),
/* implementation_level */ '2;1');

FILE_NAME(
/* name */ 'smart home.step',
/* time_stamp */ '2026-08-30T17:31:29-06:00',
/* author */ (''),
/* organization */ (''),
/* preprocessor_version */ 'ST-DEVELOPER v20.1',
/* originating_system */ 'Autodesk Translation Framework v15.8.0.0',
/* authorisation */ '');

FILE_SCHEMA (('AUTOMOTIVE_DESIGN { 1 0 10303 214 3 1 1 }'));
ENDSEC;

DATA;
#10=MECHANICAL_DESIGN_GEOMETRIC_PRESENTATION_REPRESENTATION('',(#17),#3531);
#11=ITEM_DEFINED_TRANSFORMATION($,$,#2275,#2381);
#12=(
REPRESENTATION_RELATIONSHIP($,$,#3542,#3541)
REPRESENTATION_RELATIONSHIP_WITH_TRANSFORMATION(#11)
SHAPE_REPRESENTATION_RELATIONSHIP()
);
#13=CONTEXT_DEPENDENT_SHAPE_REPRESENTATION(#12,#3540);
#14=NEXT_ASSEMBLY_USAGE_OCCURRENCE('lid:1','lid:1','lid:1',#3544,#3545,
'lid:1');
#15=SHAPE_REPRESENTATION_RELATIONSHIP('SRR','None',#3542,#16);
#16=ADVANCED_BREP_SHAPE_REPRESENTATION('',(#18),#3530);
#17=STYLED_ITEM('',(#3555),#18);
#18=MANIFOLD_SOLID_BREP('Body1',#2261);
#19=FACE_BOUND('',#188,.T.);
#20=FACE_BOUND('',#189,.T.);
#21=FACE_BOUND('',#190,.T.);
#22=FACE_BOUND('',#191,.T.);
#23=FACE_BOUND('',#192,.T.);
#24=FACE_BOUND('',#193,.T.);
#25=FACE_BOUND('',#194,.T.);
#26=FACE_BOUND('',#195,.T.);
#27=FACE_BOUND('',#196,.T.);
#28=FACE_BOUND('',#197,.T.);
#29=FACE_BOUND('',#198,.T.);
#30=FACE_BOUND('',#199,.T.);
#31=FACE_BOUND('',#200,.T.);
#32=FACE_BOUND('',#204,.T.);
#33=FACE_BOUND('',#205,.T.);
#34=FACE_BOUND('',#206,.T.);
#35=FACE_BOUND('',#207,.T.);
#36=FACE_BOUND('',#208,.T.);
#37=FACE_BOUND('',#209,.T.);
#38=FACE_BOUND('',#210,.T.);
#39=FACE_BOUND('',#211,.T.);
#40=FACE_BOUND('',#212,.T.);
#41=FACE_BOUND('',#213,.T.);
#42=FACE_BOUND('',#214,.T.);
#43=FACE_BOUND('',#215,.T.);
#44=FACE_BOUND('',#225,.T.);
#45=FACE_BOUND('',#226,.T.);
#46=FACE_BOUND('',#227,.T.);
#47=FACE_BOUND('',#228,.T.);
#48=FACE_BOUND('',#229,.T.);
#49=FACE_BOUND('',#230,.T.);
#50=FACE_BOUND('',#231,.T.);
#51=FACE_BOUND('',#234,.T.);
#52=FACE_BOUND('',#235,.T.);
#53=FACE_BOUND('',#236,.T.);
#54=FACE_BOUND('',#237,.T.);
#55=FACE_BOUND('',#238,.T.);
#56=FACE_BOUND('',#239,.T.);
#57=FACE_BOUND('',#240,.T.);
#58=FACE_OUTER_BOUND('',#163,.T.);
#59=FACE_OUTER_BOUND('',#164,.T.);
#60=FACE_OUTER_BOUND('',#165,.T.);
#61=FACE_OUTER_BOUND('',#166,.T.);
#62=FACE_OUTER_BOUND('',#167,.T.);
#63=FACE_OUTER_BOUND('',#168,.T.);
#64=FACE_OUTER_BOUND('',#169,.T.);
#65=FACE_OUTER_BOUND('',#170,.T.);
#66=FACE_OUTER_BOUND('',#171,.T.);
#67=FACE_OUTER_BOUND('',#172,.T.);
#68=FACE_OUTER_BOUND('',#173,.T.);
#69=FACE_OUTER_BOUND('',#174,.T.);
#70=FACE_OUTER_BOUND('',#175,.T.);
#71=FACE_OUTER_BOUND('',#176,.T.);
#72=FACE_OUTER_BOUND('',#177,.T.);
#73=FACE_OUTER_BOUND('',#178,.T.);
#74=FACE_OUTER_BOUND('',#179,.T.);
#75=FACE_OUTER_BOUND('',#180,.T.);
#76=FACE_OUTER_BOUND('',#181,.T.);
#77=FACE_OUTER_BOUND('',#182,.T.);
#78=FACE_OUTER_BOUND('',#183,.T.);
#79=FACE_OUTER_BOUND('',#184,.T.);
#80=FACE_OUTER_BOUND('',#185,.T.);
#81=FACE_OUTER_BOUND('',#186,.T.);
#82=FACE_OUTER_BOUND('',#187,.T.);
#83=FACE_OUTER_BOUND('',#201,.T.);
#84=FACE_OUTER_BOUND('',#202,.T.);
#85=FACE_OUTER_BOUND('',#203,.T.);
#86=FACE_OUTER_BOUND('',#216,.T.);
#87=FACE_OUTER_BOUND('',#217,.T.);
#88=FACE_OUTER_BOUND('',#218,.T.);
#89=FACE_OUTER_BOUND('',#219,.T.);
#90=FACE_OUTER_BOUND('',#220,.T.);
#91=FACE_OUTER_BOUND('',#221,.T.);
#92=FACE_OUTER_BOUND('',#222,.T.);
#93=FACE_OUTER_BOUND('',#223,.T.);
#94=FACE_OUTER_BOUND('',#224,.T.);
#95=FACE_OUTER_BOUND('',#232,.T.);
#96=FACE_OUTER_BOUND('',#233,.T.);
#97=FACE_OUTER_BOUND('',#241,.T.);
#98=FACE_OUTER_BOUND('',#242,.T.);
#99=FACE_OUTER_BOUND('',#243,.T.);
#100=FACE_OUTER_BOUND('',#244,.T.);
#101=FACE_OUTER_BOUND('',#245,.T.);
#102=FACE_OUTER_BOUND('',#246,.T.);
#103=FACE_OUTER_BOUND('',#247,.T.);
#104=FACE_OUTER_BOUND('',#248,.T.);
#105=FACE_OUTER_BOUND('',#249,.T.);
#106=FACE_OUTER_BOUND('',#250,.T.);
#107=FACE_OUTER_BOUND('',#251,.T.);
#108=FACE_OUTER_BOUND('',#252,.T.);
#109=FACE_OUTER_BOUND('',#253,.T.);
#110=FACE_OUTER_BOUND('',#254,.T.);
#111=FACE_OUTER_BOUND('',#255,.T.);
#112=FACE_OUTER_BOUND('',#256,.T.);
#113=FACE_OUTER_BOUND('',#257,.T.);
#114=FACE_OUTER_BOUND('',#258,.T.);
#115=FACE_OUTER_BOUND('',#259,.T.);
#116=FACE_OUTER_BOUND('',#260,.T.);
#117=FACE_OUTER_BOUND('',#261,.T.);
#118=FACE_OUTER_BOUND('',#262,.T.);
#119=FACE_OUTER_BOUND('',#263,.T.);
#120=FACE_OUTER_BOUND('',#264,.T.);
#121=FACE_OUTER_BOUND('',#265,.T.);
#122=FACE_OUTER_BOUND('',#266,.T.);
#123=FACE_OUTER_BOUND('',#267,.T.);
#124=FACE_OUTER_BOUND('',#268,.T.);
#125=FACE_OUTER_BOUND('',#269,.T.);
#126=FACE_OUTER_BOUND('',#270,.T.);
#127=FACE_OUTER_BOUND('',#271,.T.);
#128=FACE_OUTER_BOUND('',#272,.T.);
#129=FACE_OUTER_BOUND('',#273,.T.);
#130=FACE_OUTER_BOUND('',#274,.T.);
#131=FACE_OUTER_BOUND('',#275,.T.);
#132=FACE_OUTER_BOUND('',#276,.T.);
#133=FACE_OUTER_BOUND('',#277,.T.);
#134=FACE_OUTER_BOUND('',#278,.T.);
#135=FACE_OUTER_BOUND('',#279,.T.);
#136=FACE_OUTER_BOUND('',#280,.T.);
#137=FACE_OUTER_BOUND('',#281,.T.);
#138=FACE_OUTER_BOUND('',#282,.T.);
#139=FACE_OUTER_BOUND('',#283,.T.);
#140=FACE_OUTER_BOUND('',#284,.T.);
#141=FACE_OUTER_BOUND('',#285,.T.);
#142=FACE_OUTER_BOUND('',#286,.T.);
#143=FACE_OUTER_BOUND('',#287,.T.);
#144=FACE_OUTER_BOUND('',#288,.T.);
#145=FACE_OUTER_BOUND('',#289,.T.);
#146=FACE_OUTER_BOUND('',#290,.T.);
#147=FACE_OUTER_BOUND('',#291,.T.);
#148=FACE_OUTER_BOUND('',#292,.T.);
#149=FACE_OUTER_BOUND('',#293,.T.);
#150=FACE_OUTER_BOUND('',#294,.T.);
#151=FACE_OUTER_BOUND('',#295,.T.);
#152=FACE_OUTER_BOUND('',#296,.T.);
#153=FACE_OUTER_BOUND('',#297,.T.);
#154=FACE_OUTER_BOUND('',#298,.T.);
#155=FACE_OUTER_BOUND('',#299,.T.);
#156=FACE_OUTER_BOUND('',#300,.T.);
#157=FACE_OUTER_BOUND('',#301,.T.);
#158=FACE_OUTER_BOUND('',#302,.T.);
#159=FACE_OUTER_BOUND('',#303,.T.);
#160=FACE_OUTER_BOUND('',#304,.T.);
#161=FACE_OUTER_BOUND('',#305,.T.);
#162=FACE_OUTER_BOUND('',#306,.T.);
#163=EDGE_LOOP('',(#1435,#1436,#1437,#1438));
#164=EDGE_LOOP('',(#1439,#1440,#1441,#1442));
#165=EDGE_LOOP('',(#1443,#1444,#1445,#1446));
#166=EDGE_LOOP('',(#1447,#1448,#1449,#1450));
#167=EDGE_LOOP('',(#1451,#1452,#1453,#1454));
#168=EDGE_LOOP('',(#1455,#1456,#1457,#1458));
#169=EDGE_LOOP('',(#1459,#1460,#1461,#1462));
#170=EDGE_LOOP('',(#1463,#1464,#1465,#1466));
#171=EDGE_LOOP('',(#1467,#1468,#1469,#1470));
#172=EDGE_LOOP('',(#1471,#1472,#1473,#1474));
#173=EDGE_LOOP('',(#1475,#1476,#1477,#1478));
#174=EDGE_LOOP('',(#1479,#1480,#1481,#1482));
#175=EDGE_LOOP('',(#1483,#1484,#1485,#1486));
#176=EDGE_LOOP('',(#1487,#1488,#1489,#1490));
#177=EDGE_LOOP('',(#1491,#1492,#1493,#1494));
#178=EDGE_LOOP('',(#1495,#1496,#1497,#1498));
#179=EDGE_LOOP('',(#1499,#1500,#1501,#1502));
#180=EDGE_LOOP('',(#1503,#1504,#1505,#1506));
#181=EDGE_LOOP('',(#1507,#1508,#1509,#1510));
#182=EDGE_LOOP('',(#1511,#1512,#1513,#1514));
#183=EDGE_LOOP('',(#1515,#1516,#1517,#1518,#1519,#1520,#1521,#1522,#1523,
#1524,#1525,#1526));
#184=EDGE_LOOP('',(#1527,#1528,#1529,#1530));
#185=EDGE_LOOP('',(#1531,#1532,#1533,#1534));
#186=EDGE_LOOP('',(#1535,#1536,#1537,#1538));
#187=EDGE_LOOP('',(#1539,#1540,#1541,#1542,#1543,#1544,#1545,#1546,#1547,
#1548,#1549,#1550,#1551,#1552,#1553,#1554));
#188=EDGE_LOOP('',(#1555,#1556,#1557,#1558));
#189=EDGE_LOOP('',(#1559,#1560,#1561,#1562));
#190=EDGE_LOOP('',(#1563,#1564,#1565,#1566));
#191=EDGE_LOOP('',(#1567,#1568,#1569,#1570));
#192=EDGE_LOOP('',(#1571,#1572,#1573,#1574));
#193=EDGE_LOOP('',(#1575,#1576,#1577,#1578));
#194=EDGE_LOOP('',(#1579,#1580,#1581,#1582));
#195=EDGE_LOOP('',(#1583,#1584,#1585,#1586));
#196=EDGE_LOOP('',(#1587,#1588,#1589,#1590));
#197=EDGE_LOOP('',(#1591,#1592,#1593,#1594));
#198=EDGE_LOOP('',(#1595,#1596,#1597,#1598));
#199=EDGE_LOOP('',(#1599,#1600,#1601,#1602));
#200=EDGE_LOOP('',(#1603,#1604,#1605,#1606));
#201=EDGE_LOOP('',(#1607,#1608,#1609,#1610));
#202=EDGE_LOOP('',(#1611,#1612,#1613,#1614));
#203=EDGE_LOOP('',(#1615,#1616,#1617,#1618,#1619,#1620,#1621,#1622,#1623,
#1624,#1625,#1626,#1627,#1628,#1629,#1630));
#204=EDGE_LOOP('',(#1631,#1632,#1633,#1634));
#205=EDGE_LOOP('',(#1635,#1636,#1637,#1638));
#206=EDGE_LOOP('',(#1639,#1640,#1641,#1642));
#207=EDGE_LOOP('',(#1643,#1644,#1645,#1646));
#208=EDGE_LOOP('',(#1647,#1648,#1649,#1650));
#209=EDGE_LOOP('',(#1651,#1652,#1653,#1654,#1655,#1656,#1657,#1658));
#210=EDGE_LOOP('',(#1659,#1660,#1661,#1662));
#211=EDGE_LOOP('',(#1663,#1664,#1665,#1666));
#212=EDGE_LOOP('',(#1667,#1668,#1669,#1670));
#213=EDGE_LOOP('',(#1671,#1672,#1673,#1674));
#214=EDGE_LOOP('',(#1675,#1676,#1677,#1678));
#215=EDGE_LOOP('',(#1679,#1680,#1681,#1682));
#216=EDGE_LOOP('',(#1683,#1684,#1685,#1686));
#217=EDGE_LOOP('',(#1687,#1688,#1689,#1690));
#218=EDGE_LOOP('',(#1691,#1692,#1693,#1694));
#219=EDGE_LOOP('',(#1695,#1696,#1697,#1698));
#220=EDGE_LOOP('',(#1699,#1700,#1701,#1702));
#221=EDGE_LOOP('',(#1703,#1704,#1705,#1706));
#222=EDGE_LOOP('',(#1707,#1708,#1709,#1710));
#223=EDGE_LOOP('',(#1711,#1712,#1713,#1714));
#224=EDGE_LOOP('',(#1715,#1716,#1717,#1718));
#225=EDGE_LOOP('',(#1719,#1720,#1721,#1722));
#226=EDGE_LOOP('',(#1723,#1724,#1725,#1726));
#227=EDGE_LOOP('',(#1727,#1728,#1729,#1730));
#228=EDGE_LOOP('',(#1731,#1732,#1733,#1734));
#229=EDGE_LOOP('',(#1735,#1736,#1737,#1738));
#230=EDGE_LOOP('',(#1739,#1740,#1741,#1742));
#231=EDGE_LOOP('',(#1743,#1744,#1745,#1746));
#232=EDGE_LOOP('',(#1747,#1748,#1749,#1750));
#233=EDGE_LOOP('',(#1751,#1752,#1753,#1754));
#234=EDGE_LOOP('',(#1755,#1756,#1757,#1758));
#235=EDGE_LOOP('',(#1759,#1760,#1761,#1762));
#236=EDGE_LOOP('',(#1763,#1764,#1765,#1766));
#237=EDGE_LOOP('',(#1767,#1768,#1769,#1770));
#238=EDGE_LOOP('',(#1771,#1772,#1773,#1774));
#239=EDGE_LOOP('',(#1775,#1776,#1777,#1778));
#240=EDGE_LOOP('',(#1779,#1780,#1781,#1782));
#241=EDGE_LOOP('',(#1783,#1784,#1785,#1786));
#242=EDGE_LOOP('',(#1787,#1788,#1789,#1790));
#243=EDGE_LOOP('',(#1791,#1792,#1793,#1794));
#244=EDGE_LOOP('',(#1795,#1796,#1797,#1798));
#245=EDGE_LOOP('',(#1799,#1800,#1801,#1802));
#246=EDGE_LOOP('',(#1803,#1804,#1805,#1806));
#247=EDGE_LOOP('',(#1807,#1808,#1809,#1810));
#248=EDGE_LOOP('',(#1811,#1812,#1813,#1814));
#249=EDGE_LOOP('',(#1815,#1816,#1817,#1818));
#250=EDGE_LOOP('',(#1819,#1820,#1821,#1822));
#251=EDGE_LOOP('',(#1823,#1824,#1825,#1826));
#252=EDGE_LOOP('',(#1827,#1828,#1829,#1830));
#253=EDGE_LOOP('',(#1831,#1832,#1833,#1834));
#254=EDGE_LOOP('',(#1835,#1836,#1837,#1838));
#255=EDGE_LOOP('',(#1839,#1840,#1841,#1842));
#256=EDGE_LOOP('',(#1843,#1844,#1845,#1846));
#257=EDGE_LOOP('',(#1847,#1848,#1849,#1850));
#258=EDGE_LOOP('',(#1851,#1852,#1853,#1854));
#259=EDGE_LOOP('',(#1855,#1856,#1857,#1858));
#260=EDGE_LOOP('',(#1859,#1860,#1861,#1862));
#261=EDGE_LOOP('',(#1863,#1864,#1865,#1866));
#262=EDGE_LOOP('',(#1867,#1868,#1869,#1870));
#263=EDGE_LOOP('',(#1871,#1872,#1873,#1874));
#264=EDGE_LOOP('',(#1875,#1876,#1877,#1878));
#265=EDGE_LOOP('',(#1879,#1880,#1881,#1882));
#266=EDGE_LOOP('',(#1883,#1884,#1885,#1886));
#267=EDGE_LOOP('',(#1887,#1888,#1889,#1890));
#268=EDGE_LOOP('',(#1891,#1892,#1893,#1894));
#269=EDGE_LOOP('',(#1895,#1896,#1897,#1898));
#270=EDGE_LOOP('',(#1899,#1900,#1901,#1902));
#271=EDGE_LOOP('',(#1903,#1904,#1905,#1906));
#272=EDGE_LOOP('',(#1907,#1908,#1909,#1910));
#273=EDGE_LOOP('',(#1911,#1912,#1913,#1914));
#274=EDGE_LOOP('',(#1915,#1916,#1917,#1918));
#275=EDGE_LOOP('',(#1919,#1920,#1921,#1922));
#276=EDGE_LOOP('',(#1923,#1924,#1925,#1926));
#277=EDGE_LOOP('',(#1927,#1928,#1929,#1930));
#278=EDGE_LOOP('',(#1931,#1932,#1933,#1934));
#279=EDGE_LOOP('',(#1935,#1936,#1937,#1938));
#280=EDGE_LOOP('',(#1939,#1940,#1941,#1942));
#281=EDGE_LOOP('',(#1943,#1944,#1945,#1946));
#282=EDGE_LOOP('',(#1947,#1948,#1949,#1950));
#283=EDGE_LOOP('',(#1951,#1952,#1953,#1954));
#284=EDGE_LOOP('',(#1955,#1956,#1957,#1958,#1959,#1960));
#285=EDGE_LOOP('',(#1961,#1962,#1963,#1964,#1965,#1966));
#286=EDGE_LOOP('',(#1967,#1968,#1969,#1970));
#287=EDGE_LOOP('',(#1971,#1972,#1973,#1974));
#288=EDGE_LOOP('',(#1975,#1976,#1977,#1978));
#289=EDGE_LOOP('',(#1979,#1980,#1981,#1982));
#290=EDGE_LOOP('',(#1983,#1984,#1985,#1986));
#291=EDGE_LOOP('',(#1987,#1988,#1989,#1990));
#292=EDGE_LOOP('',(#1991,#1992,#1993,#1994));
#293=EDGE_LOOP('',(#1995,#1996,#1997,#1998));
#294=EDGE_LOOP('',(#1999,#2000,#2001,#2002));
#295=EDGE_LOOP('',(#2003,#2004,#2005,#2006));
#296=EDGE_LOOP('',(#2007,#2008,#2009,#2010));
#297=EDGE_LOOP('',(#2011,#2012,#2013,#2014));
#298=EDGE_LOOP('',(#2015,#2016,#2017,#2018));
#299=EDGE_LOOP('',(#2019,#2020,#2021,#2022));
#300=EDGE_LOOP('',(#2023,#2024,#2025,#2026));
#301=EDGE_LOOP('',(#2027,#2028,#2029,#2030));
#302=EDGE_LOOP('',(#2031,#2032,#2033,#2034));
#303=EDGE_LOOP('',(#2035,#2036,#2037,#2038));
#304=EDGE_LOOP('',(#2039,#2040,#2041,#2042));
#305=EDGE_LOOP('',(#2043,#2044,#2045,#2046));
#306=EDGE_LOOP('',(#2047,#2048,#2049,#2050));
#307=LINE('',#2911,#615);
#308=LINE('',#2913,#616);
#309=LINE('',#2915,#617);
#310=LINE('',#2916,#618);
#311=LINE('',#2920,#619);
#312=LINE('',#2922,#620);
#313=LINE('',#2924,#621);
#314=LINE('',#2925,#622);
#315=LINE('',#2928,#623);
#316=LINE('',#2930,#624);
#317=LINE('',#2931,#625);
#318=LINE('',#2934,#626);
#319=LINE('',#2936,#627);
#320=LINE('',#2937,#628);
#321=LINE('',#2939,#629);
#322=LINE('',#2940,#630);
#323=LINE('',#2944,#631);
#324=LINE('',#2946,#632);
#325=LINE('',#2948,#633);
#326=LINE('',#2949,#634);
#327=LINE('',#2952,#635);
#328=LINE('',#2954,#636);
#329=LINE('',#2955,#637);
#330=LINE('',#2958,#638);
#331=LINE('',#2960,#639);
#332=LINE('',#2961,#640);
#333=LINE('',#2963,#641);
#334=LINE('',#2964,#642);
#335=LINE('',#2968,#643);
#336=LINE('',#2970,#644);
#337=LINE('',#2972,#645);
#338=LINE('',#2973,#646);
#339=LINE('',#2976,#647);
#340=LINE('',#2978,#648);
#341=LINE('',#2979,#649);
#342=LINE('',#2982,#650);
#343=LINE('',#2984,#651);
#344=LINE('',#2985,#652);
#345=LINE('',#2987,#653);
#346=LINE('',#2988,#654);
#347=LINE('',#2992,#655);
#348=LINE('',#2994,#656);
#349=LINE('',#2996,#657);
#350=LINE('',#2997,#658);
#351=LINE('',#3000,#659);
#352=LINE('',#3002,#660);
#353=LINE('',#3003,#661);
#354=LINE('',#3006,#662);
#355=LINE('',#3008,#663);
#356=LINE('',#3009,#664);
#357=LINE('',#3011,#665);
#358=LINE('',#3012,#666);
#359=LINE('',#3016,#667);
#360=LINE('',#3018,#668);
#361=LINE('',#3020,#669);
#362=LINE('',#3021,#670);
#363=LINE('',#3024,#671);
#364=LINE('',#3026,#672);
#365=LINE('',#3027,#673);
#366=LINE('',#3030,#674);
#367=LINE('',#3032,#675);
#368=LINE('',#3033,#676);
#369=LINE('',#3037,#677);
#370=LINE('',#3039,#678);
#371=LINE('',#3041,#679);
#372=LINE('',#3043,#680);
#373=LINE('',#3045,#681);
#374=LINE('',#3047,#682);
#375=LINE('',#3048,#683);
#376=LINE('',#3050,#684);
#377=LINE('',#3052,#685);
#378=LINE('',#3054,#686);
#379=LINE('',#3055,#687);
#380=LINE('',#3058,#688);
#381=LINE('',#3060,#689);
#382=LINE('',#3061,#690);
#383=LINE('',#3065,#691);
#384=LINE('',#3067,#692);
#385=LINE('',#3069,#693);
#386=LINE('',#3070,#694);
#387=LINE('',#3073,#695);
#388=LINE('',#3075,#696);
#389=LINE('',#3076,#697);
#390=LINE('',#3078,#698);
#391=LINE('',#3080,#699);
#392=LINE('',#3082,#700);
#393=LINE('',#3083,#701);
#394=LINE('',#3084,#702);
#395=LINE('',#3086,#703);
#396=LINE('',#3087,#704);
#397=LINE('',#3090,#705);
#398=LINE('',#3092,#706);
#399=LINE('',#3094,#707);
#400=LINE('',#3095,#708);
#401=LINE('',#3098,#709);
#402=LINE('',#3100,#710);
#403=LINE('',#3102,#711);
#404=LINE('',#3103,#712);
#405=LINE('',#3106,#713);
#406=LINE('',#3108,#714);
#407=LINE('',#3110,#715);
#408=LINE('',#3111,#716);
#409=LINE('',#3114,#717);
#410=LINE('',#3116,#718);
#411=LINE('',#3118,#719);
#412=LINE('',#3119,#720);
#413=LINE('',#3122,#721);
#414=LINE('',#3124,#722);
#415=LINE('',#3126,#723);
#416=LINE('',#3127,#724);
#417=LINE('',#3130,#725);
#418=LINE('',#3132,#726);
#419=LINE('',#3134,#727);
#420=LINE('',#3135,#728);
#421=LINE('',#3138,#729);
#422=LINE('',#3140,#730);
#423=LINE('',#3142,#731);
#424=LINE('',#3143,#732);
#425=LINE('',#3146,#733);
#426=LINE('',#3148,#734);
#427=LINE('',#3150,#735);
#428=LINE('',#3151,#736);
#429=LINE('',#3154,#737);
#430=LINE('',#3156,#738);
#431=LINE('',#3158,#739);
#432=LINE('',#3159,#740);
#433=LINE('',#3162,#741);
#434=LINE('',#3163,#742);
#435=LINE('',#3165,#743);
#436=LINE('',#3167,#744);
#437=LINE('',#3169,#745);
#438=LINE('',#3171,#746);
#439=LINE('',#3172,#747);
#440=LINE('',#3173,#748);
#441=LINE('',#3176,#749);
#442=LINE('',#3178,#750);
#443=LINE('',#3180,#751);
#444=LINE('',#3181,#752);
#445=LINE('',#3184,#753);
#446=LINE('',#3186,#754);
#447=LINE('',#3188,#755);
#448=LINE('',#3190,#756);
#449=LINE('',#3192,#757);
#450=LINE('',#3194,#758);
#451=LINE('',#3196,#759);
#452=LINE('',#3197,#760);
#453=LINE('',#3200,#761);
#454=LINE('',#3202,#762);
#455=LINE('',#3204,#763);
#456=LINE('',#3205,#764);
#457=LINE('',#3208,#765);
#458=LINE('',#3210,#766);
#459=LINE('',#3212,#767);
#460=LINE('',#3213,#768);
#461=LINE('',#3216,#769);
#462=LINE('',#3218,#770);
#463=LINE('',#3220,#771);
#464=LINE('',#3221,#772);
#465=LINE('',#3224,#773);
#466=LINE('',#3226,#774);
#467=LINE('',#3228,#775);
#468=LINE('',#3229,#776);
#469=LINE('',#3232,#777);
#470=LINE('',#3234,#778);
#471=LINE('',#3236,#779);
#472=LINE('',#3237,#780);
#473=LINE('',#3240,#781);
#474=LINE('',#3242,#782);
#475=LINE('',#3244,#783);
#476=LINE('',#3245,#784);
#477=LINE('',#3247,#785);
#478=LINE('',#3248,#786);
#479=LINE('',#3251,#787);
#480=LINE('',#3253,#788);
#481=LINE('',#3257,#789);
#482=LINE('',#3258,#790);
#483=LINE('',#3261,#791);
#484=LINE('',#3262,#792);
#485=LINE('',#3265,#793);
#486=LINE('',#3266,#794);
#487=LINE('',#3268,#795);
#488=LINE('',#3271,#796);
#489=LINE('',#3273,#797);
#490=LINE('',#3275,#798);
#491=LINE('',#3276,#799);
#492=LINE('',#3279,#800);
#493=LINE('',#3281,#801);
#494=LINE('',#3283,#802);
#495=LINE('',#3284,#803);
#496=LINE('',#3287,#804);
#497=LINE('',#3289,#805);
#498=LINE('',#3291,#806);
#499=LINE('',#3292,#807);
#500=LINE('',#3295,#808);
#501=LINE('',#3297,#809);
#502=LINE('',#3299,#810);
#503=LINE('',#3300,#811);
#504=LINE('',#3303,#812);
#505=LINE('',#3305,#813);
#506=LINE('',#3307,#814);
#507=LINE('',#3308,#815);
#508=LINE('',#3311,#816);
#509=LINE('',#3313,#817);
#510=LINE('',#3315,#818);
#511=LINE('',#3316,#819);
#512=LINE('',#3319,#820);
#513=LINE('',#3321,#821);
#514=LINE('',#3323,#822);
#515=LINE('',#3324,#823);
#516=LINE('',#3327,#824);
#517=LINE('',#3328,#825);
#518=LINE('',#3330,#826);
#519=LINE('',#3333,#827);
#520=LINE('',#3335,#828);
#521=LINE('',#3337,#829);
#522=LINE('',#3338,#830);
#523=LINE('',#3341,#831);
#524=LINE('',#3343,#832);
#525=LINE('',#3345,#833);
#526=LINE('',#3346,#834);
#527=LINE('',#3349,#835);
#528=LINE('',#3351,#836);
#529=LINE('',#3353,#837);
#530=LINE('',#3354,#838);
#531=LINE('',#3357,#839);
#532=LINE('',#3359,#840);
#533=LINE('',#3361,#841);
#534=LINE('',#3362,#842);
#535=LINE('',#3365,#843);
#536=LINE('',#3367,#844);
#537=LINE('',#3369,#845);
#538=LINE('',#3370,#846);
#539=LINE('',#3373,#847);
#540=LINE('',#3375,#848);
#541=LINE('',#3377,#849);
#542=LINE('',#3378,#850);
#543=LINE('',#3381,#851);
#544=LINE('',#3383,#852);
#545=LINE('',#3385,#853);
#546=LINE('',#3386,#854);
#547=LINE('',#3390,#855);
#548=LINE('',#3391,#856);
#549=LINE('',#3393,#857);
#550=LINE('',#3395,#858);
#551=LINE('',#3398,#859);
#552=LINE('',#3399,#860);
#553=LINE('',#3401,#861);
#554=LINE('',#3403,#862);
#555=LINE('',#3406,#863);
#556=LINE('',#3407,#864);
#557=LINE('',#3409,#865);
#558=LINE('',#3411,#866);
#559=LINE('',#3414,#867);
#560=LINE('',#3415,#868);
#561=LINE('',#3417,#869);
#562=LINE('',#3419,#870);
#563=LINE('',#3422,#871);
#564=LINE('',#3423,#872);
#565=LINE('',#3425,#873);
#566=LINE('',#3427,#874);
#567=LINE('',#3430,#875);
#568=LINE('',#3431,#876);
#569=LINE('',#3433,#877);
#570=LINE('',#3435,#878);
#571=LINE('',#3438,#879);
#572=LINE('',#3439,#880);
#573=LINE('',#3441,#881);
#574=LINE('',#3443,#882);
#575=LINE('',#3446,#883);
#576=LINE('',#3447,#884);
#577=LINE('',#3449,#885);
#578=LINE('',#3451,#886);
#579=LINE('',#3452,#887);
#580=LINE('',#3454,#888);
#581=LINE('',#3456,#889);
#582=LINE('',#3458,#890);
#583=LINE('',#3459,#891);
#584=LINE('',#3461,#892);
#585=LINE('',#3463,#893);
#586=LINE('',#3465,#894);
#587=LINE('',#3466,#895);
#588=LINE('',#3468,#896);
#589=LINE('',#3471,#897);
#590=LINE('',#3473,#898);
#591=LINE('',#3474,#899);
#592=LINE('',#3477,#900);
#593=LINE('',#3479,#901);
#594=LINE('',#3480,#902);
#595=LINE('',#3482,#903);
#596=LINE('',#3483,#904);
#597=LINE('',#3486,#905);
#598=LINE('',#3489,#906);
#599=LINE('',#3494,#907);
#600=LINE('',#3495,#908);
#601=LINE('',#3497,#909);
#602=LINE('',#3499,#910);
#603=LINE('',#3502,#911);
#604=LINE('',#3503,#912);
#605=LINE('',#3505,#913);
#606=LINE('',#3507,#914);
#607=LINE('',#3510,#915);
#608=LINE('',#3511,#916);
#609=LINE('',#3513,#917);
#610=LINE('',#3515,#918);
#611=LINE('',#3518,#919);
#612=LINE('',#3519,#920);
#613=LINE('',#3521,#921);
#614=LINE('',#3523,#922);
#615=VECTOR('',#2388,10.);
#616=VECTOR('',#2389,10.);
#617=VECTOR('',#2390,10.);
#618=VECTOR('',#2391,10.);
#619=VECTOR('',#2394,10.);
#620=VECTOR('',#2395,10.);
#621=VECTOR('',#2396,10.);
#622=VECTOR('',#2397,10.);
#623=VECTOR('',#2400,10.);
#624=VECTOR('',#2401,10.);
#625=VECTOR('',#2402,10.);
#626=VECTOR('',#2405,10.);
#627=VECTOR('',#2406,10.);
#628=VECTOR('',#2407,10.);
#629=VECTOR('',#2410,10.);
#630=VECTOR('',#2411,10.);
#631=VECTOR('',#2414,10.);
#632=VECTOR('',#2415,10.);
#633=VECTOR('',#2416,10.);
#634=VECTOR('',#2417,10.);
#635=VECTOR('',#2420,10.);
#636=VECTOR('',#2421,10.);
#637=VECTOR('',#2422,10.);
#638=VECTOR('',#2425,10.);
#639=VECTOR('',#2426,10.);
#640=VECTOR('',#2427,10.);
#641=VECTOR('',#2430,10.);
#642=VECTOR('',#2431,10.);
#643=VECTOR('',#2434,10.);
#644=VECTOR('',#2435,10.);
#645=VECTOR('',#2436,10.);
#646=VECTOR('',#2437,10.);
#647=VECTOR('',#2440,10.);
#648=VECTOR('',#2441,10.);
#649=VECTOR('',#2442,10.);
#650=VECTOR('',#2445,10.);
#651=VECTOR('',#2446,10.);
#652=VECTOR('',#2447,10.);
#653=VECTOR('',#2450,10.);
#654=VECTOR('',#2451,10.);
#655=VECTOR('',#2454,10.);
#656=VECTOR('',#2455,10.);
#657=VECTOR('',#2456,10.);
#658=VECTOR('',#2457,10.);
#659=VECTOR('',#2460,10.);
#660=VECTOR('',#2461,10.);
#661=VECTOR('',#2462,10.);
#662=VECTOR('',#2465,10.);
#663=VECTOR('',#2466,10.);
#664=VECTOR('',#2467,10.);
#665=VECTOR('',#2470,10.);
#666=VECTOR('',#2471,10.);
#667=VECTOR('',#2474,10.);
#668=VECTOR('',#2475,10.);
#669=VECTOR('',#2476,10.);
#670=VECTOR('',#2477,10.);
#671=VECTOR('',#2480,10.);
#672=VECTOR('',#2481,10.);
#673=VECTOR('',#2482,10.);
#674=VECTOR('',#2485,10.);
#675=VECTOR('',#2486,10.);
#676=VECTOR('',#2487,10.);
#677=VECTOR('',#2490,10.);
#678=VECTOR('',#2491,10.);
#679=VECTOR('',#2492,10.);
#680=VECTOR('',#2493,10.);
#681=VECTOR('',#2494,10.);
#682=VECTOR('',#2495,10.);
#683=VECTOR('',#2496,10.);
#684=VECTOR('',#2497,10.);
#685=VECTOR('',#2498,10.);
#686=VECTOR('',#2499,10.);
#687=VECTOR('',#2500,10.);
#688=VECTOR('',#2503,10.);
#689=VECTOR('',#2504,10.);
#690=VECTOR('',#2505,10.);
#691=VECTOR('',#2508,10.);
#692=VECTOR('',#2509,10.);
#693=VECTOR('',#2510,10.);
#694=VECTOR('',#2511,10.);
#695=VECTOR('',#2514,10.);
#696=VECTOR('',#2515,10.);
#697=VECTOR('',#2516,10.);
#698=VECTOR('',#2519,10.);
#699=VECTOR('',#2520,10.);
#700=VECTOR('',#2521,10.);
#701=VECTOR('',#2522,10.);
#702=VECTOR('',#2523,10.);
#703=VECTOR('',#2524,10.);
#704=VECTOR('',#2525,10.);
#705=VECTOR('',#2526,10.);
#706=VECTOR('',#2527,10.);
#707=VECTOR('',#2528,10.);
#708=VECTOR('',#2529,10.);
#709=VECTOR('',#2530,10.);
#710=VECTOR('',#2531,10.);
#711=VECTOR('',#2532,10.);
#712=VECTOR('',#2533,10.);
#713=VECTOR('',#2534,10.);
#714=VECTOR('',#2535,10.);
#715=VECTOR('',#2536,10.);
#716=VECTOR('',#2537,10.);
#717=VECTOR('',#2538,10.);
#718=VECTOR('',#2539,10.);
#719=VECTOR('',#2540,10.);
#720=VECTOR('',#2541,10.);
#721=VECTOR('',#2542,10.);
#722=VECTOR('',#2543,10.);
#723=VECTOR('',#2544,10.);
#724=VECTOR('',#2545,10.);
#725=VECTOR('',#2546,10.);
#726=VECTOR('',#2547,10.);
#727=VECTOR('',#2548,10.);
#728=VECTOR('',#2549,10.);
#729=VECTOR('',#2550,10.);
#730=VECTOR('',#2551,10.);
#731=VECTOR('',#2552,10.);
#732=VECTOR('',#2553,10.);
#733=VECTOR('',#2554,10.);
#734=VECTOR('',#2555,10.);
#735=VECTOR('',#2556,10.);
#736=VECTOR('',#2557,10.);
#737=VECTOR('',#2558,10.);
#738=VECTOR('',#2559,10.);
#739=VECTOR('',#2560,10.);
#740=VECTOR('',#2561,10.);
#741=VECTOR('',#2564,10.);
#742=VECTOR('',#2565,10.);
#743=VECTOR('',#2568,10.);
#744=VECTOR('',#2571,10.);
#745=VECTOR('',#2572,10.);
#746=VECTOR('',#2573,10.);
#747=VECTOR('',#2574,10.);
#748=VECTOR('',#2575,10.);
#749=VECTOR('',#2576,10.);
#750=VECTOR('',#2577,10.);
#751=VECTOR('',#2578,10.);
#752=VECTOR('',#2579,10.);
#753=VECTOR('',#2580,10.);
#754=VECTOR('',#2581,10.);
#755=VECTOR('',#2582,10.);
#756=VECTOR('',#2583,10.);
#757=VECTOR('',#2584,10.);
#758=VECTOR('',#2585,10.);
#759=VECTOR('',#2586,10.);
#760=VECTOR('',#2587,10.);
#761=VECTOR('',#2588,10.);
#762=VECTOR('',#2589,10.);
#763=VECTOR('',#2590,10.);
#764=VECTOR('',#2591,10.);
#765=VECTOR('',#2592,10.);
#766=VECTOR('',#2593,10.);
#767=VECTOR('',#2594,10.);
#768=VECTOR('',#2595,10.);
#769=VECTOR('',#2596,10.);
#770=VECTOR('',#2597,10.);
#771=VECTOR('',#2598,10.);
#772=VECTOR('',#2599,10.);
#773=VECTOR('',#2600,10.);
#774=VECTOR('',#2601,10.);
#775=VECTOR('',#2602,10.);
#776=VECTOR('',#2603,10.);
#777=VECTOR('',#2604,10.);
#778=VECTOR('',#2605,10.);
#779=VECTOR('',#2606,10.);
#780=VECTOR('',#2607,10.);
#781=VECTOR('',#2608,10.);
#782=VECTOR('',#2609,10.);
#783=VECTOR('',#2610,10.);
#784=VECTOR('',#2611,10.);
#785=VECTOR('',#2614,10.);
#786=VECTOR('',#2615,10.);
#787=VECTOR('',#2620,10.);
#788=VECTOR('',#2623,10.);
#789=VECTOR('',#2628,10.);
#790=VECTOR('',#2629,10.);
#791=VECTOR('',#2632,10.);
#792=VECTOR('',#2633,10.);
#793=VECTOR('',#2636,10.);
#794=VECTOR('',#2637,10.);
#795=VECTOR('',#2640,10.);
#796=VECTOR('',#2641,10.);
#797=VECTOR('',#2642,10.);
#798=VECTOR('',#2643,10.);
#799=VECTOR('',#2644,10.);
#800=VECTOR('',#2645,10.);
#801=VECTOR('',#2646,10.);
#802=VECTOR('',#2647,10.);
#803=VECTOR('',#2648,10.);
#804=VECTOR('',#2649,10.);
#805=VECTOR('',#2650,10.);
#806=VECTOR('',#2651,10.);
#807=VECTOR('',#2652,10.);
#808=VECTOR('',#2653,10.);
#809=VECTOR('',#2654,10.);
#810=VECTOR('',#2655,10.);
#811=VECTOR('',#2656,10.);
#812=VECTOR('',#2657,10.);
#813=VECTOR('',#2658,10.);
#814=VECTOR('',#2659,10.);
#815=VECTOR('',#2660,10.);
#816=VECTOR('',#2661,10.);
#817=VECTOR('',#2662,10.);
#818=VECTOR('',#2663,10.);
#819=VECTOR('',#2664,10.);
#820=VECTOR('',#2665,10.);
#821=VECTOR('',#2666,10.);
#822=VECTOR('',#2667,10.);
#823=VECTOR('',#2668,10.);
#824=VECTOR('',#2671,10.);
#825=VECTOR('',#2672,10.);
#826=VECTOR('',#2675,10.);
#827=VECTOR('',#2676,10.);
#828=VECTOR('',#2677,10.);
#829=VECTOR('',#2678,10.);
#830=VECTOR('',#2679,10.);
#831=VECTOR('',#2680,10.);
#832=VECTOR('',#2681,10.);
#833=VECTOR('',#2682,10.);
#834=VECTOR('',#2683,10.);
#835=VECTOR('',#2684,10.);
#836=VECTOR('',#2685,10.);
#837=VECTOR('',#2686,10.);
#838=VECTOR('',#2687,10.);
#839=VECTOR('',#2688,10.);
#840=VECTOR('',#2689,10.);
#841=VECTOR('',#2690,10.);
#842=VECTOR('',#2691,10.);
#843=VECTOR('',#2692,10.);
#844=VECTOR('',#2693,10.);
#845=VECTOR('',#2694,10.);
#846=VECTOR('',#2695,10.);
#847=VECTOR('',#2696,10.);
#848=VECTOR('',#2697,10.);
#849=VECTOR('',#2698,10.);
#850=VECTOR('',#2699,10.);
#851=VECTOR('',#2700,10.);
#852=VECTOR('',#2701,10.);
#853=VECTOR('',#2702,10.);
#854=VECTOR('',#2703,10.);
#855=VECTOR('',#2710,10.);
#856=VECTOR('',#2711,10.);
#857=VECTOR('',#2714,10.);
#858=VECTOR('',#2717,10.);
#859=VECTOR('',#2722,10.);
#860=VECTOR('',#2723,10.);
#861=VECTOR('',#2726,10.);
#862=VECTOR('',#2729,10.);
#863=VECTOR('',#2734,10.);
#864=VECTOR('',#2735,10.);
#865=VECTOR('',#2738,10.);
#866=VECTOR('',#2741,10.);
#867=VECTOR('',#2746,10.);
#868=VECTOR('',#2747,10.);
#869=VECTOR('',#2750,10.);
#870=VECTOR('',#2753,10.);
#871=VECTOR('',#2758,10.);
#872=VECTOR('',#2759,10.);
#873=VECTOR('',#2762,10.);
#874=VECTOR('',#2765,10.);
#875=VECTOR('',#2770,10.);
#876=VECTOR('',#2771,10.);
#877=VECTOR('',#2774,10.);
#878=VECTOR('',#2777,10.);
#879=VECTOR('',#2782,10.);
#880=VECTOR('',#2783,10.);
#881=VECTOR('',#2786,10.);
#882=VECTOR('',#2789,10.);
#883=VECTOR('',#2794,10.);
#884=VECTOR('',#2795,10.);
#885=VECTOR('',#2798,10.);
#886=VECTOR('',#2801,10.);
#887=VECTOR('',#2802,10.);
#888=VECTOR('',#2805,10.);
#889=VECTOR('',#2808,10.);
#890=VECTOR('',#2811,10.);
#891=VECTOR('',#2812,10.);
#892=VECTOR('',#2815,10.);
#893=VECTOR('',#2818,10.);
#894=VECTOR('',#2821,10.);
#895=VECTOR('',#2822,10.);
#896=VECTOR('',#2825,10.);
#897=VECTOR('',#2828,10.);
#898=VECTOR('',#2829,10.);
#899=VECTOR('',#2830,10.);
#900=VECTOR('',#2833,10.);
#901=VECTOR('',#2834,10.);
#902=VECTOR('',#2835,10.);
#903=VECTOR('',#2838,10.);
#904=VECTOR('',#2839,10.);
#905=VECTOR('',#2844,10.);
#906=VECTOR('',#2849,10.);
#907=VECTOR('',#2858,10.);
#908=VECTOR('',#2859,10.);
#909=VECTOR('',#2862,10.);
#910=VECTOR('',#2865,10.);
#911=VECTOR('',#2870,10.);
#912=VECTOR('',#2871,10.);
#913=VECTOR('',#2874,10.);
#914=VECTOR('',#2877,10.);
#915=VECTOR('',#2882,10.);
#916=VECTOR('',#2883,10.);
#917=VECTOR('',#2886,10.);
#918=VECTOR('',#2889,10.);
#919=VECTOR('',#2894,10.);
#920=VECTOR('',#2895,10.);
#921=VECTOR('',#2898,10.);
#922=VECTOR('',#2901,10.);
#923=VERTEX_POINT('',#2909);
#924=VERTEX_POINT('',#2910);
#925=VERTEX_POINT('',#2912);
#926=VERTEX_POINT('',#2914);
#927=VERTEX_POINT('',#2918);
#928=VERTEX_POINT('',#2919);
#929=VERTEX_POINT('',#2921);
#930=VERTEX_POINT('',#2923);
#931=VERTEX_POINT('',#2927);
#932=VERTEX_POINT('',#2929);
#933=VERTEX_POINT('',#2933);
#934=VERTEX_POINT('',#2935);
#935=VERTEX_POINT('',#2942);
#936=VERTEX_POINT('',#2943);
#937=VERTEX_POINT('',#2945);
#938=VERTEX_POINT('',#2947);
#939=VERTEX_POINT('',#2951);
#940=VERTEX_POINT('',#2953);
#941=VERTEX_POINT('',#2957);
#942=VERTEX_POINT('',#2959);
#943=VERTEX_POINT('',#2966);
#944=VERTEX_POINT('',#2967);
#945=VERTEX_POINT('',#2969);
#946=VERTEX_POINT('',#2971);
#947=VERTEX_POINT('',#2975);
#948=VERTEX_POINT('',#2977);
#949=VERTEX_POINT('',#2981);
#950=VERTEX_POINT('',#2983);
#951=VERTEX_POINT('',#2990);
#952=VERTEX_POINT('',#2991);
#953=VERTEX_POINT('',#2993);
#954=VERTEX_POINT('',#2995);
#955=VERTEX_POINT('',#2999);
#956=VERTEX_POINT('',#3001);
#957=VERTEX_POINT('',#3005);
#958=VERTEX_POINT('',#3007);
#959=VERTEX_POINT('',#3014);
#960=VERTEX_POINT('',#3015);
#961=VERTEX_POINT('',#3017);
#962=VERTEX_POINT('',#3019);
#963=VERTEX_POINT('',#3023);
#964=VERTEX_POINT('',#3025);
#965=VERTEX_POINT('',#3029);
#966=VERTEX_POINT('',#3031);
#967=VERTEX_POINT('',#3035);
#968=VERTEX_POINT('',#3036);
#969=VERTEX_POINT('',#3038);
#970=VERTEX_POINT('',#3040);
#971=VERTEX_POINT('',#3042);
#972=VERTEX_POINT('',#3044);
#973=VERTEX_POINT('',#3046);
#974=VERTEX_POINT('',#3049);
#975=VERTEX_POINT('',#3051);
#976=VERTEX_POINT('',#3053);
#977=VERTEX_POINT('',#3057);
#978=VERTEX_POINT('',#3059);
#979=VERTEX_POINT('',#3063);
#980=VERTEX_POINT('',#3064);
#981=VERTEX_POINT('',#3066);
#982=VERTEX_POINT('',#3068);
#983=VERTEX_POINT('',#3072);
#984=VERTEX_POINT('',#3074);
#985=VERTEX_POINT('',#3079);
#986=VERTEX_POINT('',#3081);
#987=VERTEX_POINT('',#3085);
#988=VERTEX_POINT('',#3088);
#989=VERTEX_POINT('',#3089);
#990=VERTEX_POINT('',#3091);
#991=VERTEX_POINT('',#3093);
#992=VERTEX_POINT('',#3096);
#993=VERTEX_POINT('',#3097);
#994=VERTEX_POINT('',#3099);
#995=VERTEX_POINT('',#3101);
#996=VERTEX_POINT('',#3104);
#997=VERTEX_POINT('',#3105);
#998=VERTEX_POINT('',#3107);
#999=VERTEX_POINT('',#3109);
#1000=VERTEX_POINT('',#3112);
#1001=VERTEX_POINT('',#3113);
#1002=VERTEX_POINT('',#3115);
#1003=VERTEX_POINT('',#3117);
#1004=VERTEX_POINT('',#3120);
#1005=VERTEX_POINT('',#3121);
#1006=VERTEX_POINT('',#3123);
#1007=VERTEX_POINT('',#3125);
#1008=VERTEX_POINT('',#3128);
#1009=VERTEX_POINT('',#3129);
#1010=VERTEX_POINT('',#3131);
#1011=VERTEX_POINT('',#3133);
#1012=VERTEX_POINT('',#3136);
#1013=VERTEX_POINT('',#3137);
#1014=VERTEX_POINT('',#3139);
#1015=VERTEX_POINT('',#3141);
#1016=VERTEX_POINT('',#3144);
#1017=VERTEX_POINT('',#3145);
#1018=VERTEX_POINT('',#3147);
#1019=VERTEX_POINT('',#3149);
#1020=VERTEX_POINT('',#3152);
#1021=VERTEX_POINT('',#3153);
#1022=VERTEX_POINT('',#3155);
#1023=VERTEX_POINT('',#3157);
#1024=VERTEX_POINT('',#3161);
#1025=VERTEX_POINT('',#3168);
#1026=VERTEX_POINT('',#3170);
#1027=VERTEX_POINT('',#3174);
#1028=VERTEX_POINT('',#3175);
#1029=VERTEX_POINT('',#3177);
#1030=VERTEX_POINT('',#3179);
#1031=VERTEX_POINT('',#3182);
#1032=VERTEX_POINT('',#3183);
#1033=VERTEX_POINT('',#3185);
#1034=VERTEX_POINT('',#3187);
#1035=VERTEX_POINT('',#3189);
#1036=VERTEX_POINT('',#3191);
#1037=VERTEX_POINT('',#3193);
#1038=VERTEX_POINT('',#3195);
#1039=VERTEX_POINT('',#3198);
#1040=VERTEX_POINT('',#3199);
#1041=VERTEX_POINT('',#3201);
#1042=VERTEX_POINT('',#3203);
#1043=VERTEX_POINT('',#3206);
#1044=VERTEX_POINT('',#3207);
#1045=VERTEX_POINT('',#3209);
#1046=VERTEX_POINT('',#3211);
#1047=VERTEX_POINT('',#3214);
#1048=VERTEX_POINT('',#3215);
#1049=VERTEX_POINT('',#3217);
#1050=VERTEX_POINT('',#3219);
#1051=VERTEX_POINT('',#3222);
#1052=VERTEX_POINT('',#3223);
#1053=VERTEX_POINT('',#3225);
#1054=VERTEX_POINT('',#3227);
#1055=VERTEX_POINT('',#3230);
#1056=VERTEX_POINT('',#3231);
#1057=VERTEX_POINT('',#3233);
#1058=VERTEX_POINT('',#3235);
#1059=VERTEX_POINT('',#3238);
#1060=VERTEX_POINT('',#3239);
#1061=VERTEX_POINT('',#3241);
#1062=VERTEX_POINT('',#3243);
#1063=VERTEX_POINT('',#3256);
#1064=VERTEX_POINT('',#3260);
#1065=VERTEX_POINT('',#3264);
#1066=VERTEX_POINT('',#3269);
#1067=VERTEX_POINT('',#3270);
#1068=VERTEX_POINT('',#3272);
#1069=VERTEX_POINT('',#3274);
#1070=VERTEX_POINT('',#3277);
#1071=VERTEX_POINT('',#3278);
#1072=VERTEX_POINT('',#3280);
#1073=VERTEX_POINT('',#3282);
#1074=VERTEX_POINT('',#3285);
#1075=VERTEX_POINT('',#3286);
#1076=VERTEX_POINT('',#3288);
#1077=VERTEX_POINT('',#3290);
#1078=VERTEX_POINT('',#3293);
#1079=VERTEX_POINT('',#3294);
#1080=VERTEX_POINT('',#3296);
#1081=VERTEX_POINT('',#3298);
#1082=VERTEX_POINT('',#3301);
#1083=VERTEX_POINT('',#3302);
#1084=VERTEX_POINT('',#3304);
#1085=VERTEX_POINT('',#3306);
#1086=VERTEX_POINT('',#3309);
#1087=VERTEX_POINT('',#3310);
#1088=VERTEX_POINT('',#3312);
#1089=VERTEX_POINT('',#3314);
#1090=VERTEX_POINT('',#3317);
#1091=VERTEX_POINT('',#3318);
#1092=VERTEX_POINT('',#3320);
#1093=VERTEX_POINT('',#3322);
#1094=VERTEX_POINT('',#3326);
#1095=VERTEX_POINT('',#3331);
#1096=VERTEX_POINT('',#3332);
#1097=VERTEX_POINT('',#3334);
#1098=VERTEX_POINT('',#3336);
#1099=VERTEX_POINT('',#3339);
#1100=VERTEX_POINT('',#3340);
#1101=VERTEX_POINT('',#3342);
#1102=VERTEX_POINT('',#3344);
#1103=VERTEX_POINT('',#3347);
#1104=VERTEX_POINT('',#3348);
#1105=VERTEX_POINT('',#3350);
#1106=VERTEX_POINT('',#3352);
#1107=VERTEX_POINT('',#3355);
#1108=VERTEX_POINT('',#3356);
#1109=VERTEX_POINT('',#3358);
#1110=VERTEX_POINT('',#3360);
#1111=VERTEX_POINT('',#3363);
#1112=VERTEX_POINT('',#3364);
#1113=VERTEX_POINT('',#3366);
#1114=VERTEX_POINT('',#3368);
#1115=VERTEX_POINT('',#3371);
#1116=VERTEX_POINT('',#3372);
#1117=VERTEX_POINT('',#3374);
#1118=VERTEX_POINT('',#3376);
#1119=VERTEX_POINT('',#3379);
#1120=VERTEX_POINT('',#3380);
#1121=VERTEX_POINT('',#3382);
#1122=VERTEX_POINT('',#3384);
#1123=VERTEX_POINT('',#3470);
#1124=VERTEX_POINT('',#3472);
#1125=VERTEX_POINT('',#3476);
#1126=VERTEX_POINT('',#3478);
#1127=EDGE_CURVE('',#923,#924,#307,.T.);
#1128=EDGE_CURVE('',#924,#925,#308,.T.);
#1129=EDGE_CURVE('',#925,#926,#309,.T.);
#1130=EDGE_CURVE('',#926,#923,#310,.T.);
#1131=EDGE_CURVE('',#927,#928,#311,.T.);
#1132=EDGE_CURVE('',#927,#929,#312,.T.);
#1133=EDGE_CURVE('',#930,#929,#313,.T.);
#1134=EDGE_CURVE('',#928,#930,#314,.T.);
#1135=EDGE_CURVE('',#928,#931,#315,.T.);
#1136=EDGE_CURVE('',#932,#930,#316,.T.);
#1137=EDGE_CURVE('',#931,#932,#317,.T.);
#1138=EDGE_CURVE('',#931,#933,#318,.T.);
#1139=EDGE_CURVE('',#934,#932,#319,.T.);
#1140=EDGE_CURVE('',#933,#934,#320,.T.);
#1141=EDGE_CURVE('',#933,#927,#321,.T.);
#1142=EDGE_CURVE('',#929,#934,#322,.T.);
#1143=EDGE_CURVE('',#935,#936,#323,.T.);
#1144=EDGE_CURVE('',#935,#937,#324,.T.);
#1145=EDGE_CURVE('',#938,#937,#325,.T.);
#1146=EDGE_CURVE('',#936,#938,#326,.T.);
#1147=EDGE_CURVE('',#936,#939,#327,.T.);
#1148=EDGE_CURVE('',#940,#938,#328,.T.);
#1149=EDGE_CURVE('',#939,#940,#329,.T.);
#1150=EDGE_CURVE('',#939,#941,#330,.T.);
#1151=EDGE_CURVE('',#942,#940,#331,.T.);
#1152=EDGE_CURVE('',#941,#942,#332,.T.);
#1153=EDGE_CURVE('',#941,#935,#333,.T.);
#1154=EDGE_CURVE('',#937,#942,#334,.T.);
#1155=EDGE_CURVE('',#943,#944,#335,.T.);
#1156=EDGE_CURVE('',#943,#945,#336,.T.);
#1157=EDGE_CURVE('',#946,#945,#337,.T.);
#1158=EDGE_CURVE('',#944,#946,#338,.T.);
#1159=EDGE_CURVE('',#944,#947,#339,.T.);
#1160=EDGE_CURVE('',#948,#946,#340,.T.);
#1161=EDGE_CURVE('',#947,#948,#341,.T.);
#1162=EDGE_CURVE('',#947,#949,#342,.T.);
#1163=EDGE_CURVE('',#950,#948,#343,.T.);
#1164=EDGE_CURVE('',#949,#950,#344,.T.);
#1165=EDGE_CURVE('',#949,#943,#345,.T.);
#1166=EDGE_CURVE('',#945,#950,#346,.T.);
#1167=EDGE_CURVE('',#951,#952,#347,.T.);
#1168=EDGE_CURVE('',#951,#953,#348,.T.);
#1169=EDGE_CURVE('',#954,#953,#349,.T.);
#1170=EDGE_CURVE('',#952,#954,#350,.T.);
#1171=EDGE_CURVE('',#952,#955,#351,.T.);
#1172=EDGE_CURVE('',#956,#954,#352,.T.);
#1173=EDGE_CURVE('',#955,#956,#353,.T.);
#1174=EDGE_CURVE('',#955,#957,#354,.T.);
#1175=EDGE_CURVE('',#958,#956,#355,.T.);
#1176=EDGE_CURVE('',#957,#958,#356,.T.);
#1177=EDGE_CURVE('',#957,#951,#357,.T.);
#1178=EDGE_CURVE('',#953,#958,#358,.T.);
#1179=EDGE_CURVE('',#959,#960,#359,.T.);
#1180=EDGE_CURVE('',#959,#961,#360,.T.);
#1181=EDGE_CURVE('',#961,#962,#361,.T.);
#1182=EDGE_CURVE('',#962,#960,#362,.T.);
#1183=EDGE_CURVE('',#960,#963,#363,.T.);
#1184=EDGE_CURVE('',#964,#963,#364,.T.);
#1185=EDGE_CURVE('',#959,#964,#365,.T.);
#1186=EDGE_CURVE('',#965,#964,#366,.T.);
#1187=EDGE_CURVE('',#963,#966,#367,.T.);
#1188=EDGE_CURVE('',#966,#965,#368,.T.);
#1189=EDGE_CURVE('',#967,#968,#369,.T.);
#1190=EDGE_CURVE('',#968,#969,#370,.T.);
#1191=EDGE_CURVE('',#969,#970,#371,.T.);
#1192=EDGE_CURVE('',#970,#971,#372,.T.);
#1193=EDGE_CURVE('',#971,#972,#373,.T.);
#1194=EDGE_CURVE('',#972,#973,#374,.T.);
#1195=EDGE_CURVE('',#973,#965,#375,.T.);
#1196=EDGE_CURVE('',#974,#966,#376,.T.);
#1197=EDGE_CURVE('',#974,#975,#377,.T.);
#1198=EDGE_CURVE('',#975,#976,#378,.T.);
#1199=EDGE_CURVE('',#976,#967,#379,.T.);
#1200=EDGE_CURVE('',#977,#962,#380,.T.);
#1201=EDGE_CURVE('',#978,#961,#381,.T.);
#1202=EDGE_CURVE('',#978,#977,#382,.T.);
#1203=EDGE_CURVE('',#979,#980,#383,.T.);
#1204=EDGE_CURVE('',#981,#979,#384,.T.);
#1205=EDGE_CURVE('',#982,#981,#385,.T.);
#1206=EDGE_CURVE('',#980,#982,#386,.T.);
#1207=EDGE_CURVE('',#983,#979,#387,.T.);
#1208=EDGE_CURVE('',#984,#983,#388,.T.);
#1209=EDGE_CURVE('',#981,#984,#389,.T.);
#1210=EDGE_CURVE('',#984,#978,#390,.T.);
#1211=EDGE_CURVE('',#985,#973,#391,.T.);
#1212=EDGE_CURVE('',#986,#985,#392,.T.);
#1213=EDGE_CURVE('',#986,#970,#393,.T.);
#1214=EDGE_CURVE('',#926,#969,#394,.T.);
#1215=EDGE_CURVE('',#925,#987,#395,.T.);
#1216=EDGE_CURVE('',#982,#987,#396,.T.);
#1217=EDGE_CURVE('',#988,#989,#397,.T.);
#1218=EDGE_CURVE('',#988,#990,#398,.T.);
#1219=EDGE_CURVE('',#991,#990,#399,.T.);
#1220=EDGE_CURVE('',#989,#991,#400,.T.);
#1221=EDGE_CURVE('',#992,#993,#401,.T.);
#1222=EDGE_CURVE('',#994,#993,#402,.T.);
#1223=EDGE_CURVE('',#995,#994,#403,.T.);
#1224=EDGE_CURVE('',#992,#995,#404,.T.);
#1225=EDGE_CURVE('',#996,#997,#405,.T.);
#1226=EDGE_CURVE('',#998,#996,#406,.T.);
#1227=EDGE_CURVE('',#999,#998,#407,.T.);
#1228=EDGE_CURVE('',#999,#997,#408,.T.);
#1229=EDGE_CURVE('',#1000,#1001,#409,.T.);
#1230=EDGE_CURVE('',#1002,#1000,#410,.T.);
#1231=EDGE_CURVE('',#1002,#1003,#411,.T.);
#1232=EDGE_CURVE('',#1003,#1001,#412,.T.);
#1233=EDGE_CURVE('',#1004,#1005,#413,.T.);
#1234=EDGE_CURVE('',#1005,#1006,#414,.T.);
#1235=EDGE_CURVE('',#1006,#1007,#415,.T.);
#1236=EDGE_CURVE('',#1004,#1007,#416,.T.);
#1237=EDGE_CURVE('',#1008,#1009,#417,.T.);
#1238=EDGE_CURVE('',#1009,#1010,#418,.T.);
#1239=EDGE_CURVE('',#1010,#1011,#419,.T.);
#1240=EDGE_CURVE('',#1011,#1008,#420,.T.);
#1241=EDGE_CURVE('',#1012,#1013,#421,.T.);
#1242=EDGE_CURVE('',#1013,#1014,#422,.T.);
#1243=EDGE_CURVE('',#1014,#1015,#423,.T.);
#1244=EDGE_CURVE('',#1015,#1012,#424,.T.);
#1245=EDGE_CURVE('',#1016,#1017,#425,.T.);
#1246=EDGE_CURVE('',#1017,#1018,#426,.T.);
#1247=EDGE_CURVE('',#1018,#1019,#427,.T.);
#1248=EDGE_CURVE('',#1019,#1016,#428,.T.);
#1249=EDGE_CURVE('',#1020,#1021,#429,.T.);
#1250=EDGE_CURVE('',#1021,#1022,#430,.T.);
#1251=EDGE_CURVE('',#1022,#1023,#431,.T.);
#1252=EDGE_CURVE('',#1023,#1020,#432,.T.);
#1253=EDGE_CURVE('',#1024,#987,#433,.T.);
#1254=EDGE_CURVE('',#1024,#980,#434,.T.);
#1255=EDGE_CURVE('',#924,#1024,#435,.T.);
#1256=EDGE_CURVE('',#968,#923,#436,.T.);
#1257=EDGE_CURVE('',#967,#1025,#437,.T.);
#1258=EDGE_CURVE('',#1026,#1025,#438,.T.);
#1259=EDGE_CURVE('',#974,#1026,#439,.T.);
#1260=EDGE_CURVE('',#977,#983,#440,.T.);
#1261=EDGE_CURVE('',#1027,#1028,#441,.T.);
#1262=EDGE_CURVE('',#1029,#1027,#442,.T.);
#1263=EDGE_CURVE('',#1030,#1029,#443,.T.);
#1264=EDGE_CURVE('',#1028,#1030,#444,.T.);
#1265=EDGE_CURVE('',#1031,#1032,#445,.T.);
#1266=EDGE_CURVE('',#1033,#1031,#446,.T.);
#1267=EDGE_CURVE('',#1034,#1033,#447,.T.);
#1268=EDGE_CURVE('',#1035,#1034,#448,.T.);
#1269=EDGE_CURVE('',#1036,#1035,#449,.T.);
#1270=EDGE_CURVE('',#1037,#1036,#450,.T.);
#1271=EDGE_CURVE('',#1038,#1037,#451,.T.);
#1272=EDGE_CURVE('',#1032,#1038,#452,.T.);
#1273=EDGE_CURVE('',#1039,#1040,#453,.T.);
#1274=EDGE_CURVE('',#1041,#1039,#454,.T.);
#1275=EDGE_CURVE('',#1042,#1041,#455,.T.);
#1276=EDGE_CURVE('',#1040,#1042,#456,.T.);
#1277=EDGE_CURVE('',#1043,#1044,#457,.T.);
#1278=EDGE_CURVE('',#1045,#1044,#458,.T.);
#1279=EDGE_CURVE('',#1045,#1046,#459,.T.);
#1280=EDGE_CURVE('',#1046,#1043,#460,.T.);
#1281=EDGE_CURVE('',#1047,#1048,#461,.T.);
#1282=EDGE_CURVE('',#1048,#1049,#462,.T.);
#1283=EDGE_CURVE('',#1049,#1050,#463,.T.);
#1284=EDGE_CURVE('',#1050,#1047,#464,.T.);
#1285=EDGE_CURVE('',#1051,#1052,#465,.T.);
#1286=EDGE_CURVE('',#1052,#1053,#466,.T.);
#1287=EDGE_CURVE('',#1053,#1054,#467,.T.);
#1288=EDGE_CURVE('',#1054,#1051,#468,.T.);
#1289=EDGE_CURVE('',#1055,#1056,#469,.T.);
#1290=EDGE_CURVE('',#1056,#1057,#470,.T.);
#1291=EDGE_CURVE('',#1057,#1058,#471,.T.);
#1292=EDGE_CURVE('',#1058,#1055,#472,.T.);
#1293=EDGE_CURVE('',#1059,#1060,#473,.T.);
#1294=EDGE_CURVE('',#1060,#1061,#474,.T.);
#1295=EDGE_CURVE('',#1061,#1062,#475,.T.);
#1296=EDGE_CURVE('',#1062,#1059,#476,.T.);
#1297=EDGE_CURVE('',#1044,#1004,#477,.T.);
#1298=EDGE_CURVE('',#1045,#1007,#478,.T.);
#1299=EDGE_CURVE('',#1005,#1043,#479,.T.);
#1300=EDGE_CURVE('',#1046,#1006,#480,.T.);
#1301=EDGE_CURVE('',#1063,#986,#481,.T.);
#1302=EDGE_CURVE('',#971,#1063,#482,.T.);
#1303=EDGE_CURVE('',#1064,#1026,#483,.T.);
#1304=EDGE_CURVE('',#1064,#975,#484,.T.);
#1305=EDGE_CURVE('',#972,#1065,#485,.T.);
#1306=EDGE_CURVE('',#1065,#985,#486,.T.);
#1307=EDGE_CURVE('',#1065,#1063,#487,.T.);
#1308=EDGE_CURVE('',#1066,#1067,#488,.T.);
#1309=EDGE_CURVE('',#1067,#1068,#489,.T.);
#1310=EDGE_CURVE('',#1068,#1069,#490,.T.);
#1311=EDGE_CURVE('',#1069,#1066,#491,.T.);
#1312=EDGE_CURVE('',#1070,#1071,#492,.T.);
#1313=EDGE_CURVE('',#1071,#1072,#493,.T.);
#1314=EDGE_CURVE('',#1072,#1073,#494,.T.);
#1315=EDGE_CURVE('',#1073,#1070,#495,.T.);
#1316=EDGE_CURVE('',#1074,#1075,#496,.T.);
#1317=EDGE_CURVE('',#1075,#1076,#497,.T.);
#1318=EDGE_CURVE('',#1076,#1077,#498,.T.);
#1319=EDGE_CURVE('',#1077,#1074,#499,.T.);
#1320=EDGE_CURVE('',#1078,#1079,#500,.T.);
#1321=EDGE_CURVE('',#1079,#1080,#501,.T.);
#1322=EDGE_CURVE('',#1080,#1081,#502,.T.);
#1323=EDGE_CURVE('',#1081,#1078,#503,.T.);
#1324=EDGE_CURVE('',#1082,#1083,#504,.T.);
#1325=EDGE_CURVE('',#1083,#1084,#505,.T.);
#1326=EDGE_CURVE('',#1084,#1085,#506,.T.);
#1327=EDGE_CURVE('',#1085,#1082,#507,.T.);
#1328=EDGE_CURVE('',#1086,#1087,#508,.T.);
#1329=EDGE_CURVE('',#1087,#1088,#509,.T.);
#1330=EDGE_CURVE('',#1088,#1089,#510,.T.);
#1331=EDGE_CURVE('',#1089,#1086,#511,.T.);
#1332=EDGE_CURVE('',#1090,#1091,#512,.T.);
#1333=EDGE_CURVE('',#1091,#1092,#513,.T.);
#1334=EDGE_CURVE('',#1092,#1093,#514,.T.);
#1335=EDGE_CURVE('',#1093,#1090,#515,.T.);
#1336=EDGE_CURVE('',#1094,#976,#516,.T.);
#1337=EDGE_CURVE('',#1025,#1094,#517,.T.);
#1338=EDGE_CURVE('',#1064,#1094,#518,.T.);
#1339=EDGE_CURVE('',#1095,#1096,#519,.T.);
#1340=EDGE_CURVE('',#1096,#1097,#520,.T.);
#1341=EDGE_CURVE('',#1097,#1098,#521,.T.);
#1342=EDGE_CURVE('',#1098,#1095,#522,.T.);
#1343=EDGE_CURVE('',#1099,#1100,#523,.T.);
#1344=EDGE_CURVE('',#1100,#1101,#524,.T.);
#1345=EDGE_CURVE('',#1101,#1102,#525,.T.);
#1346=EDGE_CURVE('',#1102,#1099,#526,.T.);
#1347=EDGE_CURVE('',#1103,#1104,#527,.T.);
#1348=EDGE_CURVE('',#1104,#1105,#528,.T.);
#1349=EDGE_CURVE('',#1105,#1106,#529,.T.);
#1350=EDGE_CURVE('',#1106,#1103,#530,.T.);
#1351=EDGE_CURVE('',#1107,#1108,#531,.T.);
#1352=EDGE_CURVE('',#1108,#1109,#532,.T.);
#1353=EDGE_CURVE('',#1109,#1110,#533,.T.);
#1354=EDGE_CURVE('',#1110,#1107,#534,.T.);
#1355=EDGE_CURVE('',#1111,#1112,#535,.T.);
#1356=EDGE_CURVE('',#1112,#1113,#536,.T.);
#1357=EDGE_CURVE('',#1113,#1114,#537,.T.);
#1358=EDGE_CURVE('',#1114,#1111,#538,.T.);
#1359=EDGE_CURVE('',#1115,#1116,#539,.T.);
#1360=EDGE_CURVE('',#1116,#1117,#540,.T.);
#1361=EDGE_CURVE('',#1117,#1118,#541,.T.);
#1362=EDGE_CURVE('',#1118,#1115,#542,.T.);
#1363=EDGE_CURVE('',#1119,#1120,#543,.T.);
#1364=EDGE_CURVE('',#1120,#1121,#544,.T.);
#1365=EDGE_CURVE('',#1121,#1122,#545,.T.);
#1366=EDGE_CURVE('',#1122,#1119,#546,.T.);
#1367=EDGE_CURVE('',#1067,#1095,#547,.T.);
#1368=EDGE_CURVE('',#1068,#1098,#548,.T.);
#1369=EDGE_CURVE('',#1069,#1097,#549,.T.);
#1370=EDGE_CURVE('',#1066,#1096,#550,.T.);
#1371=EDGE_CURVE('',#1071,#1099,#551,.T.);
#1372=EDGE_CURVE('',#1072,#1102,#552,.T.);
#1373=EDGE_CURVE('',#1073,#1101,#553,.T.);
#1374=EDGE_CURVE('',#1070,#1100,#554,.T.);
#1375=EDGE_CURVE('',#1075,#1103,#555,.T.);
#1376=EDGE_CURVE('',#1076,#1106,#556,.T.);
#1377=EDGE_CURVE('',#1077,#1105,#557,.T.);
#1378=EDGE_CURVE('',#1074,#1104,#558,.T.);
#1379=EDGE_CURVE('',#1079,#1107,#559,.T.);
#1380=EDGE_CURVE('',#1080,#1110,#560,.T.);
#1381=EDGE_CURVE('',#1081,#1109,#561,.T.);
#1382=EDGE_CURVE('',#1078,#1108,#562,.T.);
#1383=EDGE_CURVE('',#1083,#1111,#563,.T.);
#1384=EDGE_CURVE('',#1084,#1114,#564,.T.);
#1385=EDGE_CURVE('',#1085,#1113,#565,.T.);
#1386=EDGE_CURVE('',#1082,#1112,#566,.T.);
#1387=EDGE_CURVE('',#1087,#1115,#567,.T.);
#1388=EDGE_CURVE('',#1088,#1118,#568,.T.);
#1389=EDGE_CURVE('',#1089,#1117,#569,.T.);
#1390=EDGE_CURVE('',#1086,#1116,#570,.T.);
#1391=EDGE_CURVE('',#1091,#1119,#571,.T.);
#1392=EDGE_CURVE('',#1092,#1122,#572,.T.);
#1393=EDGE_CURVE('',#1093,#1121,#573,.T.);
#1394=EDGE_CURVE('',#1090,#1120,#574,.T.);
#1395=EDGE_CURVE('',#1039,#991,#575,.T.);
#1396=EDGE_CURVE('',#990,#1041,#576,.T.);
#1397=EDGE_CURVE('',#989,#1040,#577,.T.);
#1398=EDGE_CURVE('',#993,#1033,#578,.T.);
#1399=EDGE_CURVE('',#992,#1034,#579,.T.);
#1400=EDGE_CURVE('',#994,#1031,#580,.T.);
#1401=EDGE_CURVE('',#1032,#995,#581,.T.);
#1402=EDGE_CURVE('',#1027,#1002,#582,.T.);
#1403=EDGE_CURVE('',#1029,#1000,#583,.T.);
#1404=EDGE_CURVE('',#1028,#1003,#584,.T.);
#1405=EDGE_CURVE('',#1001,#1030,#585,.T.);
#1406=EDGE_CURVE('',#997,#1036,#586,.T.);
#1407=EDGE_CURVE('',#1037,#999,#587,.T.);
#1408=EDGE_CURVE('',#998,#1038,#588,.T.);
#1409=EDGE_CURVE('',#1123,#1034,#589,.T.);
#1410=EDGE_CURVE('',#1124,#1123,#590,.T.);
#1411=EDGE_CURVE('',#1124,#1035,#591,.T.);
#1412=EDGE_CURVE('',#1038,#1125,#592,.T.);
#1413=EDGE_CURVE('',#1125,#1126,#593,.T.);
#1414=EDGE_CURVE('',#1126,#1032,#594,.T.);
#1415=EDGE_CURVE('',#1125,#1124,#595,.T.);
#1416=EDGE_CURVE('',#1126,#1123,#596,.T.);
#1417=EDGE_CURVE('',#1035,#996,#597,.T.);
#1418=EDGE_CURVE('',#988,#1042,#598,.T.);
#1419=EDGE_CURVE('',#1008,#1048,#599,.T.);
#1420=EDGE_CURVE('',#1011,#1049,#600,.T.);
#1421=EDGE_CURVE('',#1009,#1047,#601,.T.);
#1422=EDGE_CURVE('',#1010,#1050,#602,.T.);
#1423=EDGE_CURVE('',#1012,#1052,#603,.T.);
#1424=EDGE_CURVE('',#1015,#1053,#604,.T.);
#1425=EDGE_CURVE('',#1013,#1051,#605,.T.);
#1426=EDGE_CURVE('',#1014,#1054,#606,.T.);
#1427=EDGE_CURVE('',#1016,#1056,#607,.T.);
#1428=EDGE_CURVE('',#1019,#1057,#608,.T.);
#1429=EDGE_CURVE('',#1017,#1055,#609,.T.);
#1430=EDGE_CURVE('',#1018,#1058,#610,.T.);
#1431=EDGE_CURVE('',#1020,#1060,#611,.T.);
#1432=EDGE_CURVE('',#1023,#1061,#612,.T.);
#1433=EDGE_CURVE('',#1021,#1059,#613,.T.);
#1434=EDGE_CURVE('',#1022,#1062,#614,.T.);
#1435=ORIENTED_EDGE('',*,*,#1127,.T.);
#1436=ORIENTED_EDGE('',*,*,#1128,.T.);
#1437=ORIENTED_EDGE('',*,*,#1129,.T.);
#1438=ORIENTED_EDGE('',*,*,#1130,.T.);
#1439=ORIENTED_EDGE('',*,*,#1131,.F.);
#1440=ORIENTED_EDGE('',*,*,#1132,.T.);
#1441=ORIENTED_EDGE('',*,*,#1133,.F.);
#1442=ORIENTED_EDGE('',*,*,#1134,.F.);
#1443=ORIENTED_EDGE('',*,*,#1135,.F.);
#1444=ORIENTED_EDGE('',*,*,#1134,.T.);
#1445=ORIENTED_EDGE('',*,*,#1136,.F.);
#1446=ORIENTED_EDGE('',*,*,#1137,.F.);
#1447=ORIENTED_EDGE('',*,*,#1138,.F.);
#1448=ORIENTED_EDGE('',*,*,#1137,.T.);
#1449=ORIENTED_EDGE('',*,*,#1139,.F.);
#1450=ORIENTED_EDGE('',*,*,#1140,.F.);
#1451=ORIENTED_EDGE('',*,*,#1141,.F.);
#1452=ORIENTED_EDGE('',*,*,#1140,.T.);
#1453=ORIENTED_EDGE('',*,*,#1142,.F.);
#1454=ORIENTED_EDGE('',*,*,#1132,.F.);
#1455=ORIENTED_EDGE('',*,*,#1143,.F.);
#1456=ORIENTED_EDGE('',*,*,#1144,.T.);
#1457=ORIENTED_EDGE('',*,*,#1145,.F.);
#1458=ORIENTED_EDGE('',*,*,#1146,.F.);
#1459=ORIENTED_EDGE('',*,*,#1147,.F.);
#1460=ORIENTED_EDGE('',*,*,#1146,.T.);
#1461=ORIENTED_EDGE('',*,*,#1148,.F.);
#1462=ORIENTED_EDGE('',*,*,#1149,.F.);
#1463=ORIENTED_EDGE('',*,*,#1150,.F.);
#1464=ORIENTED_EDGE('',*,*,#1149,.T.);
#1465=ORIENTED_EDGE('',*,*,#1151,.F.);
#1466=ORIENTED_EDGE('',*,*,#1152,.F.);
#1467=ORIENTED_EDGE('',*,*,#1153,.F.);
#1468=ORIENTED_EDGE('',*,*,#1152,.T.);
#1469=ORIENTED_EDGE('',*,*,#1154,.F.);
#1470=ORIENTED_EDGE('',*,*,#1144,.F.);
#1471=ORIENTED_EDGE('',*,*,#1155,.F.);
#1472=ORIENTED_EDGE('',*,*,#1156,.T.);
#1473=ORIENTED_EDGE('',*,*,#1157,.F.);
#1474=ORIENTED_EDGE('',*,*,#1158,.F.);
#1475=ORIENTED_EDGE('',*,*,#1159,.F.);
#1476=ORIENTED_EDGE('',*,*,#1158,.T.);
#1477=ORIENTED_EDGE('',*,*,#1160,.F.);
#1478=ORIENTED_EDGE('',*,*,#1161,.F.);
#1479=ORIENTED_EDGE('',*,*,#1162,.F.);
#1480=ORIENTED_EDGE('',*,*,#1161,.T.);
#1481=ORIENTED_EDGE('',*,*,#1163,.F.);
#1482=ORIENTED_EDGE('',*,*,#1164,.F.);
#1483=ORIENTED_EDGE('',*,*,#1165,.F.);
#1484=ORIENTED_EDGE('',*,*,#1164,.T.);
#1485=ORIENTED_EDGE('',*,*,#1166,.F.);
#1486=ORIENTED_EDGE('',*,*,#1156,.F.);
#1487=ORIENTED_EDGE('',*,*,#1167,.F.);
#1488=ORIENTED_EDGE('',*,*,#1168,.T.);
#1489=ORIENTED_EDGE('',*,*,#1169,.F.);
#1490=ORIENTED_EDGE('',*,*,#1170,.F.);
#1491=ORIENTED_EDGE('',*,*,#1171,.F.);
#1492=ORIENTED_EDGE('',*,*,#1170,.T.);
#1493=ORIENTED_EDGE('',*,*,#1172,.F.);
#1494=ORIENTED_EDGE('',*,*,#1173,.F.);
#1495=ORIENTED_EDGE('',*,*,#1174,.F.);
#1496=ORIENTED_EDGE('',*,*,#1173,.T.);
#1497=ORIENTED_EDGE('',*,*,#1175,.F.);
#1498=ORIENTED_EDGE('',*,*,#1176,.F.);
#1499=ORIENTED_EDGE('',*,*,#1177,.F.);
#1500=ORIENTED_EDGE('',*,*,#1176,.T.);
#1501=ORIENTED_EDGE('',*,*,#1178,.F.);
#1502=ORIENTED_EDGE('',*,*,#1168,.F.);
#1503=ORIENTED_EDGE('',*,*,#1179,.F.);
#1504=ORIENTED_EDGE('',*,*,#1180,.T.);
#1505=ORIENTED_EDGE('',*,*,#1181,.T.);
#1506=ORIENTED_EDGE('',*,*,#1182,.T.);
#1507=ORIENTED_EDGE('',*,*,#1179,.T.);
#1508=ORIENTED_EDGE('',*,*,#1183,.T.);
#1509=ORIENTED_EDGE('',*,*,#1184,.F.);
#1510=ORIENTED_EDGE('',*,*,#1185,.F.);
#1511=ORIENTED_EDGE('',*,*,#1186,.T.);
#1512=ORIENTED_EDGE('',*,*,#1184,.T.);
#1513=ORIENTED_EDGE('',*,*,#1187,.T.);
#1514=ORIENTED_EDGE('',*,*,#1188,.T.);
#1515=ORIENTED_EDGE('',*,*,#1189,.T.);
#1516=ORIENTED_EDGE('',*,*,#1190,.T.);
#1517=ORIENTED_EDGE('',*,*,#1191,.T.);
#1518=ORIENTED_EDGE('',*,*,#1192,.T.);
#1519=ORIENTED_EDGE('',*,*,#1193,.T.);
#1520=ORIENTED_EDGE('',*,*,#1194,.T.);
#1521=ORIENTED_EDGE('',*,*,#1195,.T.);
#1522=ORIENTED_EDGE('',*,*,#1188,.F.);
#1523=ORIENTED_EDGE('',*,*,#1196,.F.);
#1524=ORIENTED_EDGE('',*,*,#1197,.T.);
#1525=ORIENTED_EDGE('',*,*,#1198,.T.);
#1526=ORIENTED_EDGE('',*,*,#1199,.T.);
#1527=ORIENTED_EDGE('',*,*,#1200,.T.);
#1528=ORIENTED_EDGE('',*,*,#1181,.F.);
#1529=ORIENTED_EDGE('',*,*,#1201,.F.);
#1530=ORIENTED_EDGE('',*,*,#1202,.T.);
#1531=ORIENTED_EDGE('',*,*,#1203,.F.);
#1532=ORIENTED_EDGE('',*,*,#1204,.F.);
#1533=ORIENTED_EDGE('',*,*,#1205,.F.);
#1534=ORIENTED_EDGE('',*,*,#1206,.F.);
#1535=ORIENTED_EDGE('',*,*,#1207,.F.);
#1536=ORIENTED_EDGE('',*,*,#1208,.F.);
#1537=ORIENTED_EDGE('',*,*,#1209,.F.);
#1538=ORIENTED_EDGE('',*,*,#1204,.T.);
#1539=ORIENTED_EDGE('',*,*,#1205,.T.);
#1540=ORIENTED_EDGE('',*,*,#1209,.T.);
#1541=ORIENTED_EDGE('',*,*,#1210,.T.);
#1542=ORIENTED_EDGE('',*,*,#1201,.T.);
#1543=ORIENTED_EDGE('',*,*,#1180,.F.);
#1544=ORIENTED_EDGE('',*,*,#1185,.T.);
#1545=ORIENTED_EDGE('',*,*,#1186,.F.);
#1546=ORIENTED_EDGE('',*,*,#1195,.F.);
#1547=ORIENTED_EDGE('',*,*,#1211,.F.);
#1548=ORIENTED_EDGE('',*,*,#1212,.F.);
#1549=ORIENTED_EDGE('',*,*,#1213,.T.);
#1550=ORIENTED_EDGE('',*,*,#1191,.F.);
#1551=ORIENTED_EDGE('',*,*,#1214,.F.);
#1552=ORIENTED_EDGE('',*,*,#1129,.F.);
#1553=ORIENTED_EDGE('',*,*,#1215,.T.);
#1554=ORIENTED_EDGE('',*,*,#1216,.F.);
#1555=ORIENTED_EDGE('',*,*,#1138,.T.);
#1556=ORIENTED_EDGE('',*,*,#1141,.T.);
#1557=ORIENTED_EDGE('',*,*,#1131,.T.);
#1558=ORIENTED_EDGE('',*,*,#1135,.T.);
#1559=ORIENTED_EDGE('',*,*,#1150,.T.);
#1560=ORIENTED_EDGE('',*,*,#1153,.T.);
#1561=ORIENTED_EDGE('',*,*,#1143,.T.);
#1562=ORIENTED_EDGE('',*,*,#1147,.T.);
#1563=ORIENTED_EDGE('',*,*,#1162,.T.);
#1564=ORIENTED_EDGE('',*,*,#1165,.T.);
#1565=ORIENTED_EDGE('',*,*,#1155,.T.);
#1566=ORIENTED_EDGE('',*,*,#1159,.T.);
#1567=ORIENTED_EDGE('',*,*,#1174,.T.);
#1568=ORIENTED_EDGE('',*,*,#1177,.T.);
#1569=ORIENTED_EDGE('',*,*,#1167,.T.);
#1570=ORIENTED_EDGE('',*,*,#1171,.T.);
#1571=ORIENTED_EDGE('',*,*,#1217,.F.);
#1572=ORIENTED_EDGE('',*,*,#1218,.T.);
#1573=ORIENTED_EDGE('',*,*,#1219,.F.);
#1574=ORIENTED_EDGE('',*,*,#1220,.F.);
#1575=ORIENTED_EDGE('',*,*,#1221,.T.);
#1576=ORIENTED_EDGE('',*,*,#1222,.F.);
#1577=ORIENTED_EDGE('',*,*,#1223,.F.);
#1578=ORIENTED_EDGE('',*,*,#1224,.F.);
#1579=ORIENTED_EDGE('',*,*,#1225,.F.);
#1580=ORIENTED_EDGE('',*,*,#1226,.F.);
#1581=ORIENTED_EDGE('',*,*,#1227,.F.);
#1582=ORIENTED_EDGE('',*,*,#1228,.T.);
#1583=ORIENTED_EDGE('',*,*,#1229,.F.);
#1584=ORIENTED_EDGE('',*,*,#1230,.F.);
#1585=ORIENTED_EDGE('',*,*,#1231,.T.);
#1586=ORIENTED_EDGE('',*,*,#1232,.T.);
#1587=ORIENTED_EDGE('',*,*,#1233,.T.);
#1588=ORIENTED_EDGE('',*,*,#1234,.T.);
#1589=ORIENTED_EDGE('',*,*,#1235,.T.);
#1590=ORIENTED_EDGE('',*,*,#1236,.F.);
#1591=ORIENTED_EDGE('',*,*,#1237,.T.);
#1592=ORIENTED_EDGE('',*,*,#1238,.T.);
#1593=ORIENTED_EDGE('',*,*,#1239,.T.);
#1594=ORIENTED_EDGE('',*,*,#1240,.T.);
#1595=ORIENTED_EDGE('',*,*,#1241,.T.);
#1596=ORIENTED_EDGE('',*,*,#1242,.T.);
#1597=ORIENTED_EDGE('',*,*,#1243,.T.);
#1598=ORIENTED_EDGE('',*,*,#1244,.T.);
#1599=ORIENTED_EDGE('',*,*,#1245,.T.);
#1600=ORIENTED_EDGE('',*,*,#1246,.T.);
#1601=ORIENTED_EDGE('',*,*,#1247,.T.);
#1602=ORIENTED_EDGE('',*,*,#1248,.T.);
#1603=ORIENTED_EDGE('',*,*,#1249,.T.);
#1604=ORIENTED_EDGE('',*,*,#1250,.T.);
#1605=ORIENTED_EDGE('',*,*,#1251,.T.);
#1606=ORIENTED_EDGE('',*,*,#1252,.T.);
#1607=ORIENTED_EDGE('',*,*,#1206,.T.);
#1608=ORIENTED_EDGE('',*,*,#1216,.T.);
#1609=ORIENTED_EDGE('',*,*,#1253,.F.);
#1610=ORIENTED_EDGE('',*,*,#1254,.T.);
#1611=ORIENTED_EDGE('',*,*,#1253,.T.);
#1612=ORIENTED_EDGE('',*,*,#1215,.F.);
#1613=ORIENTED_EDGE('',*,*,#1128,.F.);
#1614=ORIENTED_EDGE('',*,*,#1255,.T.);
#1615=ORIENTED_EDGE('',*,*,#1203,.T.);
#1616=ORIENTED_EDGE('',*,*,#1254,.F.);
#1617=ORIENTED_EDGE('',*,*,#1255,.F.);
#1618=ORIENTED_EDGE('',*,*,#1127,.F.);
#1619=ORIENTED_EDGE('',*,*,#1256,.F.);
#1620=ORIENTED_EDGE('',*,*,#1189,.F.);
#1621=ORIENTED_EDGE('',*,*,#1257,.T.);
#1622=ORIENTED_EDGE('',*,*,#1258,.F.);
#1623=ORIENTED_EDGE('',*,*,#1259,.F.);
#1624=ORIENTED_EDGE('',*,*,#1196,.T.);
#1625=ORIENTED_EDGE('',*,*,#1187,.F.);
#1626=ORIENTED_EDGE('',*,*,#1183,.F.);
#1627=ORIENTED_EDGE('',*,*,#1182,.F.);
#1628=ORIENTED_EDGE('',*,*,#1200,.F.);
#1629=ORIENTED_EDGE('',*,*,#1260,.T.);
#1630=ORIENTED_EDGE('',*,*,#1207,.T.);
#1631=ORIENTED_EDGE('',*,*,#1139,.T.);
#1632=ORIENTED_EDGE('',*,*,#1136,.T.);
#1633=ORIENTED_EDGE('',*,*,#1133,.T.);
#1634=ORIENTED_EDGE('',*,*,#1142,.T.);
#1635=ORIENTED_EDGE('',*,*,#1151,.T.);
#1636=ORIENTED_EDGE('',*,*,#1148,.T.);
#1637=ORIENTED_EDGE('',*,*,#1145,.T.);
#1638=ORIENTED_EDGE('',*,*,#1154,.T.);
#1639=ORIENTED_EDGE('',*,*,#1163,.T.);
#1640=ORIENTED_EDGE('',*,*,#1160,.T.);
#1641=ORIENTED_EDGE('',*,*,#1157,.T.);
#1642=ORIENTED_EDGE('',*,*,#1166,.T.);
#1643=ORIENTED_EDGE('',*,*,#1175,.T.);
#1644=ORIENTED_EDGE('',*,*,#1172,.T.);
#1645=ORIENTED_EDGE('',*,*,#1169,.T.);
#1646=ORIENTED_EDGE('',*,*,#1178,.T.);
#1647=ORIENTED_EDGE('',*,*,#1261,.F.);
#1648=ORIENTED_EDGE('',*,*,#1262,.F.);
#1649=ORIENTED_EDGE('',*,*,#1263,.F.);
#1650=ORIENTED_EDGE('',*,*,#1264,.F.);
#1651=ORIENTED_EDGE('',*,*,#1265,.F.);
#1652=ORIENTED_EDGE('',*,*,#1266,.F.);
#1653=ORIENTED_EDGE('',*,*,#1267,.F.);
#1654=ORIENTED_EDGE('',*,*,#1268,.F.);
#1655=ORIENTED_EDGE('',*,*,#1269,.F.);
#1656=ORIENTED_EDGE('',*,*,#1270,.F.);
#1657=ORIENTED_EDGE('',*,*,#1271,.F.);
#1658=ORIENTED_EDGE('',*,*,#1272,.F.);
#1659=ORIENTED_EDGE('',*,*,#1273,.F.);
#1660=ORIENTED_EDGE('',*,*,#1274,.F.);
#1661=ORIENTED_EDGE('',*,*,#1275,.F.);
#1662=ORIENTED_EDGE('',*,*,#1276,.F.);
#1663=ORIENTED_EDGE('',*,*,#1277,.T.);
#1664=ORIENTED_EDGE('',*,*,#1278,.F.);
#1665=ORIENTED_EDGE('',*,*,#1279,.T.);
#1666=ORIENTED_EDGE('',*,*,#1280,.T.);
#1667=ORIENTED_EDGE('',*,*,#1281,.T.);
#1668=ORIENTED_EDGE('',*,*,#1282,.T.);
#1669=ORIENTED_EDGE('',*,*,#1283,.T.);
#1670=ORIENTED_EDGE('',*,*,#1284,.T.);
#1671=ORIENTED_EDGE('',*,*,#1285,.T.);
#1672=ORIENTED_EDGE('',*,*,#1286,.T.);
#1673=ORIENTED_EDGE('',*,*,#1287,.T.);
#1674=ORIENTED_EDGE('',*,*,#1288,.T.);
#1675=ORIENTED_EDGE('',*,*,#1289,.T.);
#1676=ORIENTED_EDGE('',*,*,#1290,.T.);
#1677=ORIENTED_EDGE('',*,*,#1291,.T.);
#1678=ORIENTED_EDGE('',*,*,#1292,.T.);
#1679=ORIENTED_EDGE('',*,*,#1293,.T.);
#1680=ORIENTED_EDGE('',*,*,#1294,.T.);
#1681=ORIENTED_EDGE('',*,*,#1295,.T.);
#1682=ORIENTED_EDGE('',*,*,#1296,.T.);
#1683=ORIENTED_EDGE('',*,*,#1297,.T.);
#1684=ORIENTED_EDGE('',*,*,#1236,.T.);
#1685=ORIENTED_EDGE('',*,*,#1298,.F.);
#1686=ORIENTED_EDGE('',*,*,#1278,.T.);
#1687=ORIENTED_EDGE('',*,*,#1260,.F.);
#1688=ORIENTED_EDGE('',*,*,#1202,.F.);
#1689=ORIENTED_EDGE('',*,*,#1210,.F.);
#1690=ORIENTED_EDGE('',*,*,#1208,.T.);
#1691=ORIENTED_EDGE('',*,*,#1277,.F.);
#1692=ORIENTED_EDGE('',*,*,#1299,.F.);
#1693=ORIENTED_EDGE('',*,*,#1233,.F.);
#1694=ORIENTED_EDGE('',*,*,#1297,.F.);
#1695=ORIENTED_EDGE('',*,*,#1280,.F.);
#1696=ORIENTED_EDGE('',*,*,#1300,.T.);
#1697=ORIENTED_EDGE('',*,*,#1234,.F.);
#1698=ORIENTED_EDGE('',*,*,#1299,.T.);
#1699=ORIENTED_EDGE('',*,*,#1298,.T.);
#1700=ORIENTED_EDGE('',*,*,#1235,.F.);
#1701=ORIENTED_EDGE('',*,*,#1300,.F.);
#1702=ORIENTED_EDGE('',*,*,#1279,.F.);
#1703=ORIENTED_EDGE('',*,*,#1301,.F.);
#1704=ORIENTED_EDGE('',*,*,#1302,.F.);
#1705=ORIENTED_EDGE('',*,*,#1192,.F.);
#1706=ORIENTED_EDGE('',*,*,#1213,.F.);
#1707=ORIENTED_EDGE('',*,*,#1259,.T.);
#1708=ORIENTED_EDGE('',*,*,#1303,.F.);
#1709=ORIENTED_EDGE('',*,*,#1304,.T.);
#1710=ORIENTED_EDGE('',*,*,#1197,.F.);
#1711=ORIENTED_EDGE('',*,*,#1305,.T.);
#1712=ORIENTED_EDGE('',*,*,#1306,.T.);
#1713=ORIENTED_EDGE('',*,*,#1211,.T.);
#1714=ORIENTED_EDGE('',*,*,#1194,.F.);
#1715=ORIENTED_EDGE('',*,*,#1302,.T.);
#1716=ORIENTED_EDGE('',*,*,#1307,.F.);
#1717=ORIENTED_EDGE('',*,*,#1305,.F.);
#1718=ORIENTED_EDGE('',*,*,#1193,.F.);
#1719=ORIENTED_EDGE('',*,*,#1308,.T.);
#1720=ORIENTED_EDGE('',*,*,#1309,.T.);
#1721=ORIENTED_EDGE('',*,*,#1310,.T.);
#1722=ORIENTED_EDGE('',*,*,#1311,.T.);
#1723=ORIENTED_EDGE('',*,*,#1312,.T.);
#1724=ORIENTED_EDGE('',*,*,#1313,.T.);
#1725=ORIENTED_EDGE('',*,*,#1314,.T.);
#1726=ORIENTED_EDGE('',*,*,#1315,.T.);
#1727=ORIENTED_EDGE('',*,*,#1316,.T.);
#1728=ORIENTED_EDGE('',*,*,#1317,.T.);
#1729=ORIENTED_EDGE('',*,*,#1318,.T.);
#1730=ORIENTED_EDGE('',*,*,#1319,.T.);
#1731=ORIENTED_EDGE('',*,*,#1320,.T.);
#1732=ORIENTED_EDGE('',*,*,#1321,.T.);
#1733=ORIENTED_EDGE('',*,*,#1322,.T.);
#1734=ORIENTED_EDGE('',*,*,#1323,.T.);
#1735=ORIENTED_EDGE('',*,*,#1324,.T.);
#1736=ORIENTED_EDGE('',*,*,#1325,.T.);
#1737=ORIENTED_EDGE('',*,*,#1326,.T.);
#1738=ORIENTED_EDGE('',*,*,#1327,.T.);
#1739=ORIENTED_EDGE('',*,*,#1328,.T.);
#1740=ORIENTED_EDGE('',*,*,#1329,.T.);
#1741=ORIENTED_EDGE('',*,*,#1330,.T.);
#1742=ORIENTED_EDGE('',*,*,#1331,.T.);
#1743=ORIENTED_EDGE('',*,*,#1332,.T.);
#1744=ORIENTED_EDGE('',*,*,#1333,.T.);
#1745=ORIENTED_EDGE('',*,*,#1334,.T.);
#1746=ORIENTED_EDGE('',*,*,#1335,.T.);
#1747=ORIENTED_EDGE('',*,*,#1336,.F.);
#1748=ORIENTED_EDGE('',*,*,#1337,.F.);
#1749=ORIENTED_EDGE('',*,*,#1257,.F.);
#1750=ORIENTED_EDGE('',*,*,#1199,.F.);
#1751=ORIENTED_EDGE('',*,*,#1304,.F.);
#1752=ORIENTED_EDGE('',*,*,#1338,.T.);
#1753=ORIENTED_EDGE('',*,*,#1336,.T.);
#1754=ORIENTED_EDGE('',*,*,#1198,.F.);
#1755=ORIENTED_EDGE('',*,*,#1339,.T.);
#1756=ORIENTED_EDGE('',*,*,#1340,.T.);
#1757=ORIENTED_EDGE('',*,*,#1341,.T.);
#1758=ORIENTED_EDGE('',*,*,#1342,.T.);
#1759=ORIENTED_EDGE('',*,*,#1343,.T.);
#1760=ORIENTED_EDGE('',*,*,#1344,.T.);
#1761=ORIENTED_EDGE('',*,*,#1345,.T.);
#1762=ORIENTED_EDGE('',*,*,#1346,.T.);
#1763=ORIENTED_EDGE('',*,*,#1347,.T.);
#1764=ORIENTED_EDGE('',*,*,#1348,.T.);
#1765=ORIENTED_EDGE('',*,*,#1349,.T.);
#1766=ORIENTED_EDGE('',*,*,#1350,.T.);
#1767=ORIENTED_EDGE('',*,*,#1351,.T.);
#1768=ORIENTED_EDGE('',*,*,#1352,.T.);
#1769=ORIENTED_EDGE('',*,*,#1353,.T.);
#1770=ORIENTED_EDGE('',*,*,#1354,.T.);
#1771=ORIENTED_EDGE('',*,*,#1355,.T.);
#1772=ORIENTED_EDGE('',*,*,#1356,.T.);
#1773=ORIENTED_EDGE('',*,*,#1357,.T.);
#1774=ORIENTED_EDGE('',*,*,#1358,.T.);
#1775=ORIENTED_EDGE('',*,*,#1359,.T.);
#1776=ORIENTED_EDGE('',*,*,#1360,.T.);
#1777=ORIENTED_EDGE('',*,*,#1361,.T.);
#1778=ORIENTED_EDGE('',*,*,#1362,.T.);
#1779=ORIENTED_EDGE('',*,*,#1363,.T.);
#1780=ORIENTED_EDGE('',*,*,#1364,.T.);
#1781=ORIENTED_EDGE('',*,*,#1365,.T.);
#1782=ORIENTED_EDGE('',*,*,#1366,.T.);
#1783=ORIENTED_EDGE('',*,*,#1306,.F.);
#1784=ORIENTED_EDGE('',*,*,#1307,.T.);
#1785=ORIENTED_EDGE('',*,*,#1301,.T.);
#1786=ORIENTED_EDGE('',*,*,#1212,.T.);
#1787=ORIENTED_EDGE('',*,*,#1258,.T.);
#1788=ORIENTED_EDGE('',*,*,#1337,.T.);
#1789=ORIENTED_EDGE('',*,*,#1338,.F.);
#1790=ORIENTED_EDGE('',*,*,#1303,.T.);
#1791=ORIENTED_EDGE('',*,*,#1309,.F.);
#1792=ORIENTED_EDGE('',*,*,#1367,.T.);
#1793=ORIENTED_EDGE('',*,*,#1342,.F.);
#1794=ORIENTED_EDGE('',*,*,#1368,.F.);
#1795=ORIENTED_EDGE('',*,*,#1310,.F.);
#1796=ORIENTED_EDGE('',*,*,#1368,.T.);
#1797=ORIENTED_EDGE('',*,*,#1341,.F.);
#1798=ORIENTED_EDGE('',*,*,#1369,.F.);
#1799=ORIENTED_EDGE('',*,*,#1311,.F.);
#1800=ORIENTED_EDGE('',*,*,#1369,.T.);
#1801=ORIENTED_EDGE('',*,*,#1340,.F.);
#1802=ORIENTED_EDGE('',*,*,#1370,.F.);
#1803=ORIENTED_EDGE('',*,*,#1308,.F.);
#1804=ORIENTED_EDGE('',*,*,#1370,.T.);
#1805=ORIENTED_EDGE('',*,*,#1339,.F.);
#1806=ORIENTED_EDGE('',*,*,#1367,.F.);
#1807=ORIENTED_EDGE('',*,*,#1313,.F.);
#1808=ORIENTED_EDGE('',*,*,#1371,.T.);
#1809=ORIENTED_EDGE('',*,*,#1346,.F.);
#1810=ORIENTED_EDGE('',*,*,#1372,.F.);
#1811=ORIENTED_EDGE('',*,*,#1314,.F.);
#1812=ORIENTED_EDGE('',*,*,#1372,.T.);
#1813=ORIENTED_EDGE('',*,*,#1345,.F.);
#1814=ORIENTED_EDGE('',*,*,#1373,.F.);
#1815=ORIENTED_EDGE('',*,*,#1315,.F.);
#1816=ORIENTED_EDGE('',*,*,#1373,.T.);
#1817=ORIENTED_EDGE('',*,*,#1344,.F.);
#1818=ORIENTED_EDGE('',*,*,#1374,.F.);
#1819=ORIENTED_EDGE('',*,*,#1312,.F.);
#1820=ORIENTED_EDGE('',*,*,#1374,.T.);
#1821=ORIENTED_EDGE('',*,*,#1343,.F.);
#1822=ORIENTED_EDGE('',*,*,#1371,.F.);
#1823=ORIENTED_EDGE('',*,*,#1317,.F.);
#1824=ORIENTED_EDGE('',*,*,#1375,.T.);
#1825=ORIENTED_EDGE('',*,*,#1350,.F.);
#1826=ORIENTED_EDGE('',*,*,#1376,.F.);
#1827=ORIENTED_EDGE('',*,*,#1318,.F.);
#1828=ORIENTED_EDGE('',*,*,#1376,.T.);
#1829=ORIENTED_EDGE('',*,*,#1349,.F.);
#1830=ORIENTED_EDGE('',*,*,#1377,.F.);
#1831=ORIENTED_EDGE('',*,*,#1319,.F.);
#1832=ORIENTED_EDGE('',*,*,#1377,.T.);
#1833=ORIENTED_EDGE('',*,*,#1348,.F.);
#1834=ORIENTED_EDGE('',*,*,#1378,.F.);
#1835=ORIENTED_EDGE('',*,*,#1316,.F.);
#1836=ORIENTED_EDGE('',*,*,#1378,.T.);
#1837=ORIENTED_EDGE('',*,*,#1347,.F.);
#1838=ORIENTED_EDGE('',*,*,#1375,.F.);
#1839=ORIENTED_EDGE('',*,*,#1321,.F.);
#1840=ORIENTED_EDGE('',*,*,#1379,.T.);
#1841=ORIENTED_EDGE('',*,*,#1354,.F.);
#1842=ORIENTED_EDGE('',*,*,#1380,.F.);
#1843=ORIENTED_EDGE('',*,*,#1322,.F.);
#1844=ORIENTED_EDGE('',*,*,#1380,.T.);
#1845=ORIENTED_EDGE('',*,*,#1353,.F.);
#1846=ORIENTED_EDGE('',*,*,#1381,.F.);
#1847=ORIENTED_EDGE('',*,*,#1323,.F.);
#1848=ORIENTED_EDGE('',*,*,#1381,.T.);
#1849=ORIENTED_EDGE('',*,*,#1352,.F.);
#1850=ORIENTED_EDGE('',*,*,#1382,.F.);
#1851=ORIENTED_EDGE('',*,*,#1320,.F.);
#1852=ORIENTED_EDGE('',*,*,#1382,.T.);
#1853=ORIENTED_EDGE('',*,*,#1351,.F.);
#1854=ORIENTED_EDGE('',*,*,#1379,.F.);
#1855=ORIENTED_EDGE('',*,*,#1325,.F.);
#1856=ORIENTED_EDGE('',*,*,#1383,.T.);
#1857=ORIENTED_EDGE('',*,*,#1358,.F.);
#1858=ORIENTED_EDGE('',*,*,#1384,.F.);
#1859=ORIENTED_EDGE('',*,*,#1326,.F.);
#1860=ORIENTED_EDGE('',*,*,#1384,.T.);
#1861=ORIENTED_EDGE('',*,*,#1357,.F.);
#1862=ORIENTED_EDGE('',*,*,#1385,.F.);
#1863=ORIENTED_EDGE('',*,*,#1327,.F.);
#1864=ORIENTED_EDGE('',*,*,#1385,.T.);
#1865=ORIENTED_EDGE('',*,*,#1356,.F.);
#1866=ORIENTED_EDGE('',*,*,#1386,.F.);
#1867=ORIENTED_EDGE('',*,*,#1324,.F.);
#1868=ORIENTED_EDGE('',*,*,#1386,.T.);
#1869=ORIENTED_EDGE('',*,*,#1355,.F.);
#1870=ORIENTED_EDGE('',*,*,#1383,.F.);
#1871=ORIENTED_EDGE('',*,*,#1329,.F.);
#1872=ORIENTED_EDGE('',*,*,#1387,.T.);
#1873=ORIENTED_EDGE('',*,*,#1362,.F.);
#1874=ORIENTED_EDGE('',*,*,#1388,.F.);
#1875=ORIENTED_EDGE('',*,*,#1330,.F.);
#1876=ORIENTED_EDGE('',*,*,#1388,.T.);
#1877=ORIENTED_EDGE('',*,*,#1361,.F.);
#1878=ORIENTED_EDGE('',*,*,#1389,.F.);
#1879=ORIENTED_EDGE('',*,*,#1331,.F.);
#1880=ORIENTED_EDGE('',*,*,#1389,.T.);
#1881=ORIENTED_EDGE('',*,*,#1360,.F.);
#1882=ORIENTED_EDGE('',*,*,#1390,.F.);
#1883=ORIENTED_EDGE('',*,*,#1328,.F.);
#1884=ORIENTED_EDGE('',*,*,#1390,.T.);
#1885=ORIENTED_EDGE('',*,*,#1359,.F.);
#1886=ORIENTED_EDGE('',*,*,#1387,.F.);
#1887=ORIENTED_EDGE('',*,*,#1333,.F.);
#1888=ORIENTED_EDGE('',*,*,#1391,.T.);
#1889=ORIENTED_EDGE('',*,*,#1366,.F.);
#1890=ORIENTED_EDGE('',*,*,#1392,.F.);
#1891=ORIENTED_EDGE('',*,*,#1334,.F.);
#1892=ORIENTED_EDGE('',*,*,#1392,.T.);
#1893=ORIENTED_EDGE('',*,*,#1365,.F.);
#1894=ORIENTED_EDGE('',*,*,#1393,.F.);
#1895=ORIENTED_EDGE('',*,*,#1335,.F.);
#1896=ORIENTED_EDGE('',*,*,#1393,.T.);
#1897=ORIENTED_EDGE('',*,*,#1364,.F.);
#1898=ORIENTED_EDGE('',*,*,#1394,.F.);
#1899=ORIENTED_EDGE('',*,*,#1332,.F.);
#1900=ORIENTED_EDGE('',*,*,#1394,.T.);
#1901=ORIENTED_EDGE('',*,*,#1363,.F.);
#1902=ORIENTED_EDGE('',*,*,#1391,.F.);
#1903=ORIENTED_EDGE('',*,*,#1274,.T.);
#1904=ORIENTED_EDGE('',*,*,#1395,.T.);
#1905=ORIENTED_EDGE('',*,*,#1219,.T.);
#1906=ORIENTED_EDGE('',*,*,#1396,.T.);
#1907=ORIENTED_EDGE('',*,*,#1273,.T.);
#1908=ORIENTED_EDGE('',*,*,#1397,.F.);
#1909=ORIENTED_EDGE('',*,*,#1220,.T.);
#1910=ORIENTED_EDGE('',*,*,#1395,.F.);
#1911=ORIENTED_EDGE('',*,*,#1267,.T.);
#1912=ORIENTED_EDGE('',*,*,#1398,.F.);
#1913=ORIENTED_EDGE('',*,*,#1221,.F.);
#1914=ORIENTED_EDGE('',*,*,#1399,.T.);
#1915=ORIENTED_EDGE('',*,*,#1266,.T.);
#1916=ORIENTED_EDGE('',*,*,#1400,.F.);
#1917=ORIENTED_EDGE('',*,*,#1222,.T.);
#1918=ORIENTED_EDGE('',*,*,#1398,.T.);
#1919=ORIENTED_EDGE('',*,*,#1265,.T.);
#1920=ORIENTED_EDGE('',*,*,#1401,.T.);
#1921=ORIENTED_EDGE('',*,*,#1223,.T.);
#1922=ORIENTED_EDGE('',*,*,#1400,.T.);
#1923=ORIENTED_EDGE('',*,*,#1262,.T.);
#1924=ORIENTED_EDGE('',*,*,#1402,.T.);
#1925=ORIENTED_EDGE('',*,*,#1230,.T.);
#1926=ORIENTED_EDGE('',*,*,#1403,.F.);
#1927=ORIENTED_EDGE('',*,*,#1261,.T.);
#1928=ORIENTED_EDGE('',*,*,#1404,.T.);
#1929=ORIENTED_EDGE('',*,*,#1231,.F.);
#1930=ORIENTED_EDGE('',*,*,#1402,.F.);
#1931=ORIENTED_EDGE('',*,*,#1264,.T.);
#1932=ORIENTED_EDGE('',*,*,#1405,.F.);
#1933=ORIENTED_EDGE('',*,*,#1232,.F.);
#1934=ORIENTED_EDGE('',*,*,#1404,.F.);
#1935=ORIENTED_EDGE('',*,*,#1270,.T.);
#1936=ORIENTED_EDGE('',*,*,#1406,.F.);
#1937=ORIENTED_EDGE('',*,*,#1228,.F.);
#1938=ORIENTED_EDGE('',*,*,#1407,.F.);
#1939=ORIENTED_EDGE('',*,*,#1271,.T.);
#1940=ORIENTED_EDGE('',*,*,#1407,.T.);
#1941=ORIENTED_EDGE('',*,*,#1227,.T.);
#1942=ORIENTED_EDGE('',*,*,#1408,.T.);
#1943=ORIENTED_EDGE('',*,*,#1409,.F.);
#1944=ORIENTED_EDGE('',*,*,#1410,.F.);
#1945=ORIENTED_EDGE('',*,*,#1411,.T.);
#1946=ORIENTED_EDGE('',*,*,#1268,.T.);
#1947=ORIENTED_EDGE('',*,*,#1412,.T.);
#1948=ORIENTED_EDGE('',*,*,#1413,.T.);
#1949=ORIENTED_EDGE('',*,*,#1414,.T.);
#1950=ORIENTED_EDGE('',*,*,#1272,.T.);
#1951=ORIENTED_EDGE('',*,*,#1415,.T.);
#1952=ORIENTED_EDGE('',*,*,#1410,.T.);
#1953=ORIENTED_EDGE('',*,*,#1416,.F.);
#1954=ORIENTED_EDGE('',*,*,#1413,.F.);
#1955=ORIENTED_EDGE('',*,*,#1414,.F.);
#1956=ORIENTED_EDGE('',*,*,#1416,.T.);
#1957=ORIENTED_EDGE('',*,*,#1409,.T.);
#1958=ORIENTED_EDGE('',*,*,#1399,.F.);
#1959=ORIENTED_EDGE('',*,*,#1224,.T.);
#1960=ORIENTED_EDGE('',*,*,#1401,.F.);
#1961=ORIENTED_EDGE('',*,*,#1408,.F.);
#1962=ORIENTED_EDGE('',*,*,#1226,.T.);
#1963=ORIENTED_EDGE('',*,*,#1417,.F.);
#1964=ORIENTED_EDGE('',*,*,#1411,.F.);
#1965=ORIENTED_EDGE('',*,*,#1415,.F.);
#1966=ORIENTED_EDGE('',*,*,#1412,.F.);
#1967=ORIENTED_EDGE('',*,*,#1269,.T.);
#1968=ORIENTED_EDGE('',*,*,#1417,.T.);
#1969=ORIENTED_EDGE('',*,*,#1225,.T.);
#1970=ORIENTED_EDGE('',*,*,#1406,.T.);
#1971=ORIENTED_EDGE('',*,*,#1276,.T.);
#1972=ORIENTED_EDGE('',*,*,#1418,.F.);
#1973=ORIENTED_EDGE('',*,*,#1217,.T.);
#1974=ORIENTED_EDGE('',*,*,#1397,.T.);
#1975=ORIENTED_EDGE('',*,*,#1275,.T.);
#1976=ORIENTED_EDGE('',*,*,#1396,.F.);
#1977=ORIENTED_EDGE('',*,*,#1218,.F.);
#1978=ORIENTED_EDGE('',*,*,#1418,.T.);
#1979=ORIENTED_EDGE('',*,*,#1256,.T.);
#1980=ORIENTED_EDGE('',*,*,#1130,.F.);
#1981=ORIENTED_EDGE('',*,*,#1214,.T.);
#1982=ORIENTED_EDGE('',*,*,#1190,.F.);
#1983=ORIENTED_EDGE('',*,*,#1263,.T.);
#1984=ORIENTED_EDGE('',*,*,#1403,.T.);
#1985=ORIENTED_EDGE('',*,*,#1229,.T.);
#1986=ORIENTED_EDGE('',*,*,#1405,.T.);
#1987=ORIENTED_EDGE('',*,*,#1282,.F.);
#1988=ORIENTED_EDGE('',*,*,#1419,.F.);
#1989=ORIENTED_EDGE('',*,*,#1240,.F.);
#1990=ORIENTED_EDGE('',*,*,#1420,.T.);
#1991=ORIENTED_EDGE('',*,*,#1281,.F.);
#1992=ORIENTED_EDGE('',*,*,#1421,.F.);
#1993=ORIENTED_EDGE('',*,*,#1237,.F.);
#1994=ORIENTED_EDGE('',*,*,#1419,.T.);
#1995=ORIENTED_EDGE('',*,*,#1284,.F.);
#1996=ORIENTED_EDGE('',*,*,#1422,.F.);
#1997=ORIENTED_EDGE('',*,*,#1238,.F.);
#1998=ORIENTED_EDGE('',*,*,#1421,.T.);
#1999=ORIENTED_EDGE('',*,*,#1283,.F.);
#2000=ORIENTED_EDGE('',*,*,#1420,.F.);
#2001=ORIENTED_EDGE('',*,*,#1239,.F.);
#2002=ORIENTED_EDGE('',*,*,#1422,.T.);
#2003=ORIENTED_EDGE('',*,*,#1286,.F.);
#2004=ORIENTED_EDGE('',*,*,#1423,.F.);
#2005=ORIENTED_EDGE('',*,*,#1244,.F.);
#2006=ORIENTED_EDGE('',*,*,#1424,.T.);
#2007=ORIENTED_EDGE('',*,*,#1285,.F.);
#2008=ORIENTED_EDGE('',*,*,#1425,.F.);
#2009=ORIENTED_EDGE('',*,*,#1241,.F.);
#2010=ORIENTED_EDGE('',*,*,#1423,.T.);
#2011=ORIENTED_EDGE('',*,*,#1288,.F.);
#2012=ORIENTED_EDGE('',*,*,#1426,.F.);
#2013=ORIENTED_EDGE('',*,*,#1242,.F.);
#2014=ORIENTED_EDGE('',*,*,#1425,.T.);
#2015=ORIENTED_EDGE('',*,*,#1287,.F.);
#2016=ORIENTED_EDGE('',*,*,#1424,.F.);
#2017=ORIENTED_EDGE('',*,*,#1243,.F.);
#2018=ORIENTED_EDGE('',*,*,#1426,.T.);
#2019=ORIENTED_EDGE('',*,*,#1290,.F.);
#2020=ORIENTED_EDGE('',*,*,#1427,.F.);
#2021=ORIENTED_EDGE('',*,*,#1248,.F.);
#2022=ORIENTED_EDGE('',*,*,#1428,.T.);
#2023=ORIENTED_EDGE('',*,*,#1289,.F.);
#2024=ORIENTED_EDGE('',*,*,#1429,.F.);
#2025=ORIENTED_EDGE('',*,*,#1245,.F.);
#2026=ORIENTED_EDGE('',*,*,#1427,.T.);
#2027=ORIENTED_EDGE('',*,*,#1292,.F.);
#2028=ORIENTED_EDGE('',*,*,#1430,.F.);
#2029=ORIENTED_EDGE('',*,*,#1246,.F.);
#2030=ORIENTED_EDGE('',*,*,#1429,.T.);
#2031=ORIENTED_EDGE('',*,*,#1291,.F.);
#2032=ORIENTED_EDGE('',*,*,#1428,.F.);
#2033=ORIENTED_EDGE('',*,*,#1247,.F.);
#2034=ORIENTED_EDGE('',*,*,#1430,.T.);
#2035=ORIENTED_EDGE('',*,*,#1294,.F.);
#2036=ORIENTED_EDGE('',*,*,#1431,.F.);
#2037=ORIENTED_EDGE('',*,*,#1252,.F.);
#2038=ORIENTED_EDGE('',*,*,#1432,.T.);
#2039=ORIENTED_EDGE('',*,*,#1293,.F.);
#2040=ORIENTED_EDGE('',*,*,#1433,.F.);
#2041=ORIENTED_EDGE('',*,*,#1249,.F.);
#2042=ORIENTED_EDGE('',*,*,#1431,.T.);
#2043=ORIENTED_EDGE('',*,*,#1296,.F.);
#2044=ORIENTED_EDGE('',*,*,#1434,.F.);
#2045=ORIENTED_EDGE('',*,*,#1250,.F.);
#2046=ORIENTED_EDGE('',*,*,#1433,.T.);
#2047=ORIENTED_EDGE('',*,*,#1295,.F.);
#2048=ORIENTED_EDGE('',*,*,#1432,.F.);
#2049=ORIENTED_EDGE('',*,*,#1251,.F.);
#2050=ORIENTED_EDGE('',*,*,#1434,.T.);
#2051=PLANE('',#2276);
#2052=PLANE('',#2277);
#2053=PLANE('',#2278);
#2054=PLANE('',#2279);
#2055=PLANE('',#2280);
#2056=PLANE('',#2281);
#2057=PLANE('',#2282);
#2058=PLANE('',#2283);
#2059=PLANE('',#2284);
#2060=PLANE('',#2285);
#2061=PLANE('',#2286);
#2062=PLANE('',#2287);
#2063=PLANE('',#2288);
#2064=PLANE('',#2289);
#2065=PLANE('',#2290);
#2066=PLANE('',#2291);
#2067=PLANE('',#2292);
#2068=PLANE('',#2293);
#2069=PLANE('',#2294);
#2070=PLANE('',#2295);
#2071=PLANE('',#2296);
#2072=PLANE('',#2297);
#2073=PLANE('',#2298);
#2074=PLANE('',#2299);
#2075=PLANE('',#2300);
#2076=PLANE('',#2301);
#2077=PLANE('',#2302);
#2078=PLANE('',#2303);
#2079=PLANE('',#2304);
#2080=PLANE('',#2305);
#2081=PLANE('',#2306);
#2082=PLANE('',#2307);
#2083=PLANE('',#2308);
#2084=PLANE('',#2309);
#2085=PLANE('',#2310);
#2086=PLANE('',#2311);
#2087=PLANE('',#2312);
#2088=PLANE('',#2313);
#2089=PLANE('',#2314);
#2090=PLANE('',#2315);
#2091=PLANE('',#2316);
#2092=PLANE('',#2317);
#2093=PLANE('',#2318);
#2094=PLANE('',#2319);
#2095=PLANE('',#2320);
#2096=PLANE('',#2321);
#2097=PLANE('',#2322);
#2098=PLANE('',#2323);
#2099=PLANE('',#2324);
#2100=PLANE('',#2325);
#2101=PLANE('',#2326);
#2102=PLANE('',#2327);
#2103=PLANE('',#2328);
#2104=PLANE('',#2329);
#2105=PLANE('',#2330);
#2106=PLANE('',#2331);
#2107=PLANE('',#2332);
#2108=PLANE('',#2333);
#2109=PLANE('',#2334);
#2110=PLANE('',#2335);
#2111=PLANE('',#2336);
#2112=PLANE('',#2337);
#2113=PLANE('',#2338);
#2114=PLANE('',#2339);
#2115=PLANE('',#2340);
#2116=PLANE('',#2341);
#2117=PLANE('',#2342);
#2118=PLANE('',#2343);
#2119=PLANE('',#2344);
#2120=PLANE('',#2345);
#2121=PLANE('',#2346);
#2122=PLANE('',#2347);
#2123=PLANE('',#2348);
#2124=PLANE('',#2349);
#2125=PLANE('',#2350);
#2126=PLANE('',#2351);
#2127=PLANE('',#2352);
#2128=PLANE('',#2353);
#2129=PLANE('',#2354);
#2130=PLANE('',#2355);
#2131=PLANE('',#2356);
#2132=PLANE('',#2357);
#2133=PLANE('',#2358);
#2134=PLANE('',#2359);
#2135=PLANE('',#2360);
#2136=PLANE('',#2361);
#2137=PLANE('',#2362);
#2138=PLANE('',#2363);
#2139=PLANE('',#2364);
#2140=PLANE('',#2365);
#2141=PLANE('',#2366);
#2142=PLANE('',#2367);
#2143=PLANE('',#2368);
#2144=PLANE('',#2369);
#2145=PLANE('',#2370);
#2146=PLANE('',#2371);
#2147=PLANE('',#2372);
#2148=PLANE('',#2373);
#2149=PLANE('',#2374);
#2150=PLANE('',#2375);
#2151=PLANE('',#2376);
#2152=PLANE('',#2377);
#2153=PLANE('',#2378);
#2154=PLANE('',#2379);
#2155=PLANE('',#2380);
#2156=ADVANCED_FACE('',(#58),#2051,.T.);
#2157=ADVANCED_FACE('',(#59),#2052,.F.);
#2158=ADVANCED_FACE('',(#60),#2053,.F.);
#2159=ADVANCED_FACE('',(#61),#2054,.F.);
#2160=ADVANCED_FACE('',(#62),#2055,.F.);
#2161=ADVANCED_FACE('',(#63),#2056,.F.);
#2162=ADVANCED_FACE('',(#64),#2057,.F.);
#2163=ADVANCED_FACE('',(#65),#2058,.F.);
#2164=ADVANCED_FACE('',(#66),#2059,.F.);
#2165=ADVANCED_FACE('',(#67),#2060,.F.);
#2166=ADVANCED_FACE('',(#68),#2061,.F.);
#2167=ADVANCED_FACE('',(#69),#2062,.F.);
#2168=ADVANCED_FACE('',(#70),#2063,.F.);
#2169=ADVANCED_FACE('',(#71),#2064,.F.);
#2170=ADVANCED_FACE('',(#72),#2065,.F.);
#2171=ADVANCED_FACE('',(#73),#2066,.F.);
#2172=ADVANCED_FACE('',(#74),#2067,.F.);
#2173=ADVANCED_FACE('',(#75),#2068,.T.);
#2174=ADVANCED_FACE('',(#76),#2069,.T.);
#2175=ADVANCED_FACE('',(#77),#2070,.T.);
#2176=ADVANCED_FACE('',(#78),#2071,.T.);
#2177=ADVANCED_FACE('',(#79),#2072,.T.);
#2178=ADVANCED_FACE('',(#80),#2073,.F.);
#2179=ADVANCED_FACE('',(#81),#2074,.T.);
#2180=ADVANCED_FACE('',(#82,#19,#20,#21,#22,#23,#24,#25,#26,#27,#28,#29,
#30,#31),#2075,.T.);
#2181=ADVANCED_FACE('',(#83),#2076,.T.);
#2182=ADVANCED_FACE('',(#84),#2077,.T.);
#2183=ADVANCED_FACE('',(#85,#32,#33,#34,#35,#36,#37,#38,#39,#40,#41,#42,
#43),#2078,.F.);
#2184=ADVANCED_FACE('',(#86),#2079,.T.);
#2185=ADVANCED_FACE('',(#87),#2080,.T.);
#2186=ADVANCED_FACE('',(#88),#2081,.F.);
#2187=ADVANCED_FACE('',(#89),#2082,.F.);
#2188=ADVANCED_FACE('',(#90),#2083,.F.);
#2189=ADVANCED_FACE('',(#91),#2084,.T.);
#2190=ADVANCED_FACE('',(#92),#2085,.T.);
#2191=ADVANCED_FACE('',(#93),#2086,.T.);
#2192=ADVANCED_FACE('',(#94,#44,#45,#46,#47,#48,#49,#50),#2087,.T.);
#2193=ADVANCED_FACE('',(#95),#2088,.T.);
#2194=ADVANCED_FACE('',(#96,#51,#52,#53,#54,#55,#56,#57),#2089,.T.);
#2195=ADVANCED_FACE('',(#97),#2090,.T.);
#2196=ADVANCED_FACE('',(#98),#2091,.T.);
#2197=ADVANCED_FACE('',(#99),#2092,.T.);
#2198=ADVANCED_FACE('',(#100),#2093,.T.);
#2199=ADVANCED_FACE('',(#101),#2094,.T.);
#2200=ADVANCED_FACE('',(#102),#2095,.T.);
#2201=ADVANCED_FACE('',(#103),#2096,.T.);
#2202=ADVANCED_FACE('',(#104),#2097,.T.);
#2203=ADVANCED_FACE('',(#105),#2098,.T.);
#2204=ADVANCED_FACE('',(#106),#2099,.T.);
#2205=ADVANCED_FACE('',(#107),#2100,.T.);
#2206=ADVANCED_FACE('',(#108),#2101,.T.);
#2207=ADVANCED_FACE('',(#109),#2102,.T.);
#2208=ADVANCED_FACE('',(#110),#2103,.T.);
#2209=ADVANCED_FACE('',(#111),#2104,.T.);
#2210=ADVANCED_FACE('',(#112),#2105,.T.);
#2211=ADVANCED_FACE('',(#113),#2106,.T.);
#2212=ADVANCED_FACE('',(#114),#2107,.T.);
#2213=ADVANCED_FACE('',(#115),#2108,.T.);
#2214=ADVANCED_FACE('',(#116),#2109,.T.);
#2215=ADVANCED_FACE('',(#117),#2110,.T.);
#2216=ADVANCED_FACE('',(#118),#2111,.T.);
#2217=ADVANCED_FACE('',(#119),#2112,.T.);
#2218=ADVANCED_FACE('',(#120),#2113,.T.);
#2219=ADVANCED_FACE('',(#121),#2114,.T.);
#2220=ADVANCED_FACE('',(#122),#2115,.T.);
#2221=ADVANCED_FACE('',(#123),#2116,.T.);
#2222=ADVANCED_FACE('',(#124),#2117,.T.);
#2223=ADVANCED_FACE('',(#125),#2118,.T.);
#2224=ADVANCED_FACE('',(#126),#2119,.T.);
#2225=ADVANCED_FACE('',(#127),#2120,.F.);
#2226=ADVANCED_FACE('',(#128),#2121,.T.);
#2227=ADVANCED_FACE('',(#129),#2122,.F.);
#2228=ADVANCED_FACE('',(#130),#2123,.F.);
#2229=ADVANCED_FACE('',(#131),#2124,.T.);
#2230=ADVANCED_FACE('',(#132),#2125,.F.);
#2231=ADVANCED_FACE('',(#133),#2126,.T.);
#2232=ADVANCED_FACE('',(#134),#2127,.F.);
#2233=ADVANCED_FACE('',(#135),#2128,.F.);
#2234=ADVANCED_FACE('',(#136),#2129,.T.);
#2235=ADVANCED_FACE('',(#137),#2130,.T.);
#2236=ADVANCED_FACE('',(#138),#2131,.T.);
#2237=ADVANCED_FACE('',(#139),#2132,.T.);
#2238=ADVANCED_FACE('',(#140),#2133,.T.);
#2239=ADVANCED_FACE('',(#141),#2134,.F.);
#2240=ADVANCED_FACE('',(#142),#2135,.F.);
#2241=ADVANCED_FACE('',(#143),#2136,.T.);
#2242=ADVANCED_FACE('',(#144),#2137,.F.);
#2243=ADVANCED_FACE('',(#145),#2138,.F.);
#2244=ADVANCED_FACE('',(#146),#2139,.F.);
#2245=ADVANCED_FACE('',(#147),#2140,.F.);
#2246=ADVANCED_FACE('',(#148),#2141,.F.);
#2247=ADVANCED_FACE('',(#149),#2142,.F.);
#2248=ADVANCED_FACE('',(#150),#2143,.F.);
#2249=ADVANCED_FACE('',(#151),#2144,.F.);
#2250=ADVANCED_FACE('',(#152),#2145,.F.);
#2251=ADVANCED_FACE('',(#153),#2146,.F.);
#2252=ADVANCED_FACE('',(#154),#2147,.F.);
#2253=ADVANCED_FACE('',(#155),#2148,.F.);
#2254=ADVANCED_FACE('',(#156),#2149,.F.);
#2255=ADVANCED_FACE('',(#157),#2150,.F.);
#2256=ADVANCED_FACE('',(#158),#2151,.F.);
#2257=ADVANCED_FACE('',(#159),#2152,.F.);
#2258=ADVANCED_FACE('',(#160),#2153,.F.);
#2259=ADVANCED_FACE('',(#161),#2154,.F.);
#2260=ADVANCED_FACE('',(#162),#2155,.F.);
#2261=CLOSED_SHELL('',(#2156,#2157,#2158,#2159,#2160,#2161,#2162,#2163,
#2164,#2165,#2166,#2167,#2168,#2169,#2170,#2171,#2172,#2173,#2174,#2175,
#2176,#2177,#2178,#2179,#2180,#2181,#2182,#2183,#2184,#2185,#2186,#2187,
#2188,#2189,#2190,#2191,#2192,#2193,#2194,#2195,#2196,#2197,#2198,#2199,
#2200,#2201,#2202,#2203,#2204,#2205,#2206,#2207,#2208,#2209,#2210,#2211,
#2212,#2213,#2214,#2215,#2216,#2217,#2218,#2219,#2220,#2221,#2222,#2223,
#2224,#2225,#2226,#2227,#2228,#2229,#2230,#2231,#2232,#2233,#2234,#2235,
#2236,#2237,#2238,#2239,#2240,#2241,#2242,#2243,#2244,#2245,#2246,#2247,
#2248,#2249,#2250,#2251,#2252,#2253,#2254,#2255,#2256,#2257,#2258,#2259,
#2260));
#2262=DERIVED_UNIT_ELEMENT(#2264,1.);
#2263=DERIVED_UNIT_ELEMENT(#3533,-3.);
#2264=(
MASS_UNIT()
NAMED_UNIT(*)
SI_UNIT(.KILO.,.GRAM.)
);
#2265=DERIVED_UNIT((#2262,#2263));
#2266=MEASURE_REPRESENTATION_ITEM('density measure',
POSITIVE_RATIO_MEASURE(7850.),#2265);
#2267=PROPERTY_DEFINITION_REPRESENTATION(#2272,#2269);
#2268=PROPERTY_DEFINITION_REPRESENTATION(#2273,#2270);
#2269=REPRESENTATION('material name',(#2271),#3530);
#2270=REPRESENTATION('density',(#2266),#3530);
#2271=DESCRIPTIVE_REPRESENTATION_ITEM('Steel','Steel');
#2272=PROPERTY_DEFINITION('material property','material name',#3545);
#2273=PROPERTY_DEFINITION('material property','density of part',#3545);
#2274=AXIS2_PLACEMENT_3D('',#2906,#2382,#2383);
#2275=AXIS2_PLACEMENT_3D('',#2907,#2384,#2385);
#2276=AXIS2_PLACEMENT_3D('',#2908,#2386,#2387);
#2277=AXIS2_PLACEMENT_3D('',#2917,#2392,#2393);
#2278=AXIS2_PLACEMENT_3D('',#2926,#2398,#2399);
#2279=AXIS2_PLACEMENT_3D('',#2932,#2403,#2404);
#2280=AXIS2_PLACEMENT_3D('',#2938,#2408,#2409);
#2281=AXIS2_PLACEMENT_3D('',#2941,#2412,#2413);
#2282=AXIS2_PLACEMENT_3D('',#2950,#2418,#2419);
#2283=AXIS2_PLACEMENT_3D('',#2956,#2423,#2424);
#2284=AXIS2_PLACEMENT_3D('',#2962,#2428,#2429);
#2285=AXIS2_PLACEMENT_3D('',#2965,#2432,#2433);
#2286=AXIS2_PLACEMENT_3D('',#2974,#2438,#2439);
#2287=AXIS2_PLACEMENT_3D('',#2980,#2443,#2444);
#2288=AXIS2_PLACEMENT_3D('',#2986,#2448,#2449);
#2289=AXIS2_PLACEMENT_3D('',#2989,#2452,#2453);
#2290=AXIS2_PLACEMENT_3D('',#2998,#2458,#2459);
#2291=AXIS2_PLACEMENT_3D('',#3004,#2463,#2464);
#2292=AXIS2_PLACEMENT_3D('',#3010,#2468,#2469);
#2293=AXIS2_PLACEMENT_3D('',#3013,#2472,#2473);
#2294=AXIS2_PLACEMENT_3D('',#3022,#2478,#2479);
#2295=AXIS2_PLACEMENT_3D('',#3028,#2483,#2484);
#2296=AXIS2_PLACEMENT_3D('',#3034,#2488,#2489);
#2297=AXIS2_PLACEMENT_3D('',#3056,#2501,#2502);
#2298=AXIS2_PLACEMENT_3D('',#3062,#2506,#2507);
#2299=AXIS2_PLACEMENT_3D('',#3071,#2512,#2513);
#2300=AXIS2_PLACEMENT_3D('',#3077,#2517,#2518);
#2301=AXIS2_PLACEMENT_3D('',#3160,#2562,#2563);
#2302=AXIS2_PLACEMENT_3D('',#3164,#2566,#2567);
#2303=AXIS2_PLACEMENT_3D('',#3166,#2569,#2570);
#2304=AXIS2_PLACEMENT_3D('',#3246,#2612,#2613);
#2305=AXIS2_PLACEMENT_3D('',#3249,#2616,#2617);
#2306=AXIS2_PLACEMENT_3D('',#3250,#2618,#2619);
#2307=AXIS2_PLACEMENT_3D('',#3252,#2621,#2622);
#2308=AXIS2_PLACEMENT_3D('',#3254,#2624,#2625);
#2309=AXIS2_PLACEMENT_3D('',#3255,#2626,#2627);
#2310=AXIS2_PLACEMENT_3D('',#3259,#2630,#2631);
#2311=AXIS2_PLACEMENT_3D('',#3263,#2634,#2635);
#2312=AXIS2_PLACEMENT_3D('',#3267,#2638,#2639);
#2313=AXIS2_PLACEMENT_3D('',#3325,#2669,#2670);
#2314=AXIS2_PLACEMENT_3D('',#3329,#2673,#2674);
#2315=AXIS2_PLACEMENT_3D('',#3387,#2704,#2705);
#2316=AXIS2_PLACEMENT_3D('',#3388,#2706,#2707);
#2317=AXIS2_PLACEMENT_3D('',#3389,#2708,#2709);
#2318=AXIS2_PLACEMENT_3D('',#3392,#2712,#2713);
#2319=AXIS2_PLACEMENT_3D('',#3394,#2715,#2716);
#2320=AXIS2_PLACEMENT_3D('',#3396,#2718,#2719);
#2321=AXIS2_PLACEMENT_3D('',#3397,#2720,#2721);
#2322=AXIS2_PLACEMENT_3D('',#3400,#2724,#2725);
#2323=AXIS2_PLACEMENT_3D('',#3402,#2727,#2728);
#2324=AXIS2_PLACEMENT_3D('',#3404,#2730,#2731);
#2325=AXIS2_PLACEMENT_3D('',#3405,#2732,#2733);
#2326=AXIS2_PLACEMENT_3D('',#3408,#2736,#2737);
#2327=AXIS2_PLACEMENT_3D('',#3410,#2739,#2740);
#2328=AXIS2_PLACEMENT_3D('',#3412,#2742,#2743);
#2329=AXIS2_PLACEMENT_3D('',#3413,#2744,#2745);
#2330=AXIS2_PLACEMENT_3D('',#3416,#2748,#2749);
#2331=AXIS2_PLACEMENT_3D('',#3418,#2751,#2752);
#2332=AXIS2_PLACEMENT_3D('',#3420,#2754,#2755);
#2333=AXIS2_PLACEMENT_3D('',#3421,#2756,#2757);
#2334=AXIS2_PLACEMENT_3D('',#3424,#2760,#2761);
#2335=AXIS2_PLACEMENT_3D('',#3426,#2763,#2764);
#2336=AXIS2_PLACEMENT_3D('',#3428,#2766,#2767);
#2337=AXIS2_PLACEMENT_3D('',#3429,#2768,#2769);
#2338=AXIS2_PLACEMENT_3D('',#3432,#2772,#2773);
#2339=AXIS2_PLACEMENT_3D('',#3434,#2775,#2776);
#2340=AXIS2_PLACEMENT_3D('',#3436,#2778,#2779);
#2341=AXIS2_PLACEMENT_3D('',#3437,#2780,#2781);
#2342=AXIS2_PLACEMENT_3D('',#3440,#2784,#2785);
#2343=AXIS2_PLACEMENT_3D('',#3442,#2787,#2788);
#2344=AXIS2_PLACEMENT_3D('',#3444,#2790,#2791);
#2345=AXIS2_PLACEMENT_3D('',#3445,#2792,#2793);
#2346=AXIS2_PLACEMENT_3D('',#3448,#2796,#2797);
#2347=AXIS2_PLACEMENT_3D('',#3450,#2799,#2800);
#2348=AXIS2_PLACEMENT_3D('',#3453,#2803,#2804);
#2349=AXIS2_PLACEMENT_3D('',#3455,#2806,#2807);
#2350=AXIS2_PLACEMENT_3D('',#3457,#2809,#2810);
#2351=AXIS2_PLACEMENT_3D('',#3460,#2813,#2814);
#2352=AXIS2_PLACEMENT_3D('',#3462,#2816,#2817);
#2353=AXIS2_PLACEMENT_3D('',#3464,#2819,#2820);
#2354=AXIS2_PLACEMENT_3D('',#3467,#2823,#2824);
#2355=AXIS2_PLACEMENT_3D('',#3469,#2826,#2827);
#2356=AXIS2_PLACEMENT_3D('',#3475,#2831,#2832);
#2357=AXIS2_PLACEMENT_3D('',#3481,#2836,#2837);
#2358=AXIS2_PLACEMENT_3D('',#3484,#2840,#2841);
#2359=AXIS2_PLACEMENT_3D('',#3485,#2842,#2843);
#2360=AXIS2_PLACEMENT_3D('',#3487,#2845,#2846);
#2361=AXIS2_PLACEMENT_3D('',#3488,#2847,#2848);
#2362=AXIS2_PLACEMENT_3D('',#3490,#2850,#2851);
#2363=AXIS2_PLACEMENT_3D('',#3491,#2852,#2853);
#2364=AXIS2_PLACEMENT_3D('',#3492,#2854,#2855);
#2365=AXIS2_PLACEMENT_3D('',#3493,#2856,#2857);
#2366=AXIS2_PLACEMENT_3D('',#3496,#2860,#2861);
#2367=AXIS2_PLACEMENT_3D('',#3498,#2863,#2864);
#2368=AXIS2_PLACEMENT_3D('',#3500,#2866,#2867);
#2369=AXIS2_PLACEMENT_3D('',#3501,#2868,#2869);
#2370=AXIS2_PLACEMENT_3D('',#3504,#2872,#2873);
#2371=AXIS2_PLACEMENT_3D('',#3506,#2875,#2876);
#2372=AXIS2_PLACEMENT_3D('',#3508,#2878,#2879);
#2373=AXIS2_PLACEMENT_3D('',#3509,#2880,#2881);
#2374=AXIS2_PLACEMENT_3D('',#3512,#2884,#2885);
#2375=AXIS2_PLACEMENT_3D('',#3514,#2887,#2888);
#2376=AXIS2_PLACEMENT_3D('',#3516,#2890,#2891);
#2377=AXIS2_PLACEMENT_3D('',#3517,#2892,#2893);
#2378=AXIS2_PLACEMENT_3D('',#3520,#2896,#2897);
#2379=AXIS2_PLACEMENT_3D('',#3522,#2899,#2900);
#2380=AXIS2_PLACEMENT_3D('',#3524,#2902,#2903);
#2381=AXIS2_PLACEMENT_3D('',#3525,#2904,#2905);
#2382=DIRECTION('axis',(0.,0.,1.));
#2383=DIRECTION('refdir',(1.,0.,0.));
#2384=DIRECTION('axis',(0.,0.,1.));
#2385=DIRECTION('refdir',(1.,0.,0.));
#2386=DIRECTION('center_axis',(1.,0.,0.));
#2387=DIRECTION('ref_axis',(0.,0.,-1.));
#2388=DIRECTION('',(2.55940759224876E-15,1.,1.4207566191575E-30));
#2389=DIRECTION('',(-8.32667268468867E-16,5.55111512312578E-17,1.));
#2390=DIRECTION('',(-2.56402546102807E-15,-1.,0.));
#2391=DIRECTION('',(8.32667268468867E-16,-1.84889274661174E-30,-1.));
#2392=DIRECTION('center_axis',(1.,-9.40813177952453E-47,0.));
#2393=DIRECTION('ref_axis',(-9.40813177952453E-47,-1.,0.));
#2394=DIRECTION('',(-9.40813177952453E-47,-1.,4.8625745647565E-17));
#2395=DIRECTION('',(0.,0.,-1.));
#2396=DIRECTION('',(9.40813177952453E-47,1.,5.22256226016789E-62));
#2397=DIRECTION('',(0.,0.,-1.));
#2398=DIRECTION('center_axis',(1.18359241758028E-46,-1.,0.));
#2399=DIRECTION('ref_axis',(-1.,-1.18359241758028E-46,-4.37352197248472E-32));
#2400=DIRECTION('',(-1.,-1.18359241758028E-46,-8.32667268468867E-16));
#2401=DIRECTION('',(1.,1.18359241758028E-46,5.55111512312578E-16));
#2402=DIRECTION('',(0.,0.,-1.));
#2403=DIRECTION('center_axis',(-1.,9.40813177952453E-47,0.));
#2404=DIRECTION('ref_axis',(9.40813177952453E-47,1.,0.));
#2405=DIRECTION('',(9.40813177952453E-47,1.,-4.8625745647565E-17));
#2406=DIRECTION('',(-9.40813177952453E-47,-1.,-5.22256226016789E-62));
#2407=DIRECTION('',(0.,0.,-1.));
#2408=DIRECTION('center_axis',(-1.18359241758028E-46,1.,0.));
#2409=DIRECTION('ref_axis',(1.,1.18359241758028E-46,4.37352197248472E-32));
#2410=DIRECTION('',(1.,1.18359241758028E-46,8.32667268468867E-16));
#2411=DIRECTION('',(-1.,-1.18359241758028E-46,-5.55111512312578E-16));
#2412=DIRECTION('center_axis',(-1.18359241758028E-46,1.,0.));
#2413=DIRECTION('ref_axis',(1.,1.18359241758028E-46,4.37352197248472E-32));
#2414=DIRECTION('',(1.,1.18359241758028E-46,8.32667268468867E-16));
#2415=DIRECTION('',(0.,0.,-1.));
#2416=DIRECTION('',(-1.,-1.18359241758028E-46,-5.55111512312578E-16));
#2417=DIRECTION('',(0.,0.,-1.));
#2418=DIRECTION('center_axis',(1.,-9.40813177952453E-47,0.));
#2419=DIRECTION('ref_axis',(-9.40813177952453E-47,-1.,0.));
#2420=DIRECTION('',(-9.40813177952453E-47,-1.,4.8625745647565E-17));
#2421=DIRECTION('',(9.40813177952453E-47,1.,5.22256226016789E-62));
#2422=DIRECTION('',(0.,0.,-1.));
#2423=DIRECTION('center_axis',(1.18359241758028E-46,-1.,0.));
#2424=DIRECTION('ref_axis',(-1.,-1.18359241758028E-46,-4.37352197248472E-32));
#2425=DIRECTION('',(-1.,-1.18359241758028E-46,-8.32667268468867E-16));
#2426=DIRECTION('',(1.,1.18359241758028E-46,5.55111512312578E-16));
#2427=DIRECTION('',(0.,0.,-1.));
#2428=DIRECTION('center_axis',(-1.,9.40813177952453E-47,0.));
#2429=DIRECTION('ref_axis',(9.40813177952453E-47,1.,0.));
#2430=DIRECTION('',(9.40813177952453E-47,1.,-4.8625745647565E-17));
#2431=DIRECTION('',(-9.40813177952453E-47,-1.,-5.22256226016789E-62));
#2432=DIRECTION('center_axis',(8.6159592734569E-48,1.,0.));
#2433=DIRECTION('ref_axis',(1.,-8.6159592734569E-48,0.));
#2434=DIRECTION('',(1.,-8.6159592734569E-48,8.32667268468867E-16));
#2435=DIRECTION('',(0.,0.,-1.));
#2436=DIRECTION('',(-1.,8.6159592734569E-48,-5.55111512312578E-16));
#2437=DIRECTION('',(0.,0.,-1.));
#2438=DIRECTION('center_axis',(1.,-8.6159592734569E-48,0.));
#2439=DIRECTION('ref_axis',(-8.6159592734569E-48,-1.,1.09250657832523E-47));
#2440=DIRECTION('',(-8.6159592734569E-48,-1.,4.8625745647565E-17));
#2441=DIRECTION('',(8.6159592734569E-48,1.,4.78281818231224E-63));
#2442=DIRECTION('',(0.,0.,-1.));
#2443=DIRECTION('center_axis',(-8.6159592734569E-48,-1.,0.));
#2444=DIRECTION('ref_axis',(-1.,8.6159592734569E-48,0.));
#2445=DIRECTION('',(-1.,8.6159592734569E-48,-8.32667268468867E-16));
#2446=DIRECTION('',(1.,-8.6159592734569E-48,5.55111512312578E-16));
#2447=DIRECTION('',(0.,0.,-1.));
#2448=DIRECTION('center_axis',(-1.,8.6159592734569E-48,0.));
#2449=DIRECTION('ref_axis',(8.6159592734569E-48,1.,-1.09250657832523E-47));
#2450=DIRECTION('',(8.6159592734569E-48,1.,-4.8625745647565E-17));
#2451=DIRECTION('',(-8.6159592734569E-48,-1.,-4.78281818231224E-63));
#2452=DIRECTION('center_axis',(1.,-1.72319185469138E-47,0.));
#2453=DIRECTION('ref_axis',(-1.72319185469138E-47,-1.,0.));
#2454=DIRECTION('',(-1.72319185469138E-47,-1.,4.8625745647565E-17));
#2455=DIRECTION('',(0.,0.,-1.));
#2456=DIRECTION('',(1.72319185469138E-47,1.,9.56563636462448E-63));
#2457=DIRECTION('',(0.,0.,-1.));
#2458=DIRECTION('center_axis',(-1.72319185469138E-47,-1.,0.));
#2459=DIRECTION('ref_axis',(-1.,1.72319185469138E-47,0.));
#2460=DIRECTION('',(-1.,1.72319185469138E-47,-8.32667268468867E-16));
#2461=DIRECTION('',(1.,-1.72319185469138E-47,5.55111512312578E-16));
#2462=DIRECTION('',(0.,0.,-1.));
#2463=DIRECTION('center_axis',(-1.,1.72319185469138E-47,0.));
#2464=DIRECTION('ref_axis',(1.72319185469138E-47,1.,0.));
#2465=DIRECTION('',(1.72319185469138E-47,1.,-4.8625745647565E-17));
#2466=DIRECTION('',(-1.72319185469138E-47,-1.,-9.56563636462448E-63));
#2467=DIRECTION('',(0.,0.,-1.));
#2468=DIRECTION('center_axis',(1.72319185469138E-47,1.,0.));
#2469=DIRECTION('ref_axis',(1.,-1.72319185469138E-47,0.));
#2470=DIRECTION('',(1.,-1.72319185469138E-47,8.32667268468867E-16));
#2471=DIRECTION('',(-1.,1.72319185469138E-47,-5.55111512312578E-16));
#2472=DIRECTION('center_axis',(0.,1.,-8.88563463867801E-16));
#2473=DIRECTION('ref_axis',(0.,8.88563463867801E-16,1.));
#2474=DIRECTION('',(0.,-8.88563463867801E-16,-1.));
#2475=DIRECTION('',(1.,0.,0.));
#2476=DIRECTION('',(-4.41469822238117E-16,-1.03620815631681E-15,-1.));
#2477=DIRECTION('',(-1.,0.,0.));
#2478=DIRECTION('center_axis',(1.,0.,0.));
#2479=DIRECTION('ref_axis',(0.,0.,-1.));
#2480=DIRECTION('',(0.,1.,0.));
#2481=DIRECTION('',(0.,0.,-1.));
#2482=DIRECTION('',(0.,1.,0.));
#2483=DIRECTION('center_axis',(0.,1.,0.));
#2484=DIRECTION('ref_axis',(0.,0.,1.));
#2485=DIRECTION('',(1.,0.,0.));
#2486=DIRECTION('',(-1.,0.,0.));
#2487=DIRECTION('',(-8.1809997577522E-16,0.,1.));
#2488=DIRECTION('center_axis',(-1.,0.,0.));
#2489=DIRECTION('ref_axis',(0.,0.,1.));
#2490=DIRECTION('',(-2.6179199224807E-15,-1.,-1.45323748728149E-30));
#2491=DIRECTION('',(-8.32667268468867E-16,1.84889274661174E-30,1.));
#2492=DIRECTION('',(2.47991302802571E-15,1.,-4.86257456475629E-17));
#2493=DIRECTION('',(0.,0.,-1.));
#2494=DIRECTION('',(0.,1.,-3.11199906886116E-16));
#2495=DIRECTION('',(0.,0.,1.));
#2496=DIRECTION('',(0.,1.,-4.8625745647565E-17));
#2497=DIRECTION('',(0.,1.,0.));
#2498=DIRECTION('',(0.,0.,-1.));
#2499=DIRECTION('',(0.,-1.,0.));
#2500=DIRECTION('',(0.,0.,1.));
#2501=DIRECTION('center_axis',(1.,0.,0.));
#2502=DIRECTION('ref_axis',(0.,0.,-1.));
#2503=DIRECTION('',(8.88178419700125E-16,1.,8.88178419700125E-16));
#2504=DIRECTION('',(0.,1.,-8.88178419700125E-16));
#2505=DIRECTION('',(-4.22942104619107E-16,8.45884209238214E-16,-1.));
#2506=DIRECTION('center_axis',(0.,-1.,0.));
#2507=DIRECTION('ref_axis',(0.,0.,-1.));
#2508=DIRECTION('',(1.,0.,5.55111512312578E-16));
#2509=DIRECTION('',(0.,0.,-1.));
#2510=DIRECTION('',(-1.,0.,-8.32667268468867E-16));
#2511=DIRECTION('',(0.,0.,1.));
#2512=DIRECTION('center_axis',(1.,0.,0.));
#2513=DIRECTION('ref_axis',(0.,0.,-1.));
#2514=DIRECTION('',(0.,-1.,0.));
#2515=DIRECTION('',(0.,0.,-1.));
#2516=DIRECTION('',(0.,1.,-4.8625745647565E-17));
#2517=DIRECTION('center_axis',(-8.32667268468867E-16,4.8625745647565E-17,
1.));
#2518=DIRECTION('ref_axis',(-1.,2.4980018054066E-15,-8.32667268468867E-16));
#2519=DIRECTION('',(1.,-7.84835239534429E-16,-4.41469822238116E-16));
#2520=DIRECTION('',(-1.,0.,0.));
#2521=DIRECTION('',(0.,1.,0.));
#2522=DIRECTION('',(-1.,0.,0.));
#2523=DIRECTION('',(-1.,2.35957233293074E-15,-8.2585031652576E-16));
#2524=DIRECTION('',(-1.,2.6179199224807E-15,-8.1809997577522E-16));
#2525=DIRECTION('',(0.,-1.,0.));
#2526=DIRECTION('',(-2.4980018054066E-15,-1.,5.55111512312557E-17));
#2527=DIRECTION('',(1.,-2.4980018054066E-15,8.32667268468867E-16));
#2528=DIRECTION('',(2.56402546102807E-15,1.,0.));
#2529=DIRECTION('',(1.,-2.4980018054066E-15,8.32667268468867E-16));
#2530=DIRECTION('',(1.,-2.4980018054066E-15,8.32667268468867E-16));
#2531=DIRECTION('',(2.56402546102807E-15,1.,0.));
#2532=DIRECTION('',(1.,-2.55940759224876E-15,8.22666726079958E-16));
#2533=DIRECTION('',(-2.4980018054066E-15,-1.,5.55111512312557E-17));
#2534=DIRECTION('',(-1.,2.6179199224807E-15,-8.1809997577522E-16));
#2535=DIRECTION('',(2.4980018054066E-15,1.,-5.55111512312557E-17));
#2536=DIRECTION('',(1.,-2.55940759224876E-15,8.22666726079958E-16));
#2537=DIRECTION('',(2.4980018054066E-15,1.,-5.55111512312557E-17));
#2538=DIRECTION('',(-1.,2.6179199224807E-15,-8.1809997577522E-16));
#2539=DIRECTION('',(2.4980018054066E-15,1.,-5.55111512312557E-17));
#2540=DIRECTION('',(-1.,2.6179199224807E-15,-8.1809997577522E-16));
#2541=DIRECTION('',(2.4980018054066E-15,1.,-5.55111512312557E-17));
#2542=DIRECTION('',(-1.,2.77555756156286E-17,-8.32667268468867E-16));
#2543=DIRECTION('',(2.77555756156289E-17,1.,-4.86257456475649E-17));
#2544=DIRECTION('',(1.,-2.77555756156286E-17,8.32667268468867E-16));
#2545=DIRECTION('',(8.88178419700125E-16,1.,8.88178419700125E-16));
#2546=DIRECTION('',(-1.,1.72319185469138E-47,-8.32667268468867E-16));
#2547=DIRECTION('',(1.72319185469138E-47,1.,-4.8625745647565E-17));
#2548=DIRECTION('',(1.,-1.72319185469138E-47,8.32667268468867E-16));
#2549=DIRECTION('',(-1.72319185469138E-47,-1.,4.8625745647565E-17));
#2550=DIRECTION('',(8.6159592734569E-48,1.,-4.8625745647565E-17));
#2551=DIRECTION('',(1.,-8.6159592734569E-48,8.32667268468867E-16));
#2552=DIRECTION('',(-8.6159592734569E-48,-1.,4.8625745647565E-17));
#2553=DIRECTION('',(-1.,8.6159592734569E-48,-8.32667268468867E-16));
#2554=DIRECTION('',(-1.,4.63091483183906E-31,-8.32667268468867E-16));
#2555=DIRECTION('',(-2.053292218816E-46,1.,-4.8625745647565E-17));
#2556=DIRECTION('',(1.,-4.63091483183906E-31,8.32667268468867E-16));
#2557=DIRECTION('',(2.053292218816E-46,-1.,4.8625745647565E-17));
#2558=DIRECTION('',(-2.053292218816E-46,1.,-4.8625745647565E-17));
#2559=DIRECTION('',(1.,-4.63091483183906E-31,8.32667268468867E-16));
#2560=DIRECTION('',(2.053292218816E-46,-1.,4.8625745647565E-17));
#2561=DIRECTION('',(-1.,4.63091483183906E-31,-8.32667268468867E-16));
#2562=DIRECTION('center_axis',(1.,0.,0.));
#2563=DIRECTION('ref_axis',(0.,0.,-1.));
#2564=DIRECTION('',(0.,0.,1.));
#2565=DIRECTION('',(0.,1.,0.));
#2566=DIRECTION('center_axis',(2.56402546102807E-15,1.,0.));
#2567=DIRECTION('ref_axis',(0.,0.,1.));
#2568=DIRECTION('',(-1.,2.56402546102807E-15,-5.55111512312578E-16));
#2569=DIRECTION('center_axis',(-5.55111512312578E-16,0.,1.));
#2570=DIRECTION('ref_axis',(1.,0.,5.55111512312578E-16));
#2571=DIRECTION('',(1.,-2.22044604925031E-15,5.55111512312578E-16));
#2572=DIRECTION('',(1.,0.,5.55111512312578E-16));
#2573=DIRECTION('',(0.,-1.,0.));
#2574=DIRECTION('',(1.,0.,0.));
#2575=DIRECTION('',(-1.,0.,-5.55111512312578E-16));
#2576=DIRECTION('',(-1.,2.77555756156289E-15,-5.55111512312578E-16));
#2577=DIRECTION('',(-2.4980018054066E-15,-1.,-1.38666955995881E-30));
#2578=DIRECTION('',(1.,-2.4980018054066E-15,5.55111512312578E-16));
#2579=DIRECTION('',(2.4980018054066E-15,1.,1.38666955995881E-30));
#2580=DIRECTION('',(-1.,2.4980018054066E-15,-5.55111512312578E-16));
#2581=DIRECTION('',(-2.4980018054066E-15,-1.,-1.38666955995881E-30));
#2582=DIRECTION('',(1.,-2.4980018054066E-15,5.55111512312578E-16));
#2583=DIRECTION('',(1.,-2.4980018054066E-15,5.55111512312578E-16));
#2584=DIRECTION('',(1.,-2.4980018054066E-15,5.55111512312578E-16));
#2585=DIRECTION('',(2.4980018054066E-15,1.,1.38666955995881E-30));
#2586=DIRECTION('',(-1.,2.4980018054066E-15,-5.55111512312578E-16));
#2587=DIRECTION('',(-1.,2.4980018054066E-15,-8.32667268468867E-16));
#2588=DIRECTION('',(-1.,2.77555756156289E-15,-5.55111512312578E-16));
#2589=DIRECTION('',(-2.4980018054066E-15,-1.,-1.38666955995881E-30));
#2590=DIRECTION('',(1.,-2.4980018054066E-15,5.55111512312578E-16));
#2591=DIRECTION('',(1.97372982155583E-15,1.,1.09564014614029E-30));
#2592=DIRECTION('',(1.,-2.77555756156289E-17,5.55111512312578E-16));
#2593=DIRECTION('',(-8.11789911786922E-16,-1.,-8.11789911786922E-16));
#2594=DIRECTION('',(-1.,2.77555756156289E-17,-5.55111512312578E-16));
#2595=DIRECTION('',(-2.77555756156289E-17,-1.,-1.54074395550979E-32));
#2596=DIRECTION('',(1.,-1.72319185469138E-47,5.55111512312578E-16));
#2597=DIRECTION('',(1.72319185469138E-47,1.,9.56563636462448E-63));
#2598=DIRECTION('',(-1.,1.72319185469138E-47,-5.55111512312578E-16));
#2599=DIRECTION('',(-1.72319185469138E-47,-1.,-9.56563636462448E-63));
#2600=DIRECTION('',(-8.6159592734569E-48,-1.,-4.78281818231224E-63));
#2601=DIRECTION('',(1.,-8.6159592734569E-48,5.55111512312578E-16));
#2602=DIRECTION('',(8.6159592734569E-48,1.,4.78281818231224E-63));
#2603=DIRECTION('',(-1.,8.6159592734569E-48,-5.55111512312578E-16));
#2604=DIRECTION('',(1.,-3.08727655455937E-31,5.55111512312578E-16));
#2605=DIRECTION('',(-2.053292218816E-46,1.,-1.1398061488066E-61));
#2606=DIRECTION('',(-1.,3.08727655455937E-31,-5.55111512312578E-16));
#2607=DIRECTION('',(2.053292218816E-46,-1.,1.1398061488066E-61));
#2608=DIRECTION('',(2.053292218816E-46,-1.,1.1398061488066E-61));
#2609=DIRECTION('',(1.,-3.08727655455937E-31,5.55111512312578E-16));
#2610=DIRECTION('',(-2.053292218816E-46,1.,-1.1398061488066E-61));
#2611=DIRECTION('',(-1.,3.08727655455937E-31,-5.55111512312578E-16));
#2612=DIRECTION('center_axis',(-1.,6.71776739385936E-16,4.47851159590624E-16));
#2613=DIRECTION('ref_axis',(4.47851159590624E-16,0.,1.));
#2614=DIRECTION('',(4.47851159590625E-16,1.03620815631681E-15,1.));
#2615=DIRECTION('',(4.47851159590625E-16,1.03620815631681E-15,1.));
#2616=DIRECTION('center_axis',(-8.11789911786922E-16,-1.,-8.11789911786922E-16));
#2617=DIRECTION('ref_axis',(0.,8.11789911786922E-16,-1.));
#2618=DIRECTION('center_axis',(-2.77555756156295E-17,-1.,1.03620815631681E-15));
#2619=DIRECTION('ref_axis',(1.,-2.7755575615629E-17,4.99600361081321E-16));
#2620=DIRECTION('',(5.9211894646675E-16,-1.03620815631681E-15,-1.));
#2621=DIRECTION('center_axis',(-1.,2.77555756156289E-17,-5.9211894646675E-16));
#2622=DIRECTION('ref_axis',(-2.77555756156295E-17,-1.,1.03389519168218E-15));
#2623=DIRECTION('',(-5.9211894646675E-16,1.03620815631681E-15,1.));
#2624=DIRECTION('center_axis',(2.77555756156295E-17,1.,-1.03620815631681E-15));
#2625=DIRECTION('ref_axis',(-1.,2.7755575615629E-17,-4.99600361081321E-16));
#2626=DIRECTION('center_axis',(0.,1.,0.));
#2627=DIRECTION('ref_axis',(-1.,0.,0.));
#2628=DIRECTION('',(0.,0.,1.));
#2629=DIRECTION('',(1.,0.,0.));
#2630=DIRECTION('center_axis',(0.,1.,0.));
#2631=DIRECTION('ref_axis',(-1.,0.,0.));
#2632=DIRECTION('',(0.,0.,1.));
#2633=DIRECTION('',(-1.,0.,0.));
#2634=DIRECTION('center_axis',(0.,-1.,0.));
#2635=DIRECTION('ref_axis',(1.,0.,0.));
#2636=DIRECTION('',(1.,1.97622663799945E-32,-1.10244472498904E-16));
#2637=DIRECTION('',(0.,0.,1.));
#2638=DIRECTION('center_axis',(1.10244472498904E-16,3.11199906886116E-16,
1.));
#2639=DIRECTION('ref_axis',(-1.,-1.97622663799945E-32,1.10244472498904E-16));
#2640=DIRECTION('',(5.40703359563623E-32,-1.,3.11199906886116E-16));
#2641=DIRECTION('',(-1.,7.40148683083435E-16,1.10244472498903E-16));
#2642=DIRECTION('',(-5.40703359563623E-32,1.,-3.11199906886116E-16));
#2643=DIRECTION('',(1.,-2.22044604925031E-15,-1.10244472498903E-16));
#2644=DIRECTION('',(5.40703359563623E-32,-1.,3.11199906886116E-16));
#2645=DIRECTION('',(-1.,2.96059473233374E-15,1.10244472498903E-16));
#2646=DIRECTION('',(-5.40703359563623E-32,1.,-3.11199906886116E-16));
#2647=DIRECTION('',(1.,-1.48029736616687E-15,-1.10244472498903E-16));
#2648=DIRECTION('',(5.40703359563623E-32,-1.,3.11199906886116E-16));
#2649=DIRECTION('',(-1.,2.96059473233374E-15,1.10244472498903E-16));
#2650=DIRECTION('',(-5.40703359563623E-32,1.,-3.11199906886116E-16));
#2651=DIRECTION('',(1.,-1.48029736616687E-15,-1.10244472498903E-16));
#2652=DIRECTION('',(5.40703359563623E-32,-1.,3.11199906886116E-16));
#2653=DIRECTION('',(-1.,2.22044604925031E-15,1.10244472498903E-16));
#2654=DIRECTION('',(-5.40703359563623E-32,1.,-3.11199906886116E-16));
#2655=DIRECTION('',(1.,-7.40148683083435E-16,-1.10244472498903E-16));
#2656=DIRECTION('',(5.40703359563623E-32,-1.,3.11199906886116E-16));
#2657=DIRECTION('',(-1.,1.48029736616687E-15,1.10244472498903E-16));
#2658=DIRECTION('',(-5.40703359563623E-32,1.,-3.11199906886116E-16));
#2659=DIRECTION('',(1.,-2.96059473233374E-15,-1.10244472498903E-16));
#2660=DIRECTION('',(5.40703359563623E-32,-1.,3.11199906886116E-16));
#2661=DIRECTION('',(-5.40703359563623E-32,1.,-3.11199906886116E-16));
#2662=DIRECTION('',(1.,1.97622663799945E-32,-1.10244472498904E-16));
#2663=DIRECTION('',(5.40703359563623E-32,-1.,3.11199906886116E-16));
#2664=DIRECTION('',(-1.,-1.97622663799945E-32,1.10244472498904E-16));
#2665=DIRECTION('',(-5.40703359563623E-32,1.,-3.11199906886116E-16));
#2666=DIRECTION('',(1.,1.97622663799945E-32,-1.10244472498904E-16));
#2667=DIRECTION('',(5.40703359563623E-32,-1.,3.11199906886116E-16));
#2668=DIRECTION('',(-1.,7.40148683083435E-16,1.10244472498903E-16));
#2669=DIRECTION('center_axis',(0.,-1.,0.));
#2670=DIRECTION('ref_axis',(1.,0.,0.));
#2671=DIRECTION('',(-1.,0.,0.));
#2672=DIRECTION('',(0.,0.,-1.));
#2673=DIRECTION('center_axis',(0.,0.,-1.));
#2674=DIRECTION('ref_axis',(-1.,0.,0.));
#2675=DIRECTION('',(0.,-1.,0.));
#2676=DIRECTION('',(1.,-7.40148683083435E-16,-1.10244472498903E-16));
#2677=DIRECTION('',(-5.40703359563623E-32,1.,-3.11199906886116E-16));
#2678=DIRECTION('',(-1.,2.22044604925031E-15,1.10244472498903E-16));
#2679=DIRECTION('',(5.40703359563623E-32,-1.,3.11199906886116E-16));
#2680=DIRECTION('',(1.,-2.96059473233374E-15,-1.10244472498903E-16));
#2681=DIRECTION('',(-5.40703359563623E-32,1.,-3.11199906886116E-16));
#2682=DIRECTION('',(-1.,1.48029736616687E-15,1.10244472498903E-16));
#2683=DIRECTION('',(5.40703359563623E-32,-1.,3.11199906886116E-16));
#2684=DIRECTION('',(1.,-2.96059473233374E-15,-1.10244472498903E-16));
#2685=DIRECTION('',(-5.40703359563623E-32,1.,-3.11199906886116E-16));
#2686=DIRECTION('',(-1.,1.48029736616687E-15,1.10244472498903E-16));
#2687=DIRECTION('',(5.40703359563623E-32,-1.,3.11199906886116E-16));
#2688=DIRECTION('',(1.,-2.22044604925031E-15,-1.10244472498903E-16));
#2689=DIRECTION('',(-5.40703359563623E-32,1.,-3.11199906886116E-16));
#2690=DIRECTION('',(-1.,7.40148683083435E-16,1.10244472498903E-16));
#2691=DIRECTION('',(5.40703359563623E-32,-1.,3.11199906886116E-16));
#2692=DIRECTION('',(1.,-1.48029736616687E-15,-1.10244472498903E-16));
#2693=DIRECTION('',(-5.40703359563623E-32,1.,-3.11199906886116E-16));
#2694=DIRECTION('',(-1.,2.96059473233374E-15,1.10244472498903E-16));
#2695=DIRECTION('',(5.40703359563623E-32,-1.,3.11199906886116E-16));
#2696=DIRECTION('',(5.40703359563623E-32,-1.,3.11199906886116E-16));
#2697=DIRECTION('',(1.,1.97622663799945E-32,-1.10244472498904E-16));
#2698=DIRECTION('',(-5.40703359563623E-32,1.,-3.11199906886116E-16));
#2699=DIRECTION('',(-1.,-1.97622663799945E-32,1.10244472498904E-16));
#2700=DIRECTION('',(5.40703359563623E-32,-1.,3.11199906886116E-16));
#2701=DIRECTION('',(1.,-7.40148683083435E-16,-1.10244472498903E-16));
#2702=DIRECTION('',(-5.40703359563623E-32,1.,-3.11199906886116E-16));
#2703=DIRECTION('',(-1.,-1.97622663799945E-32,1.10244472498904E-16));
#2704=DIRECTION('center_axis',(-1.,0.,0.));
#2705=DIRECTION('ref_axis',(0.,-1.,0.));
#2706=DIRECTION('center_axis',(1.,0.,0.));
#2707=DIRECTION('ref_axis',(0.,1.,0.));
#2708=DIRECTION('center_axis',(1.,5.40703359563623E-32,0.));
#2709=DIRECTION('ref_axis',(5.40703359563623E-32,-1.,3.11199906886116E-16));
#2710=DIRECTION('',(0.,0.,-1.));
#2711=DIRECTION('',(0.,0.,-1.));
#2712=DIRECTION('center_axis',(-2.22044604925031E-15,-1.,0.));
#2713=DIRECTION('ref_axis',(-1.,2.22044604925031E-15,1.10244472498903E-16));
#2714=DIRECTION('',(0.,0.,-1.));
#2715=DIRECTION('center_axis',(-1.,-5.40703359563623E-32,0.));
#2716=DIRECTION('ref_axis',(-5.40703359563623E-32,1.,-3.11199906886116E-16));
#2717=DIRECTION('',(0.,0.,-1.));
#2718=DIRECTION('center_axis',(7.40148683083435E-16,1.,0.));
#2719=DIRECTION('ref_axis',(1.,-7.40148683083435E-16,-1.10244472498903E-16));
#2720=DIRECTION('center_axis',(1.,5.40703359563623E-32,0.));
#2721=DIRECTION('ref_axis',(5.40703359563623E-32,-1.,3.11199906886116E-16));
#2722=DIRECTION('',(0.,0.,-1.));
#2723=DIRECTION('',(0.,0.,-1.));
#2724=DIRECTION('center_axis',(-1.48029736616687E-15,-1.,0.));
#2725=DIRECTION('ref_axis',(-1.,1.48029736616687E-15,1.10244472498903E-16));
#2726=DIRECTION('',(0.,0.,-1.));
#2727=DIRECTION('center_axis',(-1.,-5.40703359563623E-32,0.));
#2728=DIRECTION('ref_axis',(-5.40703359563623E-32,1.,-3.11199906886116E-16));
#2729=DIRECTION('',(0.,0.,-1.));
#2730=DIRECTION('center_axis',(2.96059473233374E-15,1.,0.));
#2731=DIRECTION('ref_axis',(1.,-2.96059473233374E-15,-1.10244472498903E-16));
#2732=DIRECTION('center_axis',(1.,5.40703359563623E-32,0.));
#2733=DIRECTION('ref_axis',(5.40703359563623E-32,-1.,3.11199906886116E-16));
#2734=DIRECTION('',(0.,0.,-1.));
#2735=DIRECTION('',(0.,0.,-1.));
#2736=DIRECTION('center_axis',(-1.48029736616687E-15,-1.,0.));
#2737=DIRECTION('ref_axis',(-1.,1.48029736616687E-15,1.10244472498903E-16));
#2738=DIRECTION('',(0.,0.,-1.));
#2739=DIRECTION('center_axis',(-1.,-5.40703359563623E-32,0.));
#2740=DIRECTION('ref_axis',(-5.40703359563623E-32,1.,-3.11199906886116E-16));
#2741=DIRECTION('',(0.,0.,-1.));
#2742=DIRECTION('center_axis',(2.96059473233374E-15,1.,0.));
#2743=DIRECTION('ref_axis',(1.,-2.96059473233374E-15,-1.10244472498903E-16));
#2744=DIRECTION('center_axis',(1.,5.40703359563623E-32,0.));
#2745=DIRECTION('ref_axis',(5.40703359563623E-32,-1.,3.11199906886116E-16));
#2746=DIRECTION('',(0.,0.,-1.));
#2747=DIRECTION('',(0.,0.,-1.));
#2748=DIRECTION('center_axis',(-7.40148683083435E-16,-1.,0.));
#2749=DIRECTION('ref_axis',(-1.,7.40148683083435E-16,1.10244472498903E-16));
#2750=DIRECTION('',(0.,0.,-1.));
#2751=DIRECTION('center_axis',(-1.,-5.40703359563623E-32,0.));
#2752=DIRECTION('ref_axis',(-5.40703359563623E-32,1.,-3.11199906886116E-16));
#2753=DIRECTION('',(0.,0.,-1.));
#2754=DIRECTION('center_axis',(2.22044604925031E-15,1.,0.));
#2755=DIRECTION('ref_axis',(1.,-2.22044604925031E-15,-1.10244472498903E-16));
#2756=DIRECTION('center_axis',(1.,5.40703359563623E-32,0.));
#2757=DIRECTION('ref_axis',(5.40703359563623E-32,-1.,3.11199906886116E-16));
#2758=DIRECTION('',(0.,0.,-1.));
#2759=DIRECTION('',(0.,0.,-1.));
#2760=DIRECTION('center_axis',(-2.96059473233374E-15,-1.,0.));
#2761=DIRECTION('ref_axis',(-1.,2.96059473233374E-15,1.10244472498903E-16));
#2762=DIRECTION('',(0.,0.,-1.));
#2763=DIRECTION('center_axis',(-1.,-5.40703359563623E-32,0.));
#2764=DIRECTION('ref_axis',(-5.40703359563623E-32,1.,-3.11199906886116E-16));
#2765=DIRECTION('',(0.,0.,-1.));
#2766=DIRECTION('center_axis',(1.48029736616687E-15,1.,0.));
#2767=DIRECTION('ref_axis',(1.,-1.48029736616687E-15,-1.10244472498903E-16));
#2768=DIRECTION('center_axis',(1.97622663799945E-32,-1.,0.));
#2769=DIRECTION('ref_axis',(-1.,-1.97622663799945E-32,1.10244472498904E-16));
#2770=DIRECTION('',(0.,0.,-1.));
#2771=DIRECTION('',(0.,0.,-1.));
#2772=DIRECTION('center_axis',(-1.,-5.40703359563623E-32,0.));
#2773=DIRECTION('ref_axis',(-5.40703359563623E-32,1.,-3.11199906886116E-16));
#2774=DIRECTION('',(0.,0.,-1.));
#2775=DIRECTION('center_axis',(-1.97622663799945E-32,1.,0.));
#2776=DIRECTION('ref_axis',(1.,1.97622663799945E-32,-1.10244472498904E-16));
#2777=DIRECTION('',(0.,0.,-1.));
#2778=DIRECTION('center_axis',(1.,5.40703359563623E-32,0.));
#2779=DIRECTION('ref_axis',(5.40703359563623E-32,-1.,3.11199906886116E-16));
#2780=DIRECTION('center_axis',(1.97622663799945E-32,-1.,0.));
#2781=DIRECTION('ref_axis',(-1.,-1.97622663799945E-32,1.10244472498904E-16));
#2782=DIRECTION('',(0.,0.,-1.));
#2783=DIRECTION('',(0.,0.,-1.));
#2784=DIRECTION('center_axis',(-1.,-5.40703359563623E-32,0.));
#2785=DIRECTION('ref_axis',(-5.40703359563623E-32,1.,-3.11199906886116E-16));
#2786=DIRECTION('',(0.,0.,-1.));
#2787=DIRECTION('center_axis',(7.40148683083435E-16,1.,0.));
#2788=DIRECTION('ref_axis',(1.,-7.40148683083435E-16,-1.10244472498903E-16));
#2789=DIRECTION('',(0.,0.,-1.));
#2790=DIRECTION('center_axis',(1.,5.40703359563623E-32,0.));
#2791=DIRECTION('ref_axis',(5.40703359563623E-32,-1.,3.11199906886116E-16));
#2792=DIRECTION('center_axis',(1.,-2.4980018054066E-15,8.32667268468867E-16));
#2793=DIRECTION('ref_axis',(8.32667268468867E-16,-5.55111512312578E-17,
-1.));
#2794=DIRECTION('',(-8.32667268468867E-16,2.31111593326468E-30,1.));
#2795=DIRECTION('',(8.32667268468867E-16,-5.55111512312578E-17,-1.));
#2796=DIRECTION('center_axis',(2.77555756156289E-15,1.,0.));
#2797=DIRECTION('ref_axis',(0.,0.,1.));
#2798=DIRECTION('',(9.86864910777917E-16,-2.73910036535073E-30,-1.));
#2799=DIRECTION('center_axis',(2.4980018054066E-15,1.,-5.55111512312557E-17));
#2800=DIRECTION('ref_axis',(-8.32667268468867E-16,5.55111512312578E-17,
1.));
#2801=DIRECTION('',(8.32667268468867E-16,-5.55111512312578E-17,-1.));
#2802=DIRECTION('',(9.86864910777917E-16,-5.55111512312581E-17,-1.));
#2803=DIRECTION('center_axis',(1.,-2.4980018054066E-15,8.32667268468867E-16));
#2804=DIRECTION('ref_axis',(8.32667268468867E-16,-5.55111512312578E-17,
-1.));
#2805=DIRECTION('',(8.32667268468867E-16,-5.55111512312578E-17,-1.));
#2806=DIRECTION('center_axis',(2.4980018054066E-15,1.,-5.55111512312557E-17));
#2807=DIRECTION('ref_axis',(8.32667268468867E-16,-5.55111512312578E-17,
-1.));
#2808=DIRECTION('',(-9.86864910777917E-16,5.55111512312581E-17,1.));
#2809=DIRECTION('center_axis',(1.,-2.4980018054066E-15,8.32667268468867E-16));
#2810=DIRECTION('ref_axis',(8.32667268468867E-16,-5.55111512312578E-17,
-1.));
#2811=DIRECTION('',(-8.32667268468867E-16,2.31111593326468E-30,1.));
#2812=DIRECTION('',(-8.32667268468867E-16,5.55111512312578E-17,1.));
#2813=DIRECTION('center_axis',(2.77555756156289E-15,1.,0.));
#2814=DIRECTION('ref_axis',(0.,0.,1.));
#2815=DIRECTION('',(-8.32667268468867E-16,2.31111593326468E-30,1.));
#2816=DIRECTION('center_axis',(-1.,2.4980018054066E-15,-8.32667268468867E-16));
#2817=DIRECTION('ref_axis',(-8.32667268468867E-16,5.55111512312578E-17,
1.));
#2818=DIRECTION('',(8.32667268468867E-16,-5.55111512312578E-17,-1.));
#2819=DIRECTION('center_axis',(-1.,2.4980018054066E-15,-8.32667268468867E-16));
#2820=DIRECTION('ref_axis',(-8.32667268468867E-16,5.55111512312578E-17,
1.));
#2821=DIRECTION('',(8.32667268468867E-16,-5.55111512312578E-17,-1.));
#2822=DIRECTION('',(-8.32667268468867E-16,5.55111512312578E-17,1.));
#2823=DIRECTION('center_axis',(2.4980018054066E-15,1.,-5.55111512312557E-17));
#2824=DIRECTION('ref_axis',(8.32667268468867E-16,-5.55111512312578E-17,
-1.));
#2825=DIRECTION('',(8.32667268468867E-16,-5.55111512312578E-17,-1.));
#2826=DIRECTION('center_axis',(3.94745964311167E-15,1.,-5.55111512312545E-17));
#2827=DIRECTION('ref_axis',(-8.32667268468867E-16,5.55111512312578E-17,
1.));
#2828=DIRECTION('',(-8.32667268468867E-16,5.55111512312578E-17,1.));
#2829=DIRECTION('',(1.,-3.94745964311167E-15,9.86864910777917E-16));
#2830=DIRECTION('',(-8.32667268468867E-16,5.55111512312578E-17,1.));
#2831=DIRECTION('center_axis',(-3.94745964311167E-15,-1.,5.55111512312545E-17));
#2832=DIRECTION('ref_axis',(8.32667268468867E-16,-5.55111512312578E-17,
-1.));
#2833=DIRECTION('',(8.32667268468867E-16,-5.55111512312578E-17,-1.));
#2834=DIRECTION('',(1.,-3.94745964311167E-15,9.86864910777917E-16));
#2835=DIRECTION('',(-9.86864910777917E-16,5.55111512312581E-17,1.));
#2836=DIRECTION('center_axis',(9.86864910777917E-16,-5.55111512312581E-17,
-1.));
#2837=DIRECTION('ref_axis',(2.4980018054066E-15,1.,-5.55111512312557E-17));
#2838=DIRECTION('',(2.4980018054066E-15,1.,-5.55111512312557E-17));
#2839=DIRECTION('',(2.4980018054066E-15,1.,-5.55111512312557E-17));
#2840=DIRECTION('center_axis',(1.,-3.94745964311167E-15,9.86864910777917E-16));
#2841=DIRECTION('ref_axis',(9.86864910777917E-16,0.,-1.));
#2842=DIRECTION('center_axis',(1.,-2.4980018054066E-15,8.32667268468867E-16));
#2843=DIRECTION('ref_axis',(8.32667268468867E-16,-5.55111512312578E-17,
-1.));
#2844=DIRECTION('',(-8.32667268468867E-16,5.55111512312578E-17,1.));
#2845=DIRECTION('center_axis',(2.4980018054066E-15,1.,-5.55111512312557E-17));
#2846=DIRECTION('ref_axis',(-8.32667268468867E-16,5.55111512312578E-17,
1.));
#2847=DIRECTION('center_axis',(1.,-1.97372982155583E-15,9.86864910777917E-16));
#2848=DIRECTION('ref_axis',(9.86864910777917E-16,0.,-1.));
#2849=DIRECTION('',(9.86864910777917E-16,-5.55111512312581E-17,-1.));
#2850=DIRECTION('center_axis',(2.4980018054066E-15,1.,-5.55111512312557E-17));
#2851=DIRECTION('ref_axis',(-8.32667268468867E-16,5.55111512312578E-17,
1.));
#2852=DIRECTION('center_axis',(2.22044604925031E-15,1.,0.));
#2853=DIRECTION('ref_axis',(0.,0.,1.));
#2854=DIRECTION('center_axis',(2.4980018054066E-15,1.,-5.55111512312557E-17));
#2855=DIRECTION('ref_axis',(-8.32667268468867E-16,5.55111512312578E-17,
1.));
#2856=DIRECTION('center_axis',(1.,-1.72319185469138E-47,0.));
#2857=DIRECTION('ref_axis',(-1.72319185469138E-47,-1.,0.));
#2858=DIRECTION('',(0.,0.,-1.));
#2859=DIRECTION('',(0.,0.,-1.));
#2860=DIRECTION('center_axis',(-1.72319185469138E-47,-1.,0.));
#2861=DIRECTION('ref_axis',(-1.,1.72319185469138E-47,0.));
#2862=DIRECTION('',(0.,0.,-1.));
#2863=DIRECTION('center_axis',(-1.,1.72319185469138E-47,0.));
#2864=DIRECTION('ref_axis',(1.72319185469138E-47,1.,0.));
#2865=DIRECTION('',(0.,0.,-1.));
#2866=DIRECTION('center_axis',(1.72319185469138E-47,1.,0.));
#2867=DIRECTION('ref_axis',(1.,-1.72319185469138E-47,0.));
#2868=DIRECTION('center_axis',(-8.6159592734569E-48,-1.,0.));
#2869=DIRECTION('ref_axis',(-1.,8.6159592734569E-48,0.));
#2870=DIRECTION('',(0.,0.,-1.));
#2871=DIRECTION('',(0.,0.,-1.));
#2872=DIRECTION('center_axis',(-1.,8.6159592734569E-48,0.));
#2873=DIRECTION('ref_axis',(8.6159592734569E-48,1.,-1.09250657832523E-47));
#2874=DIRECTION('',(0.,0.,-1.));
#2875=DIRECTION('center_axis',(8.6159592734569E-48,1.,0.));
#2876=DIRECTION('ref_axis',(1.,-8.6159592734569E-48,0.));
#2877=DIRECTION('',(0.,0.,-1.));
#2878=DIRECTION('center_axis',(1.,-8.6159592734569E-48,0.));
#2879=DIRECTION('ref_axis',(-8.6159592734569E-48,-1.,1.09250657832523E-47));
#2880=DIRECTION('center_axis',(1.,2.053292218816E-46,1.14194729999409E-61));
#2881=DIRECTION('ref_axis',(2.053292218816E-46,-1.,-5.81092839169883E-16));
#2882=DIRECTION('',(0.,5.56154301628131E-16,-1.));
#2883=DIRECTION('',(0.,5.56154301628131E-16,-1.));
#2884=DIRECTION('center_axis',(1.96194072370535E-46,-1.,-5.56154301628131E-16));
#2885=DIRECTION('ref_axis',(-1.,7.52888805124259E-48,-3.66306544470451E-31));
#2886=DIRECTION('',(0.,5.56154301628131E-16,-1.));
#2887=DIRECTION('center_axis',(-1.,-2.053292218816E-46,-1.14194729999409E-61));
#2888=DIRECTION('ref_axis',(-2.053292218816E-46,1.,5.81092839169883E-16));
#2889=DIRECTION('',(0.,5.56154301628131E-16,-1.));
#2890=DIRECTION('center_axis',(-1.96194072370535E-46,1.,5.56154301628131E-16));
#2891=DIRECTION('ref_axis',(1.,-7.52888805124259E-48,3.66306544470451E-31));
#2892=DIRECTION('center_axis',(1.96194072370535E-46,-1.,-5.56154301628131E-16));
#2893=DIRECTION('ref_axis',(-1.,7.52888805124259E-48,-3.66306544470451E-31));
#2894=DIRECTION('',(0.,5.56154301628131E-16,-1.));
#2895=DIRECTION('',(0.,5.56154301628131E-16,-1.));
#2896=DIRECTION('center_axis',(-1.,-2.053292218816E-46,-1.14194729999409E-61));
#2897=DIRECTION('ref_axis',(-2.053292218816E-46,1.,5.81092839169883E-16));
#2898=DIRECTION('',(0.,5.56154301628131E-16,-1.));
#2899=DIRECTION('center_axis',(-1.96194072370535E-46,1.,5.56154301628131E-16));
#2900=DIRECTION('ref_axis',(1.,-7.52888805124259E-48,3.66306544470451E-31));
#2901=DIRECTION('',(0.,5.56154301628131E-16,-1.));
#2902=DIRECTION('center_axis',(1.,2.053292218816E-46,1.14194729999409E-61));
#2903=DIRECTION('ref_axis',(2.053292218816E-46,-1.,-5.81092839169883E-16));
#2904=DIRECTION('',(0.,0.,1.));
#2905=DIRECTION('',(1.,0.,0.));
#2906=CARTESIAN_POINT('',(0.,0.,0.));
#2907=CARTESIAN_POINT('',(0.,0.,0.));
#2908=CARTESIAN_POINT('Origin',(127.928328650816,-162.514850393752,19.5000000000001));
#2909=CARTESIAN_POINT('',(127.928328650816,-205.178850393752,21.5000000000001));
#2910=CARTESIAN_POINT('',(127.928328650816,-144.158850393752,21.5000000000001));
#2911=CARTESIAN_POINT('',(127.928328650816,-162.514850393752,21.5000000000001));
#2912=CARTESIAN_POINT('',(127.928328650816,-144.158850393752,23.5000000000001));
#2913=CARTESIAN_POINT('',(127.928328650816,-144.158850393752,23.5000000000001));
#2914=CARTESIAN_POINT('',(127.928328650816,-205.178850393752,23.5000000000001));
#2915=CARTESIAN_POINT('',(127.928328650816,-158.014850393752,23.5000000000001));
#2916=CARTESIAN_POINT('',(127.928328650816,-205.178850393752,18.5000000000001));
#2917=CARTESIAN_POINT('Origin',(-19.9212120461022,64.7469725427666,29.94));
#2918=CARTESIAN_POINT('',(-19.9212120461022,64.7469725427666,23.5));
#2919=CARTESIAN_POINT('',(-19.9212120461022,31.2469725427666,23.5));
#2920=CARTESIAN_POINT('',(-19.9212120461022,-48.8839389254928,23.5));
#2921=CARTESIAN_POINT('',(-19.9212120461022,64.7469725427666,21.5));
#2922=CARTESIAN_POINT('',(-19.9212120461022,64.7469725427666,29.94));
#2923=CARTESIAN_POINT('',(-19.9212120461022,31.2469725427666,21.5));
#2924=CARTESIAN_POINT('',(-19.9212120461022,-48.8839389254928,21.5));
#2925=CARTESIAN_POINT('',(-19.9212120461022,31.2469725427666,29.94));
#2926=CARTESIAN_POINT('Origin',(-19.9212120461022,31.2469725427666,29.94));
#2927=CARTESIAN_POINT('',(-46.5212120461022,31.2469725427666,23.5));
#2928=CARTESIAN_POINT('',(4.42005830235677,31.2469725427666,23.5));
#2929=CARTESIAN_POINT('',(-46.5212120461022,31.2469725427666,21.5));
#2930=CARTESIAN_POINT('',(-1.57994169764323,31.2469725427666,21.5));
#2931=CARTESIAN_POINT('',(-46.5212120461022,31.2469725427666,29.94));
#2932=CARTESIAN_POINT('Origin',(-46.5212120461022,31.2469725427666,29.94));
#2933=CARTESIAN_POINT('',(-46.5212120461022,64.7469725427666,23.5));
#2934=CARTESIAN_POINT('',(-46.5212120461022,-65.6339389254928,23.5));
#2935=CARTESIAN_POINT('',(-46.5212120461022,64.7469725427666,21.5));
#2936=CARTESIAN_POINT('',(-46.5212120461022,-65.6339389254928,21.5));
#2937=CARTESIAN_POINT('',(-46.5212120461022,64.7469725427666,29.94));
#2938=CARTESIAN_POINT('Origin',(-46.5212120461022,64.7469725427666,29.94));
#2939=CARTESIAN_POINT('',(-8.87994169764323,64.7469725427666,23.5));
#2940=CARTESIAN_POINT('',(-14.8799416976432,64.7469725427666,21.5));
#2941=CARTESIAN_POINT('Origin',(-6.62121204610217,64.7469725427666,29.94));
#2942=CARTESIAN_POINT('',(-6.62121204610217,64.7469725427666,23.5));
#2943=CARTESIAN_POINT('',(19.9787879538978,64.7469725427666,23.5));
#2944=CARTESIAN_POINT('',(11.0700583023568,64.7469725427666,23.5));
#2945=CARTESIAN_POINT('',(-6.62121204610217,64.7469725427666,21.5));
#2946=CARTESIAN_POINT('',(-6.62121204610217,64.7469725427666,29.94));
#2947=CARTESIAN_POINT('',(19.9787879538978,64.7469725427666,21.5));
#2948=CARTESIAN_POINT('',(5.07005830235678,64.7469725427666,21.5));
#2949=CARTESIAN_POINT('',(19.9787879538978,64.7469725427666,29.94));
#2950=CARTESIAN_POINT('Origin',(19.9787879538978,64.7469725427666,29.94));
#2951=CARTESIAN_POINT('',(19.9787879538978,31.2469725427666,23.5));
#2952=CARTESIAN_POINT('',(19.9787879538978,-48.8839389254928,23.5));
#2953=CARTESIAN_POINT('',(19.9787879538978,31.2469725427666,21.5));
#2954=CARTESIAN_POINT('',(19.9787879538978,-48.8839389254928,21.5));
#2955=CARTESIAN_POINT('',(19.9787879538978,31.2469725427666,29.94));
#2956=CARTESIAN_POINT('Origin',(19.9787879538978,31.2469725427666,29.94));
#2957=CARTESIAN_POINT('',(-6.62121204610217,31.2469725427666,23.5));
#2958=CARTESIAN_POINT('',(24.3700583023568,31.2469725427666,23.5));
#2959=CARTESIAN_POINT('',(-6.62121204610217,31.2469725427666,21.5));
#2960=CARTESIAN_POINT('',(18.3700583023568,31.2469725427666,21.5));
#2961=CARTESIAN_POINT('',(-6.62121204610217,31.2469725427666,29.94));
#2962=CARTESIAN_POINT('Origin',(-6.62121204610217,31.2469725427666,29.94));
#2963=CARTESIAN_POINT('',(-6.62121204610216,-65.6339389254928,23.5));
#2964=CARTESIAN_POINT('',(-6.62121204610217,-65.6339389254928,21.5));
#2965=CARTESIAN_POINT('Origin',(87.3287879538979,64.7469725427666,29.94));
#2966=CARTESIAN_POINT('',(87.3287879538979,64.7469725427666,23.5000000000001));
#2967=CARTESIAN_POINT('',(113.928787953898,64.7469725427666,23.5000000000001));
#2968=CARTESIAN_POINT('',(58.0450583023568,64.7469725427666,23.5000000000001));
#2969=CARTESIAN_POINT('',(87.3287879538979,64.7469725427666,21.5000000000001));
#2970=CARTESIAN_POINT('',(87.3287879538979,64.7469725427666,29.94));
#2971=CARTESIAN_POINT('',(113.928787953898,64.7469725427666,21.5000000000001));
#2972=CARTESIAN_POINT('',(52.0450583023568,64.7469725427666,21.5));
#2973=CARTESIAN_POINT('',(113.928787953898,64.7469725427666,29.94));
#2974=CARTESIAN_POINT('Origin',(113.928787953898,64.7469725427666,29.94));
#2975=CARTESIAN_POINT('',(113.928787953898,31.2469725427666,23.5000000000001));
#2976=CARTESIAN_POINT('',(113.928787953898,-48.8839389254928,23.5000000000001));
#2977=CARTESIAN_POINT('',(113.928787953898,31.2469725427666,21.5000000000001));
#2978=CARTESIAN_POINT('',(113.928787953898,-48.8839389254928,21.5000000000001));
#2979=CARTESIAN_POINT('',(113.928787953898,31.2469725427666,29.94));
#2980=CARTESIAN_POINT('Origin',(113.928787953898,31.2469725427666,29.94));
#2981=CARTESIAN_POINT('',(87.3287879538979,31.2469725427666,23.5000000000001));
#2982=CARTESIAN_POINT('',(71.3450583023568,31.2469725427666,23.5000000000001));
#2983=CARTESIAN_POINT('',(87.3287879538979,31.2469725427666,21.5000000000001));
#2984=CARTESIAN_POINT('',(65.3450583023568,31.2469725427666,21.5000000000001));
#2985=CARTESIAN_POINT('',(87.3287879538979,31.2469725427666,29.94));
#2986=CARTESIAN_POINT('Origin',(87.3287879538979,31.2469725427666,29.94));
#2987=CARTESIAN_POINT('',(87.3287879538979,-65.6339389254928,23.5000000000001));
#2988=CARTESIAN_POINT('',(87.3287879538979,-65.6339389254928,21.5000000000001));
#2989=CARTESIAN_POINT('Origin',(74.0287879538978,108.246972542767,29.94));
#2990=CARTESIAN_POINT('',(74.0287879538978,108.246972542767,23.5000000000001));
#2991=CARTESIAN_POINT('',(74.0287879538978,74.7469725427666,23.5000000000001));
#2992=CARTESIAN_POINT('',(74.0287879538978,-27.1339389254928,23.5000000000001));
#2993=CARTESIAN_POINT('',(74.0287879538978,108.246972542767,21.5000000000001));
#2994=CARTESIAN_POINT('',(74.0287879538978,108.246972542767,29.94));
#2995=CARTESIAN_POINT('',(74.0287879538978,74.7469725427666,21.5000000000001));
#2996=CARTESIAN_POINT('',(74.0287879538978,-27.1339389254928,21.5000000000001));
#2997=CARTESIAN_POINT('',(74.0287879538978,74.7469725427666,29.94));
#2998=CARTESIAN_POINT('Origin',(74.0287879538978,74.7469725427666,29.94));
#2999=CARTESIAN_POINT('',(47.4287879538979,74.7469725427666,23.5000000000001));
#3000=CARTESIAN_POINT('',(51.3950583023568,74.7469725427666,23.5000000000001));
#3001=CARTESIAN_POINT('',(47.4287879538979,74.7469725427666,21.5));
#3002=CARTESIAN_POINT('',(45.3950583023568,74.7469725427666,21.5));
#3003=CARTESIAN_POINT('',(47.4287879538979,74.7469725427666,29.94));
#3004=CARTESIAN_POINT('Origin',(47.4287879538979,74.7469725427666,29.94));
#3005=CARTESIAN_POINT('',(47.4287879538979,108.246972542767,23.5));
#3006=CARTESIAN_POINT('',(47.4287879538979,-43.8839389254928,23.5000000000001));
#3007=CARTESIAN_POINT('',(47.4287879538979,108.246972542767,21.5));
#3008=CARTESIAN_POINT('',(47.4287879538979,-43.8839389254928,21.5));
#3009=CARTESIAN_POINT('',(47.4287879538979,108.246972542767,29.94));
#3010=CARTESIAN_POINT('Origin',(47.4287879538979,108.246972542767,29.94));
#3011=CARTESIAN_POINT('',(38.0950583023568,108.246972542767,23.5));
#3012=CARTESIAN_POINT('',(32.0950583023568,108.246972542767,21.5));
#3013=CARTESIAN_POINT('Origin',(125.92862690747,110.247189117219,21.5));
#3014=CARTESIAN_POINT('',(125.928756666106,110.247189117219,23.4999999999999));
#3015=CARTESIAN_POINT('',(125.928756666106,110.247189117219,21.4999999999999));
#3016=CARTESIAN_POINT('',(125.928756666106,110.247189117219,20.7499999999999));
#3017=CARTESIAN_POINT('',(127.92862690747,110.247189117219,23.5));
#3018=CARTESIAN_POINT('',(125.92862690747,110.247189117219,23.5));
#3019=CARTESIAN_POINT('',(127.92862690747,110.247189117219,21.5));
#3020=CARTESIAN_POINT('',(127.92862690747,110.247189117219,17.4999999999999));
#3021=CARTESIAN_POINT('',(125.92862690747,110.247189117219,21.5));
#3022=CARTESIAN_POINT('Origin',(125.928756666106,-94.6583529695985,20.));
#3023=CARTESIAN_POINT('',(125.928756666106,110.247647030402,21.5));
#3024=CARTESIAN_POINT('',(125.928756666106,-120.408352969599,21.5));
#3025=CARTESIAN_POINT('',(125.928756666106,110.247647030402,23.5));
#3026=CARTESIAN_POINT('',(125.928756666106,110.247647030401,20.));
#3027=CARTESIAN_POINT('',(125.928756666106,20.2866470304015,23.5));
#3028=CARTESIAN_POINT('Origin',(-8.07124333389391,110.247647030402,40.));
#3029=CARTESIAN_POINT('',(-60.521671349184,110.247647030402,23.5));
#3030=CARTESIAN_POINT('',(-58.521671349184,110.247647030402,23.5));
#3031=CARTESIAN_POINT('',(-60.521671349184,110.247647030401,21.5));
#3032=CARTESIAN_POINT('',(-8.07124333389391,110.247647030402,21.5));
#3033=CARTESIAN_POINT('',(-60.521671349184,110.247647030402,25.75));
#3034=CARTESIAN_POINT('Origin',(-60.5216713491842,-148.014850393752,11.5));
#3035=CARTESIAN_POINT('',(-60.5216713491842,-119.384443326268,21.5));
#3036=CARTESIAN_POINT('',(-60.5216713491844,-205.178850393752,21.5));
#3037=CARTESIAN_POINT('',(-60.5216713491843,-155.264850393752,21.5));
#3038=CARTESIAN_POINT('',(-60.5216713491844,-205.178850393752,23.5));
#3039=CARTESIAN_POINT('',(-60.5216713491844,-205.178850393752,20.5));
#3040=CARTESIAN_POINT('',(-60.5216713491842,-117.384443326252,23.5));
#3041=CARTESIAN_POINT('',(-60.5216713491843,-162.514850393752,23.5));
#3042=CARTESIAN_POINT('',(-60.5216713491842,-117.384443326252,15.4310274521925));
#3043=CARTESIAN_POINT('',(-60.5216713491842,-117.384443326268,18.4655137260962));
#3044=CARTESIAN_POINT('',(-60.5216713491842,-48.884443326268,15.4310274521925));
#3045=CARTESIAN_POINT('',(-60.5216713491842,-100.25944332626,15.4310274521925));
#3046=CARTESIAN_POINT('',(-60.5216713491842,-48.884443326268,23.5));
#3047=CARTESIAN_POINT('',(-60.5216713491842,-48.884443326268,15.4310274521925));
#3048=CARTESIAN_POINT('',(-60.5216713491842,-104.69964686001,23.5));
#3049=CARTESIAN_POINT('',(-60.5216713491842,-46.884443326268,21.5));
#3050=CARTESIAN_POINT('',(-60.521671349184,20.2866470304015,21.5));
#3051=CARTESIAN_POINT('',(-60.5216713491842,-46.8844433262519,13.4310274521925));
#3052=CARTESIAN_POINT('',(-60.5216713491842,-46.884443326268,15.4310274521925));
#3053=CARTESIAN_POINT('',(-60.5216713491842,-119.384443326268,13.4310274521925));
#3054=CARTESIAN_POINT('',(-60.5216713491842,-100.25944332626,13.4310274521925));
#3055=CARTESIAN_POINT('',(-60.5216713491842,-119.384443326268,18.4655137260962));
#3056=CARTESIAN_POINT('Origin',(127.92862690747,-23.2763757041639,13.));
#3057=CARTESIAN_POINT('',(127.92862690747,-45.1583529695639,21.5));
#3058=CARTESIAN_POINT('',(127.92862690747,-3.27637570416389,21.5));
#3059=CARTESIAN_POINT('',(127.92862690747,-45.1583529695639,23.5));
#3060=CARTESIAN_POINT('',(127.92862690747,15.286189117219,23.5000000000001));
#3061=CARTESIAN_POINT('',(127.92862690747,-45.1583529695639,13.));
#3062=CARTESIAN_POINT('Origin',(-8.07124333389391,-144.158352969599,40.));
#3063=CARTESIAN_POINT('',(-8.07124333389391,-144.158352969599,21.5));
#3064=CARTESIAN_POINT('',(10.4787566661061,-144.158352969599,21.5));
#3065=CARTESIAN_POINT('',(4.34504265846091,-144.158352969599,21.5));
#3066=CARTESIAN_POINT('',(-8.07124333389391,-144.158352969599,23.5));
#3067=CARTESIAN_POINT('',(-8.07124333389391,-144.158352969599,20.));
#3068=CARTESIAN_POINT('',(10.4787566661061,-144.158352969599,23.5));
#3069=CARTESIAN_POINT('',(10.3450426584609,-144.158352969599,23.5));
#3070=CARTESIAN_POINT('',(10.4787566661061,-144.158352969599,30.));
#3071=CARTESIAN_POINT('Origin',(-8.07124333389391,-94.6583529695985,20.));
#3072=CARTESIAN_POINT('',(-8.07124333389391,-45.1583529695985,21.5));
#3073=CARTESIAN_POINT('',(-8.07124333389391,-128.586601681675,21.5));
#3074=CARTESIAN_POINT('',(-8.07124333389391,-45.1583529695985,23.5));
#3075=CARTESIAN_POINT('',(-8.07124333389391,-45.1583529695985,20.));
#3076=CARTESIAN_POINT('',(-8.07124333389391,-128.586601681675,23.5));
#3077=CARTESIAN_POINT('Origin',(28.7613286508157,-162.514850393752,23.5));
#3078=CARTESIAN_POINT('',(35.3946269074701,-45.1583529695638,23.5));
#3079=CARTESIAN_POINT('',(-25.1355357157664,-48.884443326268,23.5));
#3080=CARTESIAN_POINT('',(-58.5216713491842,-48.884443326268,23.5));
#3081=CARTESIAN_POINT('',(-25.1355357157664,-117.384443326268,23.5));
#3082=CARTESIAN_POINT('',(-25.1355357157664,-47.884443326268,23.5));
#3083=CARTESIAN_POINT('',(-58.5216713491842,-117.384443326252,23.5));
#3084=CARTESIAN_POINT('',(16.7613286508156,-205.178850393752,23.5));
#3085=CARTESIAN_POINT('',(10.4787566661061,-144.158850393752,23.5));
#3086=CARTESIAN_POINT('',(-4.23867134918426,-144.158850393752,23.5));
#3087=CARTESIAN_POINT('',(10.4787566661061,-120.408352969599,23.5));
#3088=CARTESIAN_POINT('',(16.7613286508157,-148.014850393752,23.5));
#3089=CARTESIAN_POINT('',(16.7613286508157,-152.514850393752,23.5));
#3090=CARTESIAN_POINT('',(16.7613286508157,-152.514850393752,23.5));
#3091=CARTESIAN_POINT('',(28.7613286508157,-148.014850393752,23.5));
#3092=CARTESIAN_POINT('',(-4.23867134918427,-148.014850393752,23.5));
#3093=CARTESIAN_POINT('',(28.7613286508157,-152.514850393752,23.5));
#3094=CARTESIAN_POINT('',(28.7613286508157,-158.014850393752,23.5));
#3095=CARTESIAN_POINT('',(-4.23867134918428,-152.514850393752,23.5));
#3096=CARTESIAN_POINT('',(16.7613286508157,-158.014850393752,23.5));
#3097=CARTESIAN_POINT('',(28.7613286508157,-158.014850393752,23.5));
#3098=CARTESIAN_POINT('',(-4.23867134918429,-158.014850393752,23.5));
#3099=CARTESIAN_POINT('',(28.7613286508157,-162.514850393752,23.5));
#3100=CARTESIAN_POINT('',(28.7613286508157,-158.014850393752,23.5));
#3101=CARTESIAN_POINT('',(16.7613286508157,-162.514850393752,23.5));
#3102=CARTESIAN_POINT('',(28.7613286508157,-162.514850393752,23.5));
#3103=CARTESIAN_POINT('',(16.7613286508157,-162.514850393752,23.5));
#3104=CARTESIAN_POINT('',(7.76132865081571,-158.014850393752,23.5));
#3105=CARTESIAN_POINT('',(-4.23867134918429,-158.014850393752,23.5));
#3106=CARTESIAN_POINT('',(-4.23867134918429,-158.014850393752,23.5));
#3107=CARTESIAN_POINT('',(7.7613286508157,-162.514850393752,23.5));
#3108=CARTESIAN_POINT('',(7.7613286508157,-162.514850393752,23.5));
#3109=CARTESIAN_POINT('',(-4.2386713491843,-162.514850393752,23.5));
#3110=CARTESIAN_POINT('',(28.7613286508157,-162.514850393752,23.5));
#3111=CARTESIAN_POINT('',(-4.2386713491843,-162.514850393752,23.5));
#3112=CARTESIAN_POINT('',(7.76132865081574,-148.014850393752,23.5));
#3113=CARTESIAN_POINT('',(-4.23867134918427,-148.014850393752,23.5));
#3114=CARTESIAN_POINT('',(-4.23867134918427,-148.014850393752,23.5));
#3115=CARTESIAN_POINT('',(7.76132865081573,-152.514850393752,23.5));
#3116=CARTESIAN_POINT('',(7.76132865081573,-152.514850393752,23.5));
#3117=CARTESIAN_POINT('',(-4.23867134918428,-152.514850393752,23.5));
#3118=CARTESIAN_POINT('',(-4.23867134918428,-152.514850393752,23.5));
#3119=CARTESIAN_POINT('',(-4.23867134918428,-152.514850393752,23.5));
#3120=CARTESIAN_POINT('',(10.4786269074701,-41.7138108827809,23.5));
#3121=CARTESIAN_POINT('',(-53.5212120461022,-41.7138108827809,23.5));
#3122=CARTESIAN_POINT('',(-12.3799416976432,-41.7138108827809,23.5));
#3123=CARTESIAN_POINT('',(-53.5212120461022,15.2861891172191,23.5));
#3124=CARTESIAN_POINT('',(-53.5212120461022,-73.6143306382666,23.5));
#3125=CARTESIAN_POINT('',(10.4786269074702,15.2861891172191,23.5000000000001));
#3126=CARTESIAN_POINT('',(19.6200583023568,15.2861891172191,23.5));
#3127=CARTESIAN_POINT('',(10.4786269074702,-3.27637570416382,23.5000000000001));
#3128=CARTESIAN_POINT('',(113.928787953898,74.7469725427666,23.5000000000001));
#3129=CARTESIAN_POINT('',(87.3287879538979,74.7469725427666,23.5000000000001));
#3130=CARTESIAN_POINT('',(71.3450583023568,74.7469725427666,23.5000000000001));
#3131=CARTESIAN_POINT('',(87.3287879538979,108.246972542767,23.5000000000001));
#3132=CARTESIAN_POINT('',(87.3287879538979,-43.8839389254928,23.5000000000001));
#3133=CARTESIAN_POINT('',(113.928787953898,108.246972542767,23.5000000000001));
#3134=CARTESIAN_POINT('',(58.0450583023568,108.246972542767,23.5000000000001));
#3135=CARTESIAN_POINT('',(113.928787953898,-27.1339389254928,23.5000000000001));
#3136=CARTESIAN_POINT('',(47.4287879538979,31.2469725427666,23.5000000000001));
#3137=CARTESIAN_POINT('',(47.4287879538979,64.7469725427666,23.5000000000001));
#3138=CARTESIAN_POINT('',(47.4287879538979,-65.6339389254928,23.5000000000001));
#3139=CARTESIAN_POINT('',(74.0287879538978,64.7469725427666,23.5000000000001));
#3140=CARTESIAN_POINT('',(38.0950583023568,64.7469725427666,23.5));
#3141=CARTESIAN_POINT('',(74.0287879538978,31.2469725427666,23.5000000000001));
#3142=CARTESIAN_POINT('',(74.0287879538978,-48.8839389254928,23.5000000000001));
#3143=CARTESIAN_POINT('',(51.3950583023568,31.2469725427666,23.5000000000001));
#3144=CARTESIAN_POINT('',(19.9787879538978,74.7469725427666,23.5));
#3145=CARTESIAN_POINT('',(-6.62121204610216,74.7469725427666,23.5));
#3146=CARTESIAN_POINT('',(24.3700583023568,74.7469725427666,23.5));
#3147=CARTESIAN_POINT('',(-6.62121204610216,108.246972542767,23.5));
#3148=CARTESIAN_POINT('',(-6.62121204610216,-43.8839389254928,23.5));
#3149=CARTESIAN_POINT('',(19.9787879538978,108.246972542767,23.5));
#3150=CARTESIAN_POINT('',(11.0700583023568,108.246972542767,23.5));
#3151=CARTESIAN_POINT('',(19.9787879538978,-27.1339389254928,23.5));
#3152=CARTESIAN_POINT('',(-46.5212120461022,74.7469725427666,23.5));
#3153=CARTESIAN_POINT('',(-46.5212120461022,108.246972542767,23.5));
#3154=CARTESIAN_POINT('',(-46.5212120461022,-43.8839389254928,23.5));
#3155=CARTESIAN_POINT('',(-19.9212120461022,108.246972542767,23.5));
#3156=CARTESIAN_POINT('',(-8.87994169764323,108.246972542767,23.5));
#3157=CARTESIAN_POINT('',(-19.9212120461022,74.7469725427666,23.5));
#3158=CARTESIAN_POINT('',(-19.9212120461022,-27.1339389254928,23.5));
#3159=CARTESIAN_POINT('',(4.42005830235678,74.7469725427666,23.5));
#3160=CARTESIAN_POINT('Origin',(10.4787566661061,-94.6583529695985,20.));
#3161=CARTESIAN_POINT('',(10.4787566661061,-144.158850393752,21.5));
#3162=CARTESIAN_POINT('',(10.4787566661061,-144.158850393752,15.75));
#3163=CARTESIAN_POINT('',(10.4787566661061,-120.408352969599,21.5));
#3164=CARTESIAN_POINT('Origin',(28.7613286508158,-144.158850393752,11.5));
#3165=CARTESIAN_POINT('',(22.7613286508158,-144.158850393752,21.5));
#3166=CARTESIAN_POINT('Origin',(16.7613286508157,-162.514850393752,21.5));
#3167=CARTESIAN_POINT('',(19.7613286508156,-205.178850393752,21.5));
#3168=CARTESIAN_POINT('',(-23.1355357157664,-119.384443326268,21.5));
#3169=CARTESIAN_POINT('',(-20.8801035324754,-119.384443326268,21.5));
#3170=CARTESIAN_POINT('',(-23.1355357157664,-46.884443326268,21.5));
#3171=CARTESIAN_POINT('',(-23.1355357157664,-82.2713981479333,21.5));
#3172=CARTESIAN_POINT('',(-23.1353895248302,-46.884443326268,21.5));
#3173=CARTESIAN_POINT('',(4.3450426584609,-45.1583529695985,21.5));
#3174=CARTESIAN_POINT('',(7.76132865081573,-152.514850393752,21.5));
#3175=CARTESIAN_POINT('',(-4.23867134918427,-152.514850393752,21.5));
#3176=CARTESIAN_POINT('',(9.26132865081574,-152.514850393752,21.5));
#3177=CARTESIAN_POINT('',(7.76132865081574,-148.014850393752,21.5));
#3178=CARTESIAN_POINT('',(7.76132865081571,-157.514850393752,21.5));
#3179=CARTESIAN_POINT('',(-4.23867134918426,-148.014850393752,21.5));
#3180=CARTESIAN_POINT('',(9.26132865081575,-148.014850393752,21.5));
#3181=CARTESIAN_POINT('',(-4.23867134918428,-157.514850393752,21.5));
#3182=CARTESIAN_POINT('',(28.7613286508157,-162.514850393752,21.5000000000001));
#3183=CARTESIAN_POINT('',(16.7613286508157,-162.514850393752,21.5));
#3184=CARTESIAN_POINT('',(19.7613286508157,-162.514850393752,21.5));
#3185=CARTESIAN_POINT('',(28.7613286508157,-158.014850393752,21.5000000000001));
#3186=CARTESIAN_POINT('',(28.7613286508157,-162.514850393752,21.5));
#3187=CARTESIAN_POINT('',(16.7613286508157,-158.014850393752,21.5));
#3188=CARTESIAN_POINT('',(9.26132865081572,-158.014850393752,21.5));
#3189=CARTESIAN_POINT('',(7.76132865081572,-158.014850393752,21.5));
#3190=CARTESIAN_POINT('',(4.76132865081572,-158.014850393752,21.5));
#3191=CARTESIAN_POINT('',(-4.23867134918428,-158.014850393752,21.5));
#3192=CARTESIAN_POINT('',(9.26132865081572,-158.014850393752,21.5));
#3193=CARTESIAN_POINT('',(-4.23867134918429,-162.514850393752,21.5));
#3194=CARTESIAN_POINT('',(-4.23867134918429,-162.514850393752,21.5));
#3195=CARTESIAN_POINT('',(7.76132865081571,-162.514850393752,21.5));
#3196=CARTESIAN_POINT('',(19.7613286508157,-162.514850393752,21.5));
#3197=CARTESIAN_POINT('',(22.7613286508157,-162.514850393752,21.5));
#3198=CARTESIAN_POINT('',(28.7613286508157,-152.514850393752,21.5000000000001));
#3199=CARTESIAN_POINT('',(16.7613286508157,-152.514850393752,21.5));
#3200=CARTESIAN_POINT('',(9.26132865081574,-152.514850393752,21.5));
#3201=CARTESIAN_POINT('',(28.7613286508157,-148.014850393752,21.5000000000001));
#3202=CARTESIAN_POINT('',(28.7613286508157,-162.514850393752,21.5));
#3203=CARTESIAN_POINT('',(16.7613286508157,-148.014850393752,21.5));
#3204=CARTESIAN_POINT('',(9.26132865081575,-148.014850393752,21.5));
#3205=CARTESIAN_POINT('',(16.7613286508157,-157.514850393752,21.5));
#3206=CARTESIAN_POINT('',(-53.5212120461022,-41.7138108827809,21.5));
#3207=CARTESIAN_POINT('',(10.4786269074701,-41.7138108827809,21.5));
#3208=CARTESIAN_POINT('',(-18.3799416976432,-41.7138108827809,21.5));
#3209=CARTESIAN_POINT('',(10.4786269074702,15.2861891172191,21.5000000000001));
#3210=CARTESIAN_POINT('',(10.4786269074702,-23.2763757041638,21.5000000000001));
#3211=CARTESIAN_POINT('',(-53.5212120461022,15.2861891172191,21.5));
#3212=CARTESIAN_POINT('',(13.6200583023568,15.2861891172191,21.5));
#3213=CARTESIAN_POINT('',(-53.5212120461022,-73.6143306382666,21.5));
#3214=CARTESIAN_POINT('',(87.3287879538979,74.7469725427666,21.5000000000001));
#3215=CARTESIAN_POINT('',(113.928787953898,74.7469725427666,21.5000000000001));
#3216=CARTESIAN_POINT('',(65.3450583023568,74.7469725427666,21.5000000000001));
#3217=CARTESIAN_POINT('',(113.928787953898,108.246972542767,21.5000000000001));
#3218=CARTESIAN_POINT('',(113.928787953898,-27.1339389254928,21.5000000000001));
#3219=CARTESIAN_POINT('',(87.3287879538979,108.246972542767,21.5000000000001));
#3220=CARTESIAN_POINT('',(52.0450583023568,108.246972542767,21.5));
#3221=CARTESIAN_POINT('',(87.3287879538979,-43.8839389254928,21.5000000000001));
#3222=CARTESIAN_POINT('',(47.4287879538979,64.7469725427666,21.5));
#3223=CARTESIAN_POINT('',(47.4287879538979,31.2469725427666,21.5));
#3224=CARTESIAN_POINT('',(47.4287879538979,-65.6339389254928,21.5));
#3225=CARTESIAN_POINT('',(74.0287879538978,31.2469725427666,21.5000000000001));
#3226=CARTESIAN_POINT('',(45.3950583023568,31.2469725427666,21.5));
#3227=CARTESIAN_POINT('',(74.0287879538978,64.7469725427666,21.5000000000001));
#3228=CARTESIAN_POINT('',(74.0287879538978,-48.8839389254928,21.5000000000001));
#3229=CARTESIAN_POINT('',(32.0950583023568,64.7469725427666,21.5));
#3230=CARTESIAN_POINT('',(-6.62121204610216,74.7469725427666,21.5));
#3231=CARTESIAN_POINT('',(19.9787879538978,74.7469725427666,21.5));
#3232=CARTESIAN_POINT('',(18.3700583023568,74.7469725427666,21.5));
#3233=CARTESIAN_POINT('',(19.9787879538978,108.246972542767,21.5));
#3234=CARTESIAN_POINT('',(19.9787879538978,-27.1339389254928,21.5));
#3235=CARTESIAN_POINT('',(-6.62121204610216,108.246972542767,21.5));
#3236=CARTESIAN_POINT('',(5.07005830235678,108.246972542767,21.5));
#3237=CARTESIAN_POINT('',(-6.62121204610216,-43.8839389254928,21.5));
#3238=CARTESIAN_POINT('',(-46.5212120461022,108.246972542767,21.5));
#3239=CARTESIAN_POINT('',(-46.5212120461022,74.7469725427666,21.5));
#3240=CARTESIAN_POINT('',(-46.5212120461022,-43.8839389254928,21.5));
#3241=CARTESIAN_POINT('',(-19.9212120461022,74.7469725427666,21.5));
#3242=CARTESIAN_POINT('',(-1.57994169764322,74.7469725427666,21.5));
#3243=CARTESIAN_POINT('',(-19.9212120461022,108.246972542767,21.5));
#3244=CARTESIAN_POINT('',(-19.9212120461022,-27.1339389254928,21.5));
#3245=CARTESIAN_POINT('',(-14.8799416976432,108.246972542767,21.5));
#3246=CARTESIAN_POINT('Origin',(10.4786269074702,-3.27637570416381,13.0000000000001));
#3247=CARTESIAN_POINT('',(10.4786269074701,-41.7138108827809,17.2500000000001));
#3248=CARTESIAN_POINT('',(10.4786269074702,15.2861891172191,17.5));
#3249=CARTESIAN_POINT('Origin',(20.3946269074701,-45.1583529695638,13.));
#3250=CARTESIAN_POINT('Origin',(-53.5212120461022,-41.7138108827809,22.));
#3251=CARTESIAN_POINT('',(-53.5212120461022,-41.7138108827809,22.));
#3252=CARTESIAN_POINT('Origin',(-53.5212120461022,15.2861891172191,21.9999999999999));
#3253=CARTESIAN_POINT('',(-53.5212120461022,15.2861891172191,21.9999999999999));
#3254=CARTESIAN_POINT('Origin',(10.4787879538978,15.2861891172191,22.));
#3255=CARTESIAN_POINT('Origin',(-25.1355357157664,-117.384443326268,15.4310274521925));
#3256=CARTESIAN_POINT('',(-25.1355357157664,-117.384443326268,15.4310274521925));
#3257=CARTESIAN_POINT('',(-25.1355357157664,-117.384443326268,15.4310274521925));
#3258=CARTESIAN_POINT('',(-34.1355357157664,-117.384443326268,15.4310274521925));
#3259=CARTESIAN_POINT('Origin',(-23.1355357157664,-46.884443326268,15.4310274521925));
#3260=CARTESIAN_POINT('',(-23.1355357157664,-46.884443326268,13.4310274521925));
#3261=CARTESIAN_POINT('',(-23.1355357157664,-46.884443326268,15.4310274521925));
#3262=CARTESIAN_POINT('',(-58.5215357157666,-46.884443326268,13.4310274521925));
#3263=CARTESIAN_POINT('Origin',(-58.5215357157666,-48.884443326268,15.4310274521925));
#3264=CARTESIAN_POINT('',(-25.1355357157664,-48.884443326268,15.4310274521925));
#3265=CARTESIAN_POINT('',(-50.1355357157666,-48.884443326268,15.4310274521925));
#3266=CARTESIAN_POINT('',(-25.1355357157664,-48.884443326268,15.4310274521925));
#3267=CARTESIAN_POINT('Origin',(-42.1355357157665,-83.134443326268,15.4310274521925));
#3268=CARTESIAN_POINT('',(-25.1355357157664,-48.884443326268,15.4310274521925));
#3269=CARTESIAN_POINT('',(-36.1355357157665,-75.384443326268,15.4310274521925));
#3270=CARTESIAN_POINT('',(-48.1355357157665,-75.384443326268,15.4310274521925));
#3271=CARTESIAN_POINT('',(-48.1355357157665,-75.384443326268,15.4310274521925));
#3272=CARTESIAN_POINT('',(-48.1355357157665,-70.884443326268,15.4310274521925));
#3273=CARTESIAN_POINT('',(-48.1355357157666,-115.384443326268,15.4310274521925));
#3274=CARTESIAN_POINT('',(-36.1355357157665,-70.884443326268,15.4310274521925));
#3275=CARTESIAN_POINT('',(-48.1355357157665,-70.884443326268,15.4310274521925));
#3276=CARTESIAN_POINT('',(-36.1355357157664,-50.884443326268,15.4310274521925));
#3277=CARTESIAN_POINT('',(-36.1355357157665,-105.384443326268,15.4310274521925));
#3278=CARTESIAN_POINT('',(-48.1355357157665,-105.384443326268,15.4310274521925));
#3279=CARTESIAN_POINT('',(-48.1355357157665,-105.384443326268,15.4310274521925));
#3280=CARTESIAN_POINT('',(-48.1355357157665,-100.884443326268,15.4310274521925));
#3281=CARTESIAN_POINT('',(-48.1355357157666,-115.384443326268,15.4310274521925));
#3282=CARTESIAN_POINT('',(-36.1355357157665,-100.884443326268,15.4310274521925));
#3283=CARTESIAN_POINT('',(-48.1355357157665,-100.884443326268,15.4310274521925));
#3284=CARTESIAN_POINT('',(-36.1355357157664,-50.884443326268,15.4310274521925));
#3285=CARTESIAN_POINT('',(-36.1355357157665,-85.384443326268,15.4310274521925));
#3286=CARTESIAN_POINT('',(-48.1355357157665,-85.384443326268,15.4310274521925));
#3287=CARTESIAN_POINT('',(-48.1355357157665,-85.384443326268,15.4310274521925));
#3288=CARTESIAN_POINT('',(-48.1355357157665,-80.884443326268,15.4310274521925));
#3289=CARTESIAN_POINT('',(-48.1355357157666,-115.384443326268,15.4310274521925));
#3290=CARTESIAN_POINT('',(-36.1355357157665,-80.884443326268,15.4310274521925));
#3291=CARTESIAN_POINT('',(-48.1355357157665,-80.884443326268,15.4310274521925));
#3292=CARTESIAN_POINT('',(-36.1355357157664,-50.884443326268,15.4310274521925));
#3293=CARTESIAN_POINT('',(-36.1355357157665,-65.384443326268,15.4310274521925));
#3294=CARTESIAN_POINT('',(-48.1355357157665,-65.384443326268,15.4310274521925));
#3295=CARTESIAN_POINT('',(-48.1355357157665,-65.384443326268,15.4310274521925));
#3296=CARTESIAN_POINT('',(-48.1355357157666,-60.884443326268,15.4310274521925));
#3297=CARTESIAN_POINT('',(-48.1355357157666,-115.384443326268,15.4310274521925));
#3298=CARTESIAN_POINT('',(-36.1355357157665,-60.884443326268,15.4310274521925));
#3299=CARTESIAN_POINT('',(-48.1355357157666,-60.884443326268,15.4310274521925));
#3300=CARTESIAN_POINT('',(-36.1355357157664,-50.884443326268,15.4310274521925));
#3301=CARTESIAN_POINT('',(-36.1355357157665,-95.384443326268,15.4310274521925));
#3302=CARTESIAN_POINT('',(-48.1355357157665,-95.384443326268,15.4310274521925));
#3303=CARTESIAN_POINT('',(-48.1355357157665,-95.384443326268,15.4310274521925));
#3304=CARTESIAN_POINT('',(-48.1355357157665,-90.884443326268,15.4310274521925));
#3305=CARTESIAN_POINT('',(-48.1355357157666,-115.384443326268,15.4310274521925));
#3306=CARTESIAN_POINT('',(-36.1355357157665,-90.884443326268,15.4310274521925));
#3307=CARTESIAN_POINT('',(-48.1355357157665,-90.884443326268,15.4310274521925));
#3308=CARTESIAN_POINT('',(-36.1355357157664,-50.884443326268,15.4310274521925));
#3309=CARTESIAN_POINT('',(-48.1355357157666,-115.384443326268,15.4310274521925));
#3310=CARTESIAN_POINT('',(-48.1355357157665,-110.884443326268,15.4310274521925));
#3311=CARTESIAN_POINT('',(-48.1355357157666,-115.384443326268,15.4310274521925));
#3312=CARTESIAN_POINT('',(-36.1355357157664,-110.884443326268,15.4310274521925));
#3313=CARTESIAN_POINT('',(-48.1355357157665,-110.884443326268,15.4310274521925));
#3314=CARTESIAN_POINT('',(-36.1355357157664,-115.384443326268,15.4310274521925));
#3315=CARTESIAN_POINT('',(-36.1355357157664,-50.884443326268,15.4310274521925));
#3316=CARTESIAN_POINT('',(-36.1355357157664,-115.384443326268,15.4310274521925));
#3317=CARTESIAN_POINT('',(-48.1355357157665,-55.384443326268,15.4310274521925));
#3318=CARTESIAN_POINT('',(-48.1355357157666,-50.884443326268,15.4310274521925));
#3319=CARTESIAN_POINT('',(-48.1355357157666,-115.384443326268,15.4310274521925));
#3320=CARTESIAN_POINT('',(-36.1355357157664,-50.884443326268,15.4310274521925));
#3321=CARTESIAN_POINT('',(-48.1355357157666,-50.884443326268,15.4310274521925));
#3322=CARTESIAN_POINT('',(-36.1355357157665,-55.384443326268,15.4310274521925));
#3323=CARTESIAN_POINT('',(-36.1355357157664,-50.884443326268,15.4310274521925));
#3324=CARTESIAN_POINT('',(-48.1355357157665,-55.384443326268,15.4310274521925));
#3325=CARTESIAN_POINT('Origin',(-58.5215357157666,-119.384443326268,15.4310274521925));
#3326=CARTESIAN_POINT('',(-23.1355357157664,-119.384443326268,13.4310274521925));
#3327=CARTESIAN_POINT('',(-58.5216713491842,-119.384443326268,13.4310274521925));
#3328=CARTESIAN_POINT('',(-23.1355357157664,-119.384443326268,15.4310274521925));
#3329=CARTESIAN_POINT('Origin',(-42.1355357157665,-83.134443326268,13.4310274521925));
#3330=CARTESIAN_POINT('',(-23.1355357157664,-119.384443326268,13.4310274521925));
#3331=CARTESIAN_POINT('',(-48.1355357157665,-75.384443326268,13.4310274521925));
#3332=CARTESIAN_POINT('',(-36.1355357157665,-75.384443326268,13.4310274521925));
#3333=CARTESIAN_POINT('',(-48.1355357157665,-75.384443326268,13.4310274521925));
#3334=CARTESIAN_POINT('',(-36.1355357157665,-70.884443326268,13.4310274521925));
#3335=CARTESIAN_POINT('',(-36.1355357157664,-50.884443326268,13.4310274521925));
#3336=CARTESIAN_POINT('',(-48.1355357157665,-70.884443326268,13.4310274521925));
#3337=CARTESIAN_POINT('',(-48.1355357157665,-70.884443326268,13.4310274521925));
#3338=CARTESIAN_POINT('',(-48.1355357157666,-115.384443326268,13.4310274521925));
#3339=CARTESIAN_POINT('',(-48.1355357157665,-105.384443326268,13.4310274521925));
#3340=CARTESIAN_POINT('',(-36.1355357157665,-105.384443326268,13.4310274521925));
#3341=CARTESIAN_POINT('',(-48.1355357157665,-105.384443326268,13.4310274521925));
#3342=CARTESIAN_POINT('',(-36.1355357157665,-100.884443326268,13.4310274521925));
#3343=CARTESIAN_POINT('',(-36.1355357157664,-50.884443326268,13.4310274521925));
#3344=CARTESIAN_POINT('',(-48.1355357157665,-100.884443326268,13.4310274521925));
#3345=CARTESIAN_POINT('',(-48.1355357157665,-100.884443326268,13.4310274521925));
#3346=CARTESIAN_POINT('',(-48.1355357157666,-115.384443326268,13.4310274521925));
#3347=CARTESIAN_POINT('',(-48.1355357157665,-85.384443326268,13.4310274521925));
#3348=CARTESIAN_POINT('',(-36.1355357157665,-85.384443326268,13.4310274521925));
#3349=CARTESIAN_POINT('',(-48.1355357157665,-85.384443326268,13.4310274521925));
#3350=CARTESIAN_POINT('',(-36.1355357157665,-80.884443326268,13.4310274521925));
#3351=CARTESIAN_POINT('',(-36.1355357157664,-50.884443326268,13.4310274521925));
#3352=CARTESIAN_POINT('',(-48.1355357157665,-80.884443326268,13.4310274521925));
#3353=CARTESIAN_POINT('',(-48.1355357157665,-80.884443326268,13.4310274521925));
#3354=CARTESIAN_POINT('',(-48.1355357157666,-115.384443326268,13.4310274521925));
#3355=CARTESIAN_POINT('',(-48.1355357157665,-65.384443326268,13.4310274521925));
#3356=CARTESIAN_POINT('',(-36.1355357157665,-65.384443326268,13.4310274521925));
#3357=CARTESIAN_POINT('',(-48.1355357157665,-65.384443326268,13.4310274521925));
#3358=CARTESIAN_POINT('',(-36.1355357157665,-60.884443326268,13.4310274521925));
#3359=CARTESIAN_POINT('',(-36.1355357157664,-50.884443326268,13.4310274521925));
#3360=CARTESIAN_POINT('',(-48.1355357157666,-60.884443326268,13.4310274521925));
#3361=CARTESIAN_POINT('',(-48.1355357157666,-60.884443326268,13.4310274521925));
#3362=CARTESIAN_POINT('',(-48.1355357157666,-115.384443326268,13.4310274521925));
#3363=CARTESIAN_POINT('',(-48.1355357157665,-95.384443326268,13.4310274521925));
#3364=CARTESIAN_POINT('',(-36.1355357157665,-95.384443326268,13.4310274521925));
#3365=CARTESIAN_POINT('',(-48.1355357157665,-95.384443326268,13.4310274521925));
#3366=CARTESIAN_POINT('',(-36.1355357157665,-90.884443326268,13.4310274521925));
#3367=CARTESIAN_POINT('',(-36.1355357157664,-50.884443326268,13.4310274521925));
#3368=CARTESIAN_POINT('',(-48.1355357157665,-90.884443326268,13.4310274521925));
#3369=CARTESIAN_POINT('',(-48.1355357157665,-90.884443326268,13.4310274521925));
#3370=CARTESIAN_POINT('',(-48.1355357157666,-115.384443326268,13.4310274521925));
#3371=CARTESIAN_POINT('',(-48.1355357157665,-110.884443326268,13.4310274521925));
#3372=CARTESIAN_POINT('',(-48.1355357157666,-115.384443326268,13.4310274521925));
#3373=CARTESIAN_POINT('',(-48.1355357157666,-115.384443326268,13.4310274521925));
#3374=CARTESIAN_POINT('',(-36.1355357157664,-115.384443326268,13.4310274521925));
#3375=CARTESIAN_POINT('',(-36.1355357157664,-115.384443326268,13.4310274521925));
#3376=CARTESIAN_POINT('',(-36.1355357157664,-110.884443326268,13.4310274521925));
#3377=CARTESIAN_POINT('',(-36.1355357157664,-50.884443326268,13.4310274521925));
#3378=CARTESIAN_POINT('',(-48.1355357157665,-110.884443326268,13.4310274521925));
#3379=CARTESIAN_POINT('',(-48.1355357157666,-50.884443326268,13.4310274521925));
#3380=CARTESIAN_POINT('',(-48.1355357157665,-55.384443326268,13.4310274521925));
#3381=CARTESIAN_POINT('',(-48.1355357157666,-115.384443326268,13.4310274521925));
#3382=CARTESIAN_POINT('',(-36.1355357157665,-55.384443326268,13.4310274521925));
#3383=CARTESIAN_POINT('',(-48.1355357157665,-55.384443326268,13.4310274521925));
#3384=CARTESIAN_POINT('',(-36.1355357157664,-50.884443326268,13.4310274521925));
#3385=CARTESIAN_POINT('',(-36.1355357157664,-50.884443326268,13.4310274521925));
#3386=CARTESIAN_POINT('',(-48.1355357157666,-50.884443326268,13.4310274521925));
#3387=CARTESIAN_POINT('Origin',(-25.1355357157664,-48.884443326268,15.4310274521925));
#3388=CARTESIAN_POINT('Origin',(-23.1355357157664,-119.384443326268,15.4310274521925));
#3389=CARTESIAN_POINT('Origin',(-48.1355357157666,-70.884443326268,15.4310274521925));
#3390=CARTESIAN_POINT('',(-48.1355357157665,-75.384443326268,15.4310274521925));
#3391=CARTESIAN_POINT('',(-48.1355357157665,-70.884443326268,15.4310274521925));
#3392=CARTESIAN_POINT('Origin',(-36.1355357157665,-70.884443326268,15.4310274521925));
#3393=CARTESIAN_POINT('',(-36.1355357157665,-70.884443326268,15.4310274521925));
#3394=CARTESIAN_POINT('Origin',(-36.1355357157664,-75.384443326268,15.4310274521925));
#3395=CARTESIAN_POINT('',(-36.1355357157665,-75.384443326268,15.4310274521925));
#3396=CARTESIAN_POINT('Origin',(-48.1355357157665,-75.384443326268,15.4310274521925));
#3397=CARTESIAN_POINT('Origin',(-48.1355357157666,-100.884443326268,15.4310274521925));
#3398=CARTESIAN_POINT('',(-48.1355357157665,-105.384443326268,15.4310274521925));
#3399=CARTESIAN_POINT('',(-48.1355357157665,-100.884443326268,15.4310274521925));
#3400=CARTESIAN_POINT('Origin',(-36.1355357157665,-100.884443326268,15.4310274521925));
#3401=CARTESIAN_POINT('',(-36.1355357157665,-100.884443326268,15.4310274521925));
#3402=CARTESIAN_POINT('Origin',(-36.1355357157664,-105.384443326268,15.4310274521925));
#3403=CARTESIAN_POINT('',(-36.1355357157665,-105.384443326268,15.4310274521925));
#3404=CARTESIAN_POINT('Origin',(-48.1355357157665,-105.384443326268,15.4310274521925));
#3405=CARTESIAN_POINT('Origin',(-48.1355357157666,-80.884443326268,15.4310274521925));
#3406=CARTESIAN_POINT('',(-48.1355357157665,-85.384443326268,15.4310274521925));
#3407=CARTESIAN_POINT('',(-48.1355357157665,-80.884443326268,15.4310274521925));
#3408=CARTESIAN_POINT('Origin',(-36.1355357157665,-80.884443326268,15.4310274521925));
#3409=CARTESIAN_POINT('',(-36.1355357157665,-80.884443326268,15.4310274521925));
#3410=CARTESIAN_POINT('Origin',(-36.1355357157664,-85.384443326268,15.4310274521925));
#3411=CARTESIAN_POINT('',(-36.1355357157665,-85.384443326268,15.4310274521925));
#3412=CARTESIAN_POINT('Origin',(-48.1355357157665,-85.384443326268,15.4310274521925));
#3413=CARTESIAN_POINT('Origin',(-48.1355357157666,-60.884443326268,15.4310274521925));
#3414=CARTESIAN_POINT('',(-48.1355357157665,-65.384443326268,15.4310274521925));
#3415=CARTESIAN_POINT('',(-48.1355357157666,-60.884443326268,15.4310274521925));
#3416=CARTESIAN_POINT('Origin',(-36.1355357157665,-60.884443326268,15.4310274521925));
#3417=CARTESIAN_POINT('',(-36.1355357157665,-60.884443326268,15.4310274521925));
#3418=CARTESIAN_POINT('Origin',(-36.1355357157664,-65.384443326268,15.4310274521925));
#3419=CARTESIAN_POINT('',(-36.1355357157665,-65.384443326268,15.4310274521925));
#3420=CARTESIAN_POINT('Origin',(-48.1355357157665,-65.384443326268,15.4310274521925));
#3421=CARTESIAN_POINT('Origin',(-48.1355357157666,-90.884443326268,15.4310274521925));
#3422=CARTESIAN_POINT('',(-48.1355357157665,-95.384443326268,15.4310274521925));
#3423=CARTESIAN_POINT('',(-48.1355357157665,-90.884443326268,15.4310274521925));
#3424=CARTESIAN_POINT('Origin',(-36.1355357157665,-90.884443326268,15.4310274521925));
#3425=CARTESIAN_POINT('',(-36.1355357157665,-90.884443326268,15.4310274521925));
#3426=CARTESIAN_POINT('Origin',(-36.1355357157664,-95.384443326268,15.4310274521925));
#3427=CARTESIAN_POINT('',(-36.1355357157665,-95.384443326268,15.4310274521925));
#3428=CARTESIAN_POINT('Origin',(-48.1355357157665,-95.384443326268,15.4310274521925));
#3429=CARTESIAN_POINT('Origin',(-36.1355357157664,-110.884443326268,15.4310274521925));
#3430=CARTESIAN_POINT('',(-48.1355357157665,-110.884443326268,15.4310274521925));
#3431=CARTESIAN_POINT('',(-36.1355357157664,-110.884443326268,15.4310274521925));
#3432=CARTESIAN_POINT('Origin',(-36.1355357157664,-115.384443326268,15.4310274521925));
#3433=CARTESIAN_POINT('',(-36.1355357157664,-115.384443326268,15.4310274521925));
#3434=CARTESIAN_POINT('Origin',(-48.1355357157666,-115.384443326268,15.4310274521925));
#3435=CARTESIAN_POINT('',(-48.1355357157666,-115.384443326268,15.4310274521925));
#3436=CARTESIAN_POINT('Origin',(-48.1355357157666,-110.884443326268,15.4310274521925));
#3437=CARTESIAN_POINT('Origin',(-36.1355357157664,-50.884443326268,15.4310274521925));
#3438=CARTESIAN_POINT('',(-48.1355357157666,-50.884443326268,15.4310274521925));
#3439=CARTESIAN_POINT('',(-36.1355357157664,-50.884443326268,15.4310274521925));
#3440=CARTESIAN_POINT('Origin',(-36.1355357157664,-55.384443326268,15.4310274521925));
#3441=CARTESIAN_POINT('',(-36.1355357157665,-55.384443326268,15.4310274521925));
#3442=CARTESIAN_POINT('Origin',(-48.1355357157665,-55.384443326268,15.4310274521925));
#3443=CARTESIAN_POINT('',(-48.1355357157665,-55.384443326268,15.4310274521925));
#3444=CARTESIAN_POINT('Origin',(-48.1355357157666,-50.884443326268,15.4310274521925));
#3445=CARTESIAN_POINT('Origin',(28.7613286508157,-162.514850393752,23.5));
#3446=CARTESIAN_POINT('',(28.7613286508157,-152.514850393752,20.5));
#3447=CARTESIAN_POINT('',(28.7613286508157,-148.014850393752,23.5));
#3448=CARTESIAN_POINT('Origin',(1.76132865081573,-152.514850393752,17.5));
#3449=CARTESIAN_POINT('',(16.7613286508157,-152.514850393752,20.5));
#3450=CARTESIAN_POINT('Origin',(1.76132865081572,-158.014850393752,17.5));
#3451=CARTESIAN_POINT('',(28.7613286508157,-158.014850393752,23.5));
#3452=CARTESIAN_POINT('',(16.7613286508157,-158.014850393752,20.5));
#3453=CARTESIAN_POINT('Origin',(28.7613286508157,-162.514850393752,23.5));
#3454=CARTESIAN_POINT('',(28.7613286508157,-162.514850393752,20.5));
#3455=CARTESIAN_POINT('Origin',(22.7613286508157,-162.514850393752,17.5));
#3456=CARTESIAN_POINT('',(16.7613286508157,-162.514850393752,20.5));
#3457=CARTESIAN_POINT('Origin',(7.76132865081573,-152.514850393752,23.5));
#3458=CARTESIAN_POINT('',(7.76132865081573,-152.514850393752,20.5));
#3459=CARTESIAN_POINT('',(7.76132865081574,-148.014850393752,20.5));
#3460=CARTESIAN_POINT('Origin',(1.76132865081573,-152.514850393752,17.5));
#3461=CARTESIAN_POINT('',(-4.23867134918426,-152.514850393752,14.5));
#3462=CARTESIAN_POINT('Origin',(-4.23867134918426,-152.514850393752,11.5));
#3463=CARTESIAN_POINT('',(-4.23867134918425,-148.014850393752,14.5));
#3464=CARTESIAN_POINT('Origin',(-4.23867134918428,-162.514850393752,11.5));
#3465=CARTESIAN_POINT('',(-4.23867134918428,-158.014850393752,14.5));
#3466=CARTESIAN_POINT('',(-4.23867134918429,-162.514850393752,14.5));
#3467=CARTESIAN_POINT('Origin',(22.7613286508157,-162.514850393752,17.5));
#3468=CARTESIAN_POINT('',(7.76132865081571,-162.514850393752,20.5));
#3469=CARTESIAN_POINT('Origin',(7.76132865081572,-158.014850393752,11.5));
#3470=CARTESIAN_POINT('',(16.7613286508157,-158.014850393752,11.5));
#3471=CARTESIAN_POINT('',(16.7613286508157,-158.014850393752,23.5));
#3472=CARTESIAN_POINT('',(7.76132865081572,-158.014850393752,11.5));
#3473=CARTESIAN_POINT('',(7.76132865081572,-158.014850393752,11.5));
#3474=CARTESIAN_POINT('',(7.76132865081572,-158.014850393752,20.5));
#3475=CARTESIAN_POINT('Origin',(7.7613286508157,-162.514850393752,23.5));
#3476=CARTESIAN_POINT('',(7.76132865081571,-162.514850393752,11.5));
#3477=CARTESIAN_POINT('',(7.7613286508157,-162.514850393752,23.5));
#3478=CARTESIAN_POINT('',(16.7613286508157,-162.514850393752,11.5));
#3479=CARTESIAN_POINT('',(7.76132865081571,-162.514850393752,11.5));
#3480=CARTESIAN_POINT('',(16.7613286508157,-162.514850393752,20.5));
#3481=CARTESIAN_POINT('Origin',(7.76132865081571,-162.514850393752,11.5));
#3482=CARTESIAN_POINT('',(7.76132865081571,-162.514850393752,11.5));
#3483=CARTESIAN_POINT('',(16.7613286508157,-162.514850393752,11.5));
#3484=CARTESIAN_POINT('Origin',(16.7613286508157,-162.514850393752,23.5));
#3485=CARTESIAN_POINT('Origin',(7.7613286508157,-162.514850393752,23.5));
#3486=CARTESIAN_POINT('',(7.76132865081572,-158.014850393752,20.5));
#3487=CARTESIAN_POINT('Origin',(1.76132865081572,-158.014850393752,17.5));
#3488=CARTESIAN_POINT('Origin',(16.7613286508157,-152.514850393752,23.5));
#3489=CARTESIAN_POINT('',(16.7613286508157,-148.014850393752,20.5));
#3490=CARTESIAN_POINT('Origin',(1.76132865081574,-148.014850393752,17.5));
#3491=CARTESIAN_POINT('Origin',(22.7613286508156,-205.178850393752,17.5));
#3492=CARTESIAN_POINT('Origin',(1.76132865081574,-148.014850393752,17.5));
#3493=CARTESIAN_POINT('Origin',(113.928787953898,108.246972542767,29.94));
#3494=CARTESIAN_POINT('',(113.928787953898,74.7469725427666,29.94));
#3495=CARTESIAN_POINT('',(113.928787953898,108.246972542767,29.94));
#3496=CARTESIAN_POINT('Origin',(113.928787953898,74.7469725427666,29.94));
#3497=CARTESIAN_POINT('',(87.3287879538979,74.7469725427666,29.94));
#3498=CARTESIAN_POINT('Origin',(87.3287879538979,74.7469725427666,29.94));
#3499=CARTESIAN_POINT('',(87.3287879538979,108.246972542767,29.94));
#3500=CARTESIAN_POINT('Origin',(87.3287879538979,108.246972542767,29.94));
#3501=CARTESIAN_POINT('Origin',(74.0287879538978,31.2469725427666,29.94));
#3502=CARTESIAN_POINT('',(47.4287879538979,31.2469725427666,29.94));
#3503=CARTESIAN_POINT('',(74.0287879538978,31.2469725427666,29.94));
#3504=CARTESIAN_POINT('Origin',(47.4287879538979,31.2469725427666,29.94));
#3505=CARTESIAN_POINT('',(47.4287879538979,64.7469725427666,29.94));
#3506=CARTESIAN_POINT('Origin',(47.4287879538979,64.7469725427666,29.94));
#3507=CARTESIAN_POINT('',(74.0287879538978,64.7469725427666,29.94));
#3508=CARTESIAN_POINT('Origin',(74.0287879538978,64.7469725427666,29.94));
#3509=CARTESIAN_POINT('Origin',(19.9787879538978,108.246972542767,29.94));
#3510=CARTESIAN_POINT('',(19.9787879538978,74.7469725427666,29.94));
#3511=CARTESIAN_POINT('',(19.9787879538978,108.246972542767,29.94));
#3512=CARTESIAN_POINT('Origin',(19.9787879538978,74.7469725427666,29.94));
#3513=CARTESIAN_POINT('',(-6.62121204610216,74.7469725427666,29.94));
#3514=CARTESIAN_POINT('Origin',(-6.62121204610216,74.7469725427666,29.94));
#3515=CARTESIAN_POINT('',(-6.62121204610216,108.246972542767,29.94));
#3516=CARTESIAN_POINT('Origin',(-6.62121204610216,108.246972542767,29.94));
#3517=CARTESIAN_POINT('Origin',(-19.9212120461022,74.7469725427666,29.94));
#3518=CARTESIAN_POINT('',(-46.5212120461022,74.7469725427666,29.94));
#3519=CARTESIAN_POINT('',(-19.9212120461022,74.7469725427666,29.94));
#3520=CARTESIAN_POINT('Origin',(-46.5212120461022,74.7469725427666,29.94));
#3521=CARTESIAN_POINT('',(-46.5212120461022,108.246972542767,29.94));
#3522=CARTESIAN_POINT('Origin',(-46.5212120461022,108.246972542767,29.94));
#3523=CARTESIAN_POINT('',(-19.9212120461022,108.246972542767,29.94));
#3524=CARTESIAN_POINT('Origin',(-19.9212120461022,108.246972542767,29.94));
#3525=CARTESIAN_POINT('',(0.,0.,0.));
#3526=UNCERTAINTY_MEASURE_WITH_UNIT(LENGTH_MEASURE(0.01),#3532,
'DISTANCE_ACCURACY_VALUE',
'Maximum model space distance between geometric entities at asserted c
onnectivities');
#3527=UNCERTAINTY_MEASURE_WITH_UNIT(LENGTH_MEASURE(0.01),#3532,
'DISTANCE_ACCURACY_VALUE',
'Maximum model space distance between geometric entities at asserted c
onnectivities');
#3528=UNCERTAINTY_MEASURE_WITH_UNIT(LENGTH_MEASURE(0.01),#3532,
'DISTANCE_ACCURACY_VALUE',
'Maximum model space distance between geometric entities at asserted c
onnectivities');
#3529=(
GEOMETRIC_REPRESENTATION_CONTEXT(3)
GLOBAL_UNCERTAINTY_ASSIGNED_CONTEXT((#3526))
GLOBAL_UNIT_ASSIGNED_CONTEXT((#3532,#3534,#3535))
REPRESENTATION_CONTEXT('','3D')
);
#3530=(
GEOMETRIC_REPRESENTATION_CONTEXT(3)
GLOBAL_UNCERTAINTY_ASSIGNED_CONTEXT((#3527))
GLOBAL_UNIT_ASSIGNED_CONTEXT((#3532,#3534,#3535))
REPRESENTATION_CONTEXT('','3D')
);
#3531=(
GEOMETRIC_REPRESENTATION_CONTEXT(3)
GLOBAL_UNCERTAINTY_ASSIGNED_CONTEXT((#3528))
GLOBAL_UNIT_ASSIGNED_CONTEXT((#3532,#3534,#3535))
REPRESENTATION_CONTEXT('','3D')
);
#3532=(
LENGTH_UNIT()
NAMED_UNIT(*)
SI_UNIT(.MILLI.,.METRE.)
);
#3533=(
LENGTH_UNIT()
NAMED_UNIT(*)
SI_UNIT($,.METRE.)
);
#3534=(
NAMED_UNIT(*)
PLANE_ANGLE_UNIT()
SI_UNIT($,.RADIAN.)
);
#3535=(
NAMED_UNIT(*)
SI_UNIT($,.STERADIAN.)
SOLID_ANGLE_UNIT()
);
#3536=SHAPE_DEFINITION_REPRESENTATION(#3538,#3541);
#3537=SHAPE_DEFINITION_REPRESENTATION(#3539,#3542);
#3538=PRODUCT_DEFINITION_SHAPE('',$,#3544);
#3539=PRODUCT_DEFINITION_SHAPE('',$,#3545);
#3540=PRODUCT_DEFINITION_SHAPE($,$,#14);
#3541=SHAPE_REPRESENTATION('',(#2274,#2381),#3529);
#3542=SHAPE_REPRESENTATION('',(#2275),#3530);
#3543=PRODUCT_DEFINITION_CONTEXT('part definition',#3551,'design');
#3544=PRODUCT_DEFINITION('smart home','smart home v5',#3546,#3543);
#3545=PRODUCT_DEFINITION('lid','lid',#3547,#3543);
#3546=PRODUCT_DEFINITION_FORMATION('',$,#3553);
#3547=PRODUCT_DEFINITION_FORMATION('',$,#3554);
#3548=PRODUCT_RELATED_PRODUCT_CATEGORY('smart home v5','smart home v5',
(#3553));
#3549=PRODUCT_RELATED_PRODUCT_CATEGORY('lid','lid',(#3554));
#3550=APPLICATION_PROTOCOL_DEFINITION('international standard',
'automotive_design',2009,#3551);
#3551=APPLICATION_CONTEXT(
'Core Data for Automotive Mechanical Design Process');
#3552=PRODUCT_CONTEXT('part definition',#3551,'mechanical');
#3553=PRODUCT('smart home','smart home v5',$,(#3552));
#3554=PRODUCT('lid','lid',$,(#3552));
#3555=PRESENTATION_STYLE_ASSIGNMENT((#3556));
#3556=SURFACE_STYLE_USAGE(.BOTH.,#3557);
#3557=SURFACE_SIDE_STYLE('',(#3558));
#3558=SURFACE_STYLE_FILL_AREA(#3559);
#3559=FILL_AREA_STYLE('Steel - Satin',(#3560));
#3560=FILL_AREA_STYLE_COLOUR('Steel - Satin',#3561);
#3561=COLOUR_RGB('Steel - Satin',0.627450980392157,0.627450980392157,0.627450980392157);
ENDSEC;
END-ISO-10303-21;
